"","year","sex","age_group","cod","race_eth","deaths"
"1",1999,"female","0-4","all_cause","black",245
"2",1999,"female","0-4","all_cause","hispanic",703
"3",1999,"female","0-4","all_cause","white",446
"4",1999,"male","0-4","all_cause","black",266
"5",1999,"male","0-4","all_cause","hispanic",878
"6",1999,"male","0-4","all_cause","white",569
"7",1999,"female","10-14","all_cause","black",27
"8",1999,"female","10-14","all_cause","hispanic",63
"9",1999,"female","10-14","all_cause","white",60
"10",1999,"male","10-14","all_cause","black",31
"11",1999,"male","10-14","all_cause","hispanic",104
"12",1999,"male","10-14","all_cause","white",113
"13",1999,"female","15-19","all_cause","black",37
"14",1999,"female","15-19","all_cause","hispanic",128
"15",1999,"female","15-19","all_cause","white",156
"16",1999,"male","15-19","all_cause","black",121
"17",1999,"male","15-19","all_cause","hispanic",422
"18",1999,"male","15-19","all_cause","white",321
"19",1999,"female","20-24","all_cause","black",50
"20",1999,"female","20-24","all_cause","hispanic",137
"21",1999,"female","20-24","all_cause","white",179
"22",1999,"male","20-24","all_cause","black",191
"23",1999,"male","20-24","all_cause","hispanic",613
"24",1999,"male","20-24","all_cause","white",476
"25",1999,"female","25-29","all_cause","black",65
"26",1999,"female","25-29","all_cause","hispanic",167
"27",1999,"female","25-29","all_cause","white",230
"28",1999,"male","25-29","all_cause","black",180
"29",1999,"male","25-29","all_cause","hispanic",574
"30",1999,"male","25-29","all_cause","white",504
"31",1999,"female","30-34","all_cause","black",102
"32",1999,"female","30-34","all_cause","hispanic",202
"33",1999,"female","30-34","all_cause","white",371
"34",1999,"male","30-34","all_cause","black",202
"35",1999,"male","30-34","all_cause","hispanic",610
"36",1999,"male","30-34","all_cause","white",802
"37",1999,"female","35-39","all_cause","black",213
"38",1999,"female","35-39","all_cause","hispanic",262
"39",1999,"female","35-39","all_cause","white",685
"40",1999,"male","35-39","all_cause","black",305
"41",1999,"male","35-39","all_cause","hispanic",706
"42",1999,"male","35-39","all_cause","white",1334
"43",1999,"female","40-44","all_cause","black",305
"44",1999,"female","40-44","all_cause","hispanic",368
"45",1999,"female","40-44","all_cause","white",1081
"46",1999,"male","40-44","all_cause","black",467
"47",1999,"male","40-44","all_cause","hispanic",795
"48",1999,"male","40-44","all_cause","white",1991
"49",1999,"female","45-49","all_cause","black",398
"50",1999,"female","45-49","all_cause","hispanic",436
"51",1999,"female","45-49","all_cause","white",1644
"52",1999,"male","45-49","all_cause","black",596
"53",1999,"male","45-49","all_cause","hispanic",918
"54",1999,"male","45-49","all_cause","white",2831
"55",1999,"female","5-9","all_cause","black",25
"56",1999,"female","5-9","all_cause","hispanic",70
"57",1999,"female","5-9","all_cause","white",58
"58",1999,"male","5-9","all_cause","black",26
"59",1999,"male","5-9","all_cause","hispanic",76
"60",1999,"male","5-9","all_cause","white",70
"61",1999,"female","50-54","all_cause","black",420
"62",1999,"female","50-54","all_cause","hispanic",504
"63",1999,"female","50-54","all_cause","white",2084
"64",1999,"male","50-54","all_cause","black",657
"65",1999,"male","50-54","all_cause","hispanic",865
"66",1999,"male","50-54","all_cause","white",3436
"67",1999,"female","55-59","all_cause","black",506
"68",1999,"female","55-59","all_cause","hispanic",595
"69",1999,"female","55-59","all_cause","white",2648
"70",1999,"male","55-59","all_cause","black",677
"71",1999,"male","55-59","all_cause","hispanic",847
"72",1999,"male","55-59","all_cause","white",3974
"73",1999,"female","60-64","all_cause","black",599
"74",1999,"female","60-64","all_cause","hispanic",743
"75",1999,"female","60-64","all_cause","white",3533
"76",1999,"male","60-64","all_cause","black",850
"77",1999,"male","60-64","all_cause","hispanic",1051
"78",1999,"male","60-64","all_cause","white",4801
"79",1999,"female","65-69","all_cause","black",764
"80",1999,"female","65-69","all_cause","hispanic",1122
"81",1999,"female","65-69","all_cause","white",5083
"82",1999,"male","65-69","all_cause","black",814
"83",1999,"male","65-69","all_cause","hispanic",1354
"84",1999,"male","65-69","all_cause","white",6721
"85",1999,"female","70-74","all_cause","black",928
"86",1999,"female","70-74","all_cause","hispanic",1330
"87",1999,"female","70-74","all_cause","white",8092
"88",1999,"male","70-74","all_cause","black",980
"89",1999,"male","70-74","all_cause","hispanic",1545
"90",1999,"male","70-74","all_cause","white",9959
"91",1999,"female","75-79","all_cause","black",1110
"92",1999,"female","75-79","all_cause","hispanic",1375
"93",1999,"female","75-79","all_cause","white",12207
"94",1999,"male","75-79","all_cause","black",1057
"95",1999,"male","75-79","all_cause","hispanic",1640
"96",1999,"male","75-79","all_cause","white",12900
"97",1999,"female","80-84","all_cause","black",1056
"98",1999,"female","80-84","all_cause","hispanic",1402
"99",1999,"female","80-84","all_cause","white",14547
"100",1999,"male","80-84","all_cause","black",814
"101",1999,"male","80-84","all_cause","hispanic",1130
"102",1999,"male","80-84","all_cause","white",13255
"103",1999,"female","85-89","all_cause","black",931
"104",1999,"female","85-89","all_cause","hispanic",1300
"105",1999,"female","85-89","all_cause","white",15547
"106",1999,"male","85-89","all_cause","black",552
"107",1999,"male","85-89","all_cause","hispanic",826
"108",1999,"male","85-89","all_cause","white",10166
"109",1999,"female","90+","all_cause","black",956
"110",1999,"female","90+","all_cause","hispanic",1390
"111",1999,"female","90+","all_cause","white",18243
"112",1999,"male","90+","all_cause","black",349
"113",1999,"male","90+","all_cause","hispanic",693
"114",1999,"male","90+","all_cause","white",6971
"115",2000,"female","0-4","all_cause","black",225
"116",2000,"female","0-4","all_cause","hispanic",743
"117",2000,"female","0-4","all_cause","white",456
"118",2000,"male","0-4","all_cause","black",274
"119",2000,"male","0-4","all_cause","hispanic",898
"120",2000,"male","0-4","all_cause","white",555
"121",2000,"female","10-14","all_cause","black",20
"122",2000,"female","10-14","all_cause","hispanic",69
"123",2000,"female","10-14","all_cause","white",69
"124",2000,"male","10-14","all_cause","black",34
"125",2000,"male","10-14","all_cause","hispanic",113
"126",2000,"male","10-14","all_cause","white",123
"127",2000,"female","15-19","all_cause","black",34
"128",2000,"female","15-19","all_cause","hispanic",115
"129",2000,"female","15-19","all_cause","white",137
"130",2000,"male","15-19","all_cause","black",150
"131",2000,"male","15-19","all_cause","hispanic",443
"132",2000,"male","15-19","all_cause","white",304
"133",2000,"female","20-24","all_cause","black",49
"134",2000,"female","20-24","all_cause","hispanic",152
"135",2000,"female","20-24","all_cause","white",162
"136",2000,"male","20-24","all_cause","black",222
"137",2000,"male","20-24","all_cause","hispanic",582
"138",2000,"male","20-24","all_cause","white",482
"139",2000,"female","25-29","all_cause","black",75
"140",2000,"female","25-29","all_cause","hispanic",161
"141",2000,"female","25-29","all_cause","white",193
"142",2000,"male","25-29","all_cause","black",206
"143",2000,"male","25-29","all_cause","hispanic",518
"144",2000,"male","25-29","all_cause","white",512
"145",2000,"female","30-34","all_cause","black",89
"146",2000,"female","30-34","all_cause","hispanic",187
"147",2000,"female","30-34","all_cause","white",334
"148",2000,"male","30-34","all_cause","black",231
"149",2000,"male","30-34","all_cause","hispanic",617
"150",2000,"male","30-34","all_cause","white",773
"151",2000,"female","35-39","all_cause","black",186
"152",2000,"female","35-39","all_cause","hispanic",311
"153",2000,"female","35-39","all_cause","white",655
"154",2000,"male","35-39","all_cause","black",307
"155",2000,"male","35-39","all_cause","hispanic",700
"156",2000,"male","35-39","all_cause","white",1280
"157",2000,"female","40-44","all_cause","black",319
"158",2000,"female","40-44","all_cause","hispanic",417
"159",2000,"female","40-44","all_cause","white",1144
"160",2000,"male","40-44","all_cause","black",472
"161",2000,"male","40-44","all_cause","hispanic",836
"162",2000,"male","40-44","all_cause","white",1971
"163",2000,"female","45-49","all_cause","black",403
"164",2000,"female","45-49","all_cause","hispanic",464
"165",2000,"female","45-49","all_cause","white",1518
"166",2000,"male","45-49","all_cause","black",590
"167",2000,"male","45-49","all_cause","hispanic",961
"168",2000,"male","45-49","all_cause","white",2763
"169",2000,"female","5-9","all_cause","black",23
"170",2000,"female","5-9","all_cause","hispanic",79
"171",2000,"female","5-9","all_cause","white",58
"172",2000,"male","5-9","all_cause","black",26
"173",2000,"male","5-9","all_cause","hispanic",94
"174",2000,"male","5-9","all_cause","white",61
"175",2000,"female","50-54","all_cause","black",460
"176",2000,"female","50-54","all_cause","hispanic",538
"177",2000,"female","50-54","all_cause","white",2218
"178",2000,"male","50-54","all_cause","black",665
"179",2000,"male","50-54","all_cause","hispanic",909
"180",2000,"male","50-54","all_cause","white",3580
"181",2000,"female","55-59","all_cause","black",537
"182",2000,"female","55-59","all_cause","hispanic",625
"183",2000,"female","55-59","all_cause","white",2688
"184",2000,"male","55-59","all_cause","black",694
"185",2000,"male","55-59","all_cause","hispanic",938
"186",2000,"male","55-59","all_cause","white",4097
"187",2000,"female","60-64","all_cause","black",598
"188",2000,"female","60-64","all_cause","hispanic",765
"189",2000,"female","60-64","all_cause","white",3419
"190",2000,"male","60-64","all_cause","black",756
"191",2000,"male","60-64","all_cause","hispanic",1114
"192",2000,"male","60-64","all_cause","white",4766
"193",2000,"female","65-69","all_cause","black",728
"194",2000,"female","65-69","all_cause","hispanic",977
"195",2000,"female","65-69","all_cause","white",4962
"196",2000,"male","65-69","all_cause","black",862
"197",2000,"male","65-69","all_cause","hispanic",1238
"198",2000,"male","65-69","all_cause","white",6389
"199",2000,"female","70-74","all_cause","black",826
"200",2000,"female","70-74","all_cause","hispanic",1321
"201",2000,"female","70-74","all_cause","white",7751
"202",2000,"male","70-74","all_cause","black",976
"203",2000,"male","70-74","all_cause","hispanic",1681
"204",2000,"male","70-74","all_cause","white",9346
"205",2000,"female","75-79","all_cause","black",1007
"206",2000,"female","75-79","all_cause","hispanic",1469
"207",2000,"female","75-79","all_cause","white",12283
"208",2000,"male","75-79","all_cause","black",1003
"209",2000,"male","75-79","all_cause","hispanic",1616
"210",2000,"male","75-79","all_cause","white",12712
"211",2000,"female","80-84","all_cause","black",1009
"212",2000,"female","80-84","all_cause","hispanic",1410
"213",2000,"female","80-84","all_cause","white",14614
"214",2000,"male","80-84","all_cause","black",776
"215",2000,"male","80-84","all_cause","hispanic",1214
"216",2000,"male","80-84","all_cause","white",13251
"217",2000,"female","85-89","all_cause","black",937
"218",2000,"female","85-89","all_cause","hispanic",1327
"219",2000,"female","85-89","all_cause","white",15482
"220",2000,"male","85-89","all_cause","black",551
"221",2000,"male","85-89","all_cause","hispanic",864
"222",2000,"male","85-89","all_cause","white",10596
"223",2000,"female","90+","all_cause","black",969
"224",2000,"female","90+","all_cause","hispanic",1468
"225",2000,"female","90+","all_cause","white",18295
"226",2000,"male","90+","all_cause","black",375
"227",2000,"male","90+","all_cause","hispanic",739
"228",2000,"male","90+","all_cause","white",7139
"229",2001,"female","0-4","all_cause","black",235
"230",2001,"female","0-4","all_cause","hispanic",697
"231",2001,"female","0-4","all_cause","white",438
"232",2001,"male","0-4","all_cause","black",256
"233",2001,"male","0-4","all_cause","hispanic",861
"234",2001,"male","0-4","all_cause","white",579
"235",2001,"female","10-14","all_cause","black",19
"236",2001,"female","10-14","all_cause","hispanic",77
"237",2001,"female","10-14","all_cause","white",64
"238",2001,"male","10-14","all_cause","black",33
"239",2001,"male","10-14","all_cause","hispanic",77
"240",2001,"male","10-14","all_cause","white",98
"241",2001,"female","15-19","all_cause","black",39
"242",2001,"female","15-19","all_cause","hispanic",126
"243",2001,"female","15-19","all_cause","white",163
"244",2001,"male","15-19","all_cause","black",144
"245",2001,"male","15-19","all_cause","hispanic",482
"246",2001,"male","15-19","all_cause","white",365
"247",2001,"female","20-24","all_cause","black",47
"248",2001,"female","20-24","all_cause","hispanic",176
"249",2001,"female","20-24","all_cause","white",198
"250",2001,"male","20-24","all_cause","black",221
"251",2001,"male","20-24","all_cause","hispanic",679
"252",2001,"male","20-24","all_cause","white",523
"253",2001,"female","25-29","all_cause","black",88
"254",2001,"female","25-29","all_cause","hispanic",175
"255",2001,"female","25-29","all_cause","white",193
"256",2001,"male","25-29","all_cause","black",205
"257",2001,"male","25-29","all_cause","hispanic",578
"258",2001,"male","25-29","all_cause","white",551
"259",2001,"female","30-34","all_cause","black",111
"260",2001,"female","30-34","all_cause","hispanic",216
"261",2001,"female","30-34","all_cause","white",358
"262",2001,"male","30-34","all_cause","black",234
"263",2001,"male","30-34","all_cause","hispanic",590
"264",2001,"male","30-34","all_cause","white",747
"265",2001,"female","35-39","all_cause","black",189
"266",2001,"female","35-39","all_cause","hispanic",339
"267",2001,"female","35-39","all_cause","white",689
"268",2001,"male","35-39","all_cause","black",306
"269",2001,"male","35-39","all_cause","hispanic",740
"270",2001,"male","35-39","all_cause","white",1225
"271",2001,"female","40-44","all_cause","black",296
"272",2001,"female","40-44","all_cause","hispanic",415
"273",2001,"female","40-44","all_cause","white",1114
"274",2001,"male","40-44","all_cause","black",456
"275",2001,"male","40-44","all_cause","hispanic",858
"276",2001,"male","40-44","all_cause","white",2018
"277",2001,"female","45-49","all_cause","black",446
"278",2001,"female","45-49","all_cause","hispanic",527
"279",2001,"female","45-49","all_cause","white",1605
"280",2001,"male","45-49","all_cause","black",600
"281",2001,"male","45-49","all_cause","hispanic",1008
"282",2001,"male","45-49","all_cause","white",2880
"283",2001,"female","5-9","all_cause","black",18
"284",2001,"female","5-9","all_cause","hispanic",64
"285",2001,"female","5-9","all_cause","white",62
"286",2001,"male","5-9","all_cause","black",27
"287",2001,"male","5-9","all_cause","hispanic",88
"288",2001,"male","5-9","all_cause","white",78
"289",2001,"female","50-54","all_cause","black",542
"290",2001,"female","50-54","all_cause","hispanic",636
"291",2001,"female","50-54","all_cause","white",2324
"292",2001,"male","50-54","all_cause","black",732
"293",2001,"male","50-54","all_cause","hispanic",1060
"294",2001,"male","50-54","all_cause","white",3742
"295",2001,"female","55-59","all_cause","black",534
"296",2001,"female","55-59","all_cause","hispanic",631
"297",2001,"female","55-59","all_cause","white",2738
"298",2001,"male","55-59","all_cause","black",694
"299",2001,"male","55-59","all_cause","hispanic",989
"300",2001,"male","55-59","all_cause","white",4237
"301",2001,"female","60-64","all_cause","black",588
"302",2001,"female","60-64","all_cause","hispanic",795
"303",2001,"female","60-64","all_cause","white",3480
"304",2001,"male","60-64","all_cause","black",809
"305",2001,"male","60-64","all_cause","hispanic",1093
"306",2001,"male","60-64","all_cause","white",4966
"307",2001,"female","65-69","all_cause","black",739
"308",2001,"female","65-69","all_cause","hispanic",1068
"309",2001,"female","65-69","all_cause","white",4917
"310",2001,"male","65-69","all_cause","black",960
"311",2001,"male","65-69","all_cause","hispanic",1346
"312",2001,"male","65-69","all_cause","white",6303
"313",2001,"female","70-74","all_cause","black",822
"314",2001,"female","70-74","all_cause","hispanic",1437
"315",2001,"female","70-74","all_cause","white",7540
"316",2001,"male","70-74","all_cause","black",967
"317",2001,"male","70-74","all_cause","hispanic",1623
"318",2001,"male","70-74","all_cause","white",8982
"319",2001,"female","75-79","all_cause","black",1026
"320",2001,"female","75-79","all_cause","hispanic",1644
"321",2001,"female","75-79","all_cause","white",12028
"322",2001,"male","75-79","all_cause","black",995
"323",2001,"male","75-79","all_cause","hispanic",1763
"324",2001,"male","75-79","all_cause","white",12472
"325",2001,"female","80-84","all_cause","black",1064
"326",2001,"female","80-84","all_cause","hispanic",1521
"327",2001,"female","80-84","all_cause","white",14861
"328",2001,"male","80-84","all_cause","black",882
"329",2001,"male","80-84","all_cause","hispanic",1435
"330",2001,"male","80-84","all_cause","white",13415
"331",2001,"female","85-89","all_cause","black",934
"332",2001,"female","85-89","all_cause","hispanic",1391
"333",2001,"female","85-89","all_cause","white",16022
"334",2001,"male","85-89","all_cause","black",545
"335",2001,"male","85-89","all_cause","hispanic",942
"336",2001,"male","85-89","all_cause","white",10918
"337",2001,"female","90+","all_cause","black",1013
"338",2001,"female","90+","all_cause","hispanic",1597
"339",2001,"female","90+","all_cause","white",18419
"340",2001,"male","90+","all_cause","black",395
"341",2001,"male","90+","all_cause","hispanic",757
"342",2001,"male","90+","all_cause","white",7159
"343",2002,"female","0-4","all_cause","black",195
"344",2002,"female","0-4","all_cause","hispanic",741
"345",2002,"female","0-4","all_cause","white",428
"346",2002,"male","0-4","all_cause","black",255
"347",2002,"male","0-4","all_cause","hispanic",891
"348",2002,"male","0-4","all_cause","white",600
"349",2002,"female","10-14","all_cause","black",19
"350",2002,"female","10-14","all_cause","hispanic",71
"351",2002,"female","10-14","all_cause","white",69
"352",2002,"male","10-14","all_cause","black",48
"353",2002,"male","10-14","all_cause","hispanic",97
"354",2002,"male","10-14","all_cause","white",92
"355",2002,"female","15-19","all_cause","black",35
"356",2002,"female","15-19","all_cause","hispanic",137
"357",2002,"female","15-19","all_cause","white",187
"358",2002,"male","15-19","all_cause","black",127
"359",2002,"male","15-19","all_cause","hispanic",488
"360",2002,"male","15-19","all_cause","white",369
"361",2002,"female","20-24","all_cause","black",62
"362",2002,"female","20-24","all_cause","hispanic",146
"363",2002,"female","20-24","all_cause","white",189
"364",2002,"male","20-24","all_cause","black",263
"365",2002,"male","20-24","all_cause","hispanic",711
"366",2002,"male","20-24","all_cause","white",515
"367",2002,"female","25-29","all_cause","black",53
"368",2002,"female","25-29","all_cause","hispanic",150
"369",2002,"female","25-29","all_cause","white",201
"370",2002,"male","25-29","all_cause","black",228
"371",2002,"male","25-29","all_cause","hispanic",609
"372",2002,"male","25-29","all_cause","white",483
"373",2002,"female","30-34","all_cause","black",140
"374",2002,"female","30-34","all_cause","hispanic",195
"375",2002,"female","30-34","all_cause","white",378
"376",2002,"male","30-34","all_cause","black",257
"377",2002,"male","30-34","all_cause","hispanic",621
"378",2002,"male","30-34","all_cause","white",706
"379",2002,"female","35-39","all_cause","black",194
"380",2002,"female","35-39","all_cause","hispanic",290
"381",2002,"female","35-39","all_cause","white",623
"382",2002,"male","35-39","all_cause","black",357
"383",2002,"male","35-39","all_cause","hispanic",710
"384",2002,"male","35-39","all_cause","white",1188
"385",2002,"female","40-44","all_cause","black",310
"386",2002,"female","40-44","all_cause","hispanic",415
"387",2002,"female","40-44","all_cause","white",1156
"388",2002,"male","40-44","all_cause","black",439
"389",2002,"male","40-44","all_cause","hispanic",945
"390",2002,"male","40-44","all_cause","white",1998
"391",2002,"female","45-49","all_cause","black",459
"392",2002,"female","45-49","all_cause","hispanic",552
"393",2002,"female","45-49","all_cause","white",1709
"394",2002,"male","45-49","all_cause","black",581
"395",2002,"male","45-49","all_cause","hispanic",1047
"396",2002,"male","45-49","all_cause","white",2886
"397",2002,"female","5-9","all_cause","black",18
"398",2002,"female","5-9","all_cause","hispanic",77
"399",2002,"female","5-9","all_cause","white",49
"400",2002,"male","5-9","all_cause","black",18
"401",2002,"male","5-9","all_cause","hispanic",106
"402",2002,"male","5-9","all_cause","white",61
"403",2002,"female","50-54","all_cause","black",502
"404",2002,"female","50-54","all_cause","hispanic",597
"405",2002,"female","50-54","all_cause","white",2222
"406",2002,"male","50-54","all_cause","black",750
"407",2002,"male","50-54","all_cause","hispanic",1115
"408",2002,"male","50-54","all_cause","white",3733
"409",2002,"female","55-59","all_cause","black",566
"410",2002,"female","55-59","all_cause","hispanic",604
"411",2002,"female","55-59","all_cause","white",2837
"412",2002,"male","55-59","all_cause","black",756
"413",2002,"male","55-59","all_cause","hispanic",1089
"414",2002,"male","55-59","all_cause","white",4461
"415",2002,"female","60-64","all_cause","black",590
"416",2002,"female","60-64","all_cause","hispanic",884
"417",2002,"female","60-64","all_cause","white",3581
"418",2002,"male","60-64","all_cause","black",863
"419",2002,"male","60-64","all_cause","hispanic",1135
"420",2002,"male","60-64","all_cause","white",4994
"421",2002,"female","65-69","all_cause","black",727
"422",2002,"female","65-69","all_cause","hispanic",1034
"423",2002,"female","65-69","all_cause","white",4638
"424",2002,"male","65-69","all_cause","black",903
"425",2002,"male","65-69","all_cause","hispanic",1304
"426",2002,"male","65-69","all_cause","white",6230
"427",2002,"female","70-74","all_cause","black",808
"428",2002,"female","70-74","all_cause","hispanic",1425
"429",2002,"female","70-74","all_cause","white",7331
"430",2002,"male","70-74","all_cause","black",950
"431",2002,"male","70-74","all_cause","hispanic",1649
"432",2002,"male","70-74","all_cause","white",8835
"433",2002,"female","75-79","all_cause","black",1120
"434",2002,"female","75-79","all_cause","hispanic",1665
"435",2002,"female","75-79","all_cause","white",11370
"436",2002,"male","75-79","all_cause","black",1041
"437",2002,"male","75-79","all_cause","hispanic",1759
"438",2002,"male","75-79","all_cause","white",11961
"439",2002,"female","80-84","all_cause","black",1078
"440",2002,"female","80-84","all_cause","hispanic",1678
"441",2002,"female","80-84","all_cause","white",15259
"442",2002,"male","80-84","all_cause","black",878
"443",2002,"male","80-84","all_cause","hispanic",1468
"444",2002,"male","80-84","all_cause","white",13611
"445",2002,"female","85-89","all_cause","black",1001
"446",2002,"female","85-89","all_cause","hispanic",1365
"447",2002,"female","85-89","all_cause","white",15939
"448",2002,"male","85-89","all_cause","black",580
"449",2002,"male","85-89","all_cause","hispanic",960
"450",2002,"male","85-89","all_cause","white",11169
"451",2002,"female","90+","all_cause","black",1034
"452",2002,"female","90+","all_cause","hispanic",1643
"453",2002,"female","90+","all_cause","white",18293
"454",2002,"male","90+","all_cause","black",373
"455",2002,"male","90+","all_cause","hispanic",762
"456",2002,"male","90+","all_cause","white",7429
"457",2003,"female","0-4","all_cause","black",192
"458",2003,"female","0-4","all_cause","hispanic",740
"459",2003,"female","0-4","all_cause","white",388
"460",2003,"male","0-4","all_cause","black",259
"461",2003,"male","0-4","all_cause","hispanic",960
"462",2003,"male","0-4","all_cause","white",522
"463",2003,"female","10-14","all_cause","black",16
"464",2003,"female","10-14","all_cause","hispanic",92
"465",2003,"female","10-14","all_cause","white",67
"466",2003,"male","10-14","all_cause","black",36
"467",2003,"male","10-14","all_cause","hispanic",127
"468",2003,"male","10-14","all_cause","white",92
"469",2003,"female","15-19","all_cause","black",41
"470",2003,"female","15-19","all_cause","hispanic",145
"471",2003,"female","15-19","all_cause","white",176
"472",2003,"male","15-19","all_cause","black",162
"473",2003,"male","15-19","all_cause","hispanic",522
"474",2003,"male","15-19","all_cause","white",368
"475",2003,"female","20-24","all_cause","black",67
"476",2003,"female","20-24","all_cause","hispanic",167
"477",2003,"female","20-24","all_cause","white",203
"478",2003,"male","20-24","all_cause","black",233
"479",2003,"male","20-24","all_cause","hispanic",744
"480",2003,"male","20-24","all_cause","white",539
"481",2003,"female","25-29","all_cause","black",59
"482",2003,"female","25-29","all_cause","hispanic",166
"483",2003,"female","25-29","all_cause","white",215
"484",2003,"male","25-29","all_cause","black",212
"485",2003,"male","25-29","all_cause","hispanic",604
"486",2003,"male","25-29","all_cause","white",512
"487",2003,"female","30-34","all_cause","black",109
"488",2003,"female","30-34","all_cause","hispanic",223
"489",2003,"female","30-34","all_cause","white",341
"490",2003,"male","30-34","all_cause","black",223
"491",2003,"male","30-34","all_cause","hispanic",650
"492",2003,"male","30-34","all_cause","white",707
"493",2003,"female","35-39","all_cause","black",173
"494",2003,"female","35-39","all_cause","hispanic",320
"495",2003,"female","35-39","all_cause","white",630
"496",2003,"male","35-39","all_cause","black",312
"497",2003,"male","35-39","all_cause","hispanic",779
"498",2003,"male","35-39","all_cause","white",1184
"499",2003,"female","40-44","all_cause","black",302
"500",2003,"female","40-44","all_cause","hispanic",461
"501",2003,"female","40-44","all_cause","white",1138
"502",2003,"male","40-44","all_cause","black",460
"503",2003,"male","40-44","all_cause","hispanic",955
"504",2003,"male","40-44","all_cause","white",1954
"505",2003,"female","45-49","all_cause","black",460
"506",2003,"female","45-49","all_cause","hispanic",562
"507",2003,"female","45-49","all_cause","white",1723
"508",2003,"male","45-49","all_cause","black",644
"509",2003,"male","45-49","all_cause","hispanic",1181
"510",2003,"male","45-49","all_cause","white",2906
"511",2003,"female","5-9","all_cause","black",NA
"512",2003,"female","5-9","all_cause","hispanic",69
"513",2003,"female","5-9","all_cause","white",57
"514",2003,"male","5-9","all_cause","black",27
"515",2003,"male","5-9","all_cause","hispanic",99
"516",2003,"male","5-9","all_cause","white",58
"517",2003,"female","50-54","all_cause","black",583
"518",2003,"female","50-54","all_cause","hispanic",668
"519",2003,"female","50-54","all_cause","white",2290
"520",2003,"male","50-54","all_cause","black",842
"521",2003,"male","50-54","all_cause","hispanic",1257
"522",2003,"male","50-54","all_cause","white",3944
"523",2003,"female","55-59","all_cause","black",592
"524",2003,"female","55-59","all_cause","hispanic",744
"525",2003,"female","55-59","all_cause","white",3026
"526",2003,"male","55-59","all_cause","black",790
"527",2003,"male","55-59","all_cause","hispanic",1235
"528",2003,"male","55-59","all_cause","white",4529
"529",2003,"female","60-64","all_cause","black",597
"530",2003,"female","60-64","all_cause","hispanic",868
"531",2003,"female","60-64","all_cause","white",3558
"532",2003,"male","60-64","all_cause","black",816
"533",2003,"male","60-64","all_cause","hispanic",1255
"534",2003,"male","60-64","all_cause","white",5142
"535",2003,"female","65-69","all_cause","black",693
"536",2003,"female","65-69","all_cause","hispanic",1093
"537",2003,"female","65-69","all_cause","white",4626
"538",2003,"male","65-69","all_cause","black",890
"539",2003,"male","65-69","all_cause","hispanic",1365
"540",2003,"male","65-69","all_cause","white",6158
"541",2003,"female","70-74","all_cause","black",779
"542",2003,"female","70-74","all_cause","hispanic",1471
"543",2003,"female","70-74","all_cause","white",6941
"544",2003,"male","70-74","all_cause","black",943
"545",2003,"male","70-74","all_cause","hispanic",1680
"546",2003,"male","70-74","all_cause","white",8402
"547",2003,"female","75-79","all_cause","black",1064
"548",2003,"female","75-79","all_cause","hispanic",1827
"549",2003,"female","75-79","all_cause","white",10902
"550",2003,"male","75-79","all_cause","black",1027
"551",2003,"male","75-79","all_cause","hispanic",1824
"552",2003,"male","75-79","all_cause","white",11646
"553",2003,"female","80-84","all_cause","black",1138
"554",2003,"female","80-84","all_cause","hispanic",1745
"555",2003,"female","80-84","all_cause","white",15463
"556",2003,"male","80-84","all_cause","black",947
"557",2003,"male","80-84","all_cause","hispanic",1670
"558",2003,"male","80-84","all_cause","white",13942
"559",2003,"female","85-89","all_cause","black",1002
"560",2003,"female","85-89","all_cause","hispanic",1499
"561",2003,"female","85-89","all_cause","white",16108
"562",2003,"male","85-89","all_cause","black",565
"563",2003,"male","85-89","all_cause","hispanic",998
"564",2003,"male","85-89","all_cause","white",11439
"565",2003,"female","90+","all_cause","black",1120
"566",2003,"female","90+","all_cause","hispanic",1778
"567",2003,"female","90+","all_cause","white",19232
"568",2003,"male","90+","all_cause","black",332
"569",2003,"male","90+","all_cause","hispanic",865
"570",2003,"male","90+","all_cause","white",8012
"571",2004,"female","0-4","all_cause","black",187
"572",2004,"female","0-4","all_cause","hispanic",741
"573",2004,"female","0-4","all_cause","white",410
"574",2004,"male","0-4","all_cause","black",246
"575",2004,"male","0-4","all_cause","hispanic",948
"576",2004,"male","0-4","all_cause","white",499
"577",2004,"female","10-14","all_cause","black",23
"578",2004,"female","10-14","all_cause","hispanic",74
"579",2004,"female","10-14","all_cause","white",53
"580",2004,"male","10-14","all_cause","black",33
"581",2004,"male","10-14","all_cause","hispanic",110
"582",2004,"male","10-14","all_cause","white",97
"583",2004,"female","15-19","all_cause","black",34
"584",2004,"female","15-19","all_cause","hispanic",140
"585",2004,"female","15-19","all_cause","white",174
"586",2004,"male","15-19","all_cause","black",207
"587",2004,"male","15-19","all_cause","hispanic",486
"588",2004,"male","15-19","all_cause","white",350
"589",2004,"female","20-24","all_cause","black",57
"590",2004,"female","20-24","all_cause","hispanic",158
"591",2004,"female","20-24","all_cause","white",212
"592",2004,"male","20-24","all_cause","black",224
"593",2004,"male","20-24","all_cause","hispanic",762
"594",2004,"male","20-24","all_cause","white",566
"595",2004,"female","25-29","all_cause","black",76
"596",2004,"female","25-29","all_cause","hispanic",182
"597",2004,"female","25-29","all_cause","white",199
"598",2004,"male","25-29","all_cause","black",226
"599",2004,"male","25-29","all_cause","hispanic",643
"600",2004,"male","25-29","all_cause","white",480
"601",2004,"female","30-34","all_cause","black",116
"602",2004,"female","30-34","all_cause","hispanic",208
"603",2004,"female","30-34","all_cause","white",333
"604",2004,"male","30-34","all_cause","black",249
"605",2004,"male","30-34","all_cause","hispanic",638
"606",2004,"male","30-34","all_cause","white",631
"607",2004,"female","35-39","all_cause","black",171
"608",2004,"female","35-39","all_cause","hispanic",267
"609",2004,"female","35-39","all_cause","white",571
"610",2004,"male","35-39","all_cause","black",292
"611",2004,"male","35-39","all_cause","hispanic",754
"612",2004,"male","35-39","all_cause","white",1064
"613",2004,"female","40-44","all_cause","black",304
"614",2004,"female","40-44","all_cause","hispanic",422
"615",2004,"female","40-44","all_cause","white",1094
"616",2004,"male","40-44","all_cause","black",386
"617",2004,"male","40-44","all_cause","hispanic",969
"618",2004,"male","40-44","all_cause","white",1927
"619",2004,"female","45-49","all_cause","black",470
"620",2004,"female","45-49","all_cause","hispanic",590
"621",2004,"female","45-49","all_cause","white",1720
"622",2004,"male","45-49","all_cause","black",649
"623",2004,"male","45-49","all_cause","hispanic",1142
"624",2004,"male","45-49","all_cause","white",2829
"625",2004,"female","5-9","all_cause","black",17
"626",2004,"female","5-9","all_cause","hispanic",59
"627",2004,"female","5-9","all_cause","white",49
"628",2004,"male","5-9","all_cause","black",21
"629",2004,"male","5-9","all_cause","hispanic",73
"630",2004,"male","5-9","all_cause","white",71
"631",2004,"female","50-54","all_cause","black",585
"632",2004,"female","50-54","all_cause","hispanic",640
"633",2004,"female","50-54","all_cause","white",2316
"634",2004,"male","50-54","all_cause","black",807
"635",2004,"male","50-54","all_cause","hispanic",1264
"636",2004,"male","50-54","all_cause","white",3794
"637",2004,"female","55-59","all_cause","black",570
"638",2004,"female","55-59","all_cause","hispanic",793
"639",2004,"female","55-59","all_cause","white",3015
"640",2004,"male","55-59","all_cause","black",836
"641",2004,"male","55-59","all_cause","hispanic",1204
"642",2004,"male","55-59","all_cause","white",4703
"643",2004,"female","60-64","all_cause","black",602
"644",2004,"female","60-64","all_cause","hispanic",850
"645",2004,"female","60-64","all_cause","white",3585
"646",2004,"male","60-64","all_cause","black",794
"647",2004,"male","60-64","all_cause","hispanic",1238
"648",2004,"male","60-64","all_cause","white",5146
"649",2004,"female","65-69","all_cause","black",681
"650",2004,"female","65-69","all_cause","hispanic",1098
"651",2004,"female","65-69","all_cause","white",4442
"652",2004,"male","65-69","all_cause","black",971
"653",2004,"male","65-69","all_cause","hispanic",1338
"654",2004,"male","65-69","all_cause","white",5862
"655",2004,"female","70-74","all_cause","black",799
"656",2004,"female","70-74","all_cause","hispanic",1418
"657",2004,"female","70-74","all_cause","white",6573
"658",2004,"male","70-74","all_cause","black",906
"659",2004,"male","70-74","all_cause","hispanic",1667
"660",2004,"male","70-74","all_cause","white",7955
"661",2004,"female","75-79","all_cause","black",943
"662",2004,"female","75-79","all_cause","hispanic",1757
"663",2004,"female","75-79","all_cause","white",10215
"664",2004,"male","75-79","all_cause","black",958
"665",2004,"male","75-79","all_cause","hispanic",1880
"666",2004,"male","75-79","all_cause","white",10831
"667",2004,"female","80-84","all_cause","black",1118
"668",2004,"female","80-84","all_cause","hispanic",1869
"669",2004,"female","80-84","all_cause","white",15182
"670",2004,"male","80-84","all_cause","black",833
"671",2004,"male","80-84","all_cause","hispanic",1768
"672",2004,"male","80-84","all_cause","white",13245
"673",2004,"female","85-89","all_cause","black",993
"674",2004,"female","85-89","all_cause","hispanic",1531
"675",2004,"female","85-89","all_cause","white",15181
"676",2004,"male","85-89","all_cause","black",566
"677",2004,"male","85-89","all_cause","hispanic",1075
"678",2004,"male","85-89","all_cause","white",10960
"679",2004,"female","90+","all_cause","black",1114
"680",2004,"female","90+","all_cause","hispanic",1791
"681",2004,"female","90+","all_cause","white",18260
"682",2004,"male","90+","all_cause","black",409
"683",2004,"male","90+","all_cause","hispanic",822
"684",2004,"male","90+","all_cause","white",7942
"685",2005,"female","0-4","all_cause","black",207
"686",2005,"female","0-4","all_cause","hispanic",783
"687",2005,"female","0-4","all_cause","white",434
"688",2005,"male","0-4","all_cause","black",253
"689",2005,"male","0-4","all_cause","hispanic",1009
"690",2005,"male","0-4","all_cause","white",508
"691",2005,"female","10-14","all_cause","black",14
"692",2005,"female","10-14","all_cause","hispanic",60
"693",2005,"female","10-14","all_cause","white",55
"694",2005,"male","10-14","all_cause","black",37
"695",2005,"male","10-14","all_cause","hispanic",131
"696",2005,"male","10-14","all_cause","white",69
"697",2005,"female","15-19","all_cause","black",43
"698",2005,"female","15-19","all_cause","hispanic",173
"699",2005,"female","15-19","all_cause","white",171
"700",2005,"male","15-19","all_cause","black",190
"701",2005,"male","15-19","all_cause","hispanic",556
"702",2005,"male","15-19","all_cause","white",328
"703",2005,"female","20-24","all_cause","black",53
"704",2005,"female","20-24","all_cause","hispanic",178
"705",2005,"female","20-24","all_cause","white",189
"706",2005,"male","20-24","all_cause","black",265
"707",2005,"male","20-24","all_cause","hispanic",809
"708",2005,"male","20-24","all_cause","white",563
"709",2005,"female","25-29","all_cause","black",86
"710",2005,"female","25-29","all_cause","hispanic",187
"711",2005,"female","25-29","all_cause","white",213
"712",2005,"male","25-29","all_cause","black",235
"713",2005,"male","25-29","all_cause","hispanic",759
"714",2005,"male","25-29","all_cause","white",478
"715",2005,"female","30-34","all_cause","black",91
"716",2005,"female","30-34","all_cause","hispanic",216
"717",2005,"female","30-34","all_cause","white",285
"718",2005,"male","30-34","all_cause","black",235
"719",2005,"male","30-34","all_cause","hispanic",621
"720",2005,"male","30-34","all_cause","white",596
"721",2005,"female","35-39","all_cause","black",192
"722",2005,"female","35-39","all_cause","hispanic",310
"723",2005,"female","35-39","all_cause","white",520
"724",2005,"male","35-39","all_cause","black",301
"725",2005,"male","35-39","all_cause","hispanic",780
"726",2005,"male","35-39","all_cause","white",963
"727",2005,"female","40-44","all_cause","black",297
"728",2005,"female","40-44","all_cause","hispanic",462
"729",2005,"female","40-44","all_cause","white",1021
"730",2005,"male","40-44","all_cause","black",432
"731",2005,"male","40-44","all_cause","hispanic",1048
"732",2005,"male","40-44","all_cause","white",1824
"733",2005,"female","45-49","all_cause","black",448
"734",2005,"female","45-49","all_cause","hispanic",623
"735",2005,"female","45-49","all_cause","white",1673
"736",2005,"male","45-49","all_cause","black",688
"737",2005,"male","45-49","all_cause","hispanic",1188
"738",2005,"male","45-49","all_cause","white",2916
"739",2005,"female","5-9","all_cause","black",11
"740",2005,"female","5-9","all_cause","hispanic",75
"741",2005,"female","5-9","all_cause","white",44
"742",2005,"male","5-9","all_cause","black",15
"743",2005,"male","5-9","all_cause","hispanic",70
"744",2005,"male","5-9","all_cause","white",49
"745",2005,"female","50-54","all_cause","black",587
"746",2005,"female","50-54","all_cause","hispanic",743
"747",2005,"female","50-54","all_cause","white",2282
"748",2005,"male","50-54","all_cause","black",811
"749",2005,"male","50-54","all_cause","hispanic",1374
"750",2005,"male","50-54","all_cause","white",3945
"751",2005,"female","55-59","all_cause","black",618
"752",2005,"female","55-59","all_cause","hispanic",844
"753",2005,"female","55-59","all_cause","white",3080
"754",2005,"male","55-59","all_cause","black",895
"755",2005,"male","55-59","all_cause","hispanic",1300
"756",2005,"male","55-59","all_cause","white",4796
"757",2005,"female","60-64","all_cause","black",597
"758",2005,"female","60-64","all_cause","hispanic",880
"759",2005,"female","60-64","all_cause","white",3672
"760",2005,"male","60-64","all_cause","black",860
"761",2005,"male","60-64","all_cause","hispanic",1393
"762",2005,"male","60-64","all_cause","white",5335
"763",2005,"female","65-69","all_cause","black",706
"764",2005,"female","65-69","all_cause","hispanic",1137
"765",2005,"female","65-69","all_cause","white",4524
"766",2005,"male","65-69","all_cause","black",930
"767",2005,"male","65-69","all_cause","hispanic",1476
"768",2005,"male","65-69","all_cause","white",5796
"769",2005,"female","70-74","all_cause","black",839
"770",2005,"female","70-74","all_cause","hispanic",1485
"771",2005,"female","70-74","all_cause","white",6130
"772",2005,"male","70-74","all_cause","black",935
"773",2005,"male","70-74","all_cause","hispanic",1754
"774",2005,"male","70-74","all_cause","white",7622
"775",2005,"female","75-79","all_cause","black",998
"776",2005,"female","75-79","all_cause","hispanic",1906
"777",2005,"female","75-79","all_cause","white",9781
"778",2005,"male","75-79","all_cause","black",946
"779",2005,"male","75-79","all_cause","hispanic",1972
"780",2005,"male","75-79","all_cause","white",10555
"781",2005,"female","80-84","all_cause","black",1087
"782",2005,"female","80-84","all_cause","hispanic",2074
"783",2005,"female","80-84","all_cause","white",14710
"784",2005,"male","80-84","all_cause","black",956
"785",2005,"male","80-84","all_cause","hispanic",1955
"786",2005,"male","80-84","all_cause","white",13303
"787",2005,"female","85-89","all_cause","black",962
"788",2005,"female","85-89","all_cause","hispanic",1694
"789",2005,"female","85-89","all_cause","white",15690
"790",2005,"male","85-89","all_cause","black",578
"791",2005,"male","85-89","all_cause","hispanic",1226
"792",2005,"male","85-89","all_cause","white",11271
"793",2005,"female","90+","all_cause","black",1134
"794",2005,"female","90+","all_cause","hispanic",1924
"795",2005,"female","90+","all_cause","white",19206
"796",2005,"male","90+","all_cause","black",372
"797",2005,"male","90+","all_cause","hispanic",903
"798",2005,"male","90+","all_cause","white",8532
"799",2006,"female","0-4","all_cause","black",196
"800",2006,"female","0-4","all_cause","hispanic",787
"801",2006,"female","0-4","all_cause","white",356
"802",2006,"male","0-4","all_cause","black",245
"803",2006,"male","0-4","all_cause","hispanic",962
"804",2006,"male","0-4","all_cause","white",514
"805",2006,"female","10-14","all_cause","black",23
"806",2006,"female","10-14","all_cause","hispanic",96
"807",2006,"female","10-14","all_cause","white",48
"808",2006,"male","10-14","all_cause","black",24
"809",2006,"male","10-14","all_cause","hispanic",117
"810",2006,"male","10-14","all_cause","white",78
"811",2006,"female","15-19","all_cause","black",41
"812",2006,"female","15-19","all_cause","hispanic",157
"813",2006,"female","15-19","all_cause","white",160
"814",2006,"male","15-19","all_cause","black",189
"815",2006,"male","15-19","all_cause","hispanic",602
"816",2006,"male","15-19","all_cause","white",341
"817",2006,"female","20-24","all_cause","black",75
"818",2006,"female","20-24","all_cause","hispanic",185
"819",2006,"female","20-24","all_cause","white",199
"820",2006,"male","20-24","all_cause","black",227
"821",2006,"male","20-24","all_cause","hispanic",872
"822",2006,"male","20-24","all_cause","white",552
"823",2006,"female","25-29","all_cause","black",67
"824",2006,"female","25-29","all_cause","hispanic",210
"825",2006,"female","25-29","all_cause","white",229
"826",2006,"male","25-29","all_cause","black",235
"827",2006,"male","25-29","all_cause","hispanic",675
"828",2006,"male","25-29","all_cause","white",533
"829",2006,"female","30-34","all_cause","black",90
"830",2006,"female","30-34","all_cause","hispanic",248
"831",2006,"female","30-34","all_cause","white",273
"832",2006,"male","30-34","all_cause","black",201
"833",2006,"male","30-34","all_cause","hispanic",677
"834",2006,"male","30-34","all_cause","white",574
"835",2006,"female","35-39","all_cause","black",157
"836",2006,"female","35-39","all_cause","hispanic",314
"837",2006,"female","35-39","all_cause","white",554
"838",2006,"male","35-39","all_cause","black",281
"839",2006,"male","35-39","all_cause","hispanic",727
"840",2006,"male","35-39","all_cause","white",981
"841",2006,"female","40-44","all_cause","black",247
"842",2006,"female","40-44","all_cause","hispanic",466
"843",2006,"female","40-44","all_cause","white",967
"844",2006,"male","40-44","all_cause","black",402
"845",2006,"male","40-44","all_cause","hispanic",1007
"846",2006,"male","40-44","all_cause","white",1684
"847",2006,"female","45-49","all_cause","black",447
"848",2006,"female","45-49","all_cause","hispanic",648
"849",2006,"female","45-49","all_cause","white",1695
"850",2006,"male","45-49","all_cause","black",593
"851",2006,"male","45-49","all_cause","hispanic",1281
"852",2006,"male","45-49","all_cause","white",2866
"853",2006,"female","5-9","all_cause","black",15
"854",2006,"female","5-9","all_cause","hispanic",60
"855",2006,"female","5-9","all_cause","white",37
"856",2006,"male","5-9","all_cause","black",20
"857",2006,"male","5-9","all_cause","hispanic",84
"858",2006,"male","5-9","all_cause","white",58
"859",2006,"female","50-54","all_cause","black",549
"860",2006,"female","50-54","all_cause","hispanic",770
"861",2006,"female","50-54","all_cause","white",2292
"862",2006,"male","50-54","all_cause","black",832
"863",2006,"male","50-54","all_cause","hispanic",1433
"864",2006,"male","50-54","all_cause","white",4013
"865",2006,"female","55-59","all_cause","black",675
"866",2006,"female","55-59","all_cause","hispanic",866
"867",2006,"female","55-59","all_cause","white",3157
"868",2006,"male","55-59","all_cause","black",954
"869",2006,"male","55-59","all_cause","hispanic",1474
"870",2006,"male","55-59","all_cause","white",5055
"871",2006,"female","60-64","all_cause","black",605
"872",2006,"female","60-64","all_cause","hispanic",983
"873",2006,"female","60-64","all_cause","white",3602
"874",2006,"male","60-64","all_cause","black",846
"875",2006,"male","60-64","all_cause","hispanic",1345
"876",2006,"male","60-64","all_cause","white",5238
"877",2006,"female","65-69","all_cause","black",733
"878",2006,"female","65-69","all_cause","hispanic",1175
"879",2006,"female","65-69","all_cause","white",4356
"880",2006,"male","65-69","all_cause","black",875
"881",2006,"male","65-69","all_cause","hispanic",1457
"882",2006,"male","65-69","all_cause","white",5862
"883",2006,"female","70-74","all_cause","black",779
"884",2006,"female","70-74","all_cause","hispanic",1434
"885",2006,"female","70-74","all_cause","white",5980
"886",2006,"male","70-74","all_cause","black",954
"887",2006,"male","70-74","all_cause","hispanic",1649
"888",2006,"male","70-74","all_cause","white",7263
"889",2006,"female","75-79","all_cause","black",941
"890",2006,"female","75-79","all_cause","hispanic",1957
"891",2006,"female","75-79","all_cause","white",9256
"892",2006,"male","75-79","all_cause","black",920
"893",2006,"male","75-79","all_cause","hispanic",1965
"894",2006,"male","75-79","all_cause","white",10088
"895",2006,"female","80-84","all_cause","black",1088
"896",2006,"female","80-84","all_cause","hispanic",2098
"897",2006,"female","80-84","all_cause","white",14320
"898",2006,"male","80-84","all_cause","black",868
"899",2006,"male","80-84","all_cause","hispanic",1978
"900",2006,"male","80-84","all_cause","white",13215
"901",2006,"female","85-89","all_cause","black",1009
"902",2006,"female","85-89","all_cause","hispanic",1853
"903",2006,"female","85-89","all_cause","white",15744
"904",2006,"male","85-89","all_cause","black",594
"905",2006,"male","85-89","all_cause","hispanic",1387
"906",2006,"male","85-89","all_cause","white",11766
"907",2006,"female","90+","all_cause","black",1184
"908",2006,"female","90+","all_cause","hispanic",2001
"909",2006,"female","90+","all_cause","white",19328
"910",2006,"male","90+","all_cause","black",431
"911",2006,"male","90+","all_cause","hispanic",925
"912",2006,"male","90+","all_cause","white",8713
"913",2007,"female","0-4","all_cause","black",199
"914",2007,"female","0-4","all_cause","hispanic",808
"915",2007,"female","0-4","all_cause","white",398
"916",2007,"male","0-4","all_cause","black",225
"917",2007,"male","0-4","all_cause","hispanic",970
"918",2007,"male","0-4","all_cause","white",500
"919",2007,"female","10-14","all_cause","black",15
"920",2007,"female","10-14","all_cause","hispanic",68
"921",2007,"female","10-14","all_cause","white",49
"922",2007,"male","10-14","all_cause","black",26
"923",2007,"male","10-14","all_cause","hispanic",108
"924",2007,"male","10-14","all_cause","white",69
"925",2007,"female","15-19","all_cause","black",39
"926",2007,"female","15-19","all_cause","hispanic",135
"927",2007,"female","15-19","all_cause","white",137
"928",2007,"male","15-19","all_cause","black",167
"929",2007,"male","15-19","all_cause","hispanic",529
"930",2007,"male","15-19","all_cause","white",305
"931",2007,"female","20-24","all_cause","black",67
"932",2007,"female","20-24","all_cause","hispanic",196
"933",2007,"female","20-24","all_cause","white",180
"934",2007,"male","20-24","all_cause","black",225
"935",2007,"male","20-24","all_cause","hispanic",811
"936",2007,"male","20-24","all_cause","white",575
"937",2007,"female","25-29","all_cause","black",99
"938",2007,"female","25-29","all_cause","hispanic",193
"939",2007,"female","25-29","all_cause","white",218
"940",2007,"male","25-29","all_cause","black",190
"941",2007,"male","25-29","all_cause","hispanic",675
"942",2007,"male","25-29","all_cause","white",576
"943",2007,"female","30-34","all_cause","black",98
"944",2007,"female","30-34","all_cause","hispanic",245
"945",2007,"female","30-34","all_cause","white",260
"946",2007,"male","30-34","all_cause","black",227
"947",2007,"male","30-34","all_cause","hispanic",597
"948",2007,"male","30-34","all_cause","white",555
"949",2007,"female","35-39","all_cause","black",154
"950",2007,"female","35-39","all_cause","hispanic",334
"951",2007,"female","35-39","all_cause","white",494
"952",2007,"male","35-39","all_cause","black",266
"953",2007,"male","35-39","all_cause","hispanic",724
"954",2007,"male","35-39","all_cause","white",926
"955",2007,"female","40-44","all_cause","black",223
"956",2007,"female","40-44","all_cause","hispanic",424
"957",2007,"female","40-44","all_cause","white",924
"958",2007,"male","40-44","all_cause","black",358
"959",2007,"male","40-44","all_cause","hispanic",980
"960",2007,"male","40-44","all_cause","white",1500
"961",2007,"female","45-49","all_cause","black",388
"962",2007,"female","45-49","all_cause","hispanic",624
"963",2007,"female","45-49","all_cause","white",1675
"964",2007,"male","45-49","all_cause","black",590
"965",2007,"male","45-49","all_cause","hispanic",1316
"966",2007,"male","45-49","all_cause","white",2623
"967",2007,"female","5-9","all_cause","black",NA
"968",2007,"female","5-9","all_cause","hispanic",72
"969",2007,"female","5-9","all_cause","white",34
"970",2007,"male","5-9","all_cause","black",21
"971",2007,"male","5-9","all_cause","hispanic",96
"972",2007,"male","5-9","all_cause","white",37
"973",2007,"female","50-54","all_cause","black",588
"974",2007,"female","50-54","all_cause","hispanic",778
"975",2007,"female","50-54","all_cause","white",2300
"976",2007,"male","50-54","all_cause","black",820
"977",2007,"male","50-54","all_cause","hispanic",1562
"978",2007,"male","50-54","all_cause","white",3973
"979",2007,"female","55-59","all_cause","black",722
"980",2007,"female","55-59","all_cause","hispanic",893
"981",2007,"female","55-59","all_cause","white",2911
"982",2007,"male","55-59","all_cause","black",925
"983",2007,"male","55-59","all_cause","hispanic",1475
"984",2007,"male","55-59","all_cause","white",5045
"985",2007,"female","60-64","all_cause","black",627
"986",2007,"female","60-64","all_cause","hispanic",948
"987",2007,"female","60-64","all_cause","white",3880
"988",2007,"male","60-64","all_cause","black",894
"989",2007,"male","60-64","all_cause","hispanic",1476
"990",2007,"male","60-64","all_cause","white",5585
"991",2007,"female","65-69","all_cause","black",692
"992",2007,"female","65-69","all_cause","hispanic",1055
"993",2007,"female","65-69","all_cause","white",4246
"994",2007,"male","65-69","all_cause","black",915
"995",2007,"male","65-69","all_cause","hispanic",1517
"996",2007,"male","65-69","all_cause","white",5811
"997",2007,"female","70-74","all_cause","black",830
"998",2007,"female","70-74","all_cause","hispanic",1360
"999",2007,"female","70-74","all_cause","white",5893
"1000",2007,"male","70-74","all_cause","black",988
"1001",2007,"male","70-74","all_cause","hispanic",1557
"1002",2007,"male","70-74","all_cause","white",7087
"1003",2007,"female","75-79","all_cause","black",918
"1004",2007,"female","75-79","all_cause","hispanic",1927
"1005",2007,"female","75-79","all_cause","white",8838
"1006",2007,"male","75-79","all_cause","black",883
"1007",2007,"male","75-79","all_cause","hispanic",1943
"1008",2007,"male","75-79","all_cause","white",9822
"1009",2007,"female","80-84","all_cause","black",1036
"1010",2007,"female","80-84","all_cause","hispanic",2211
"1011",2007,"female","80-84","all_cause","white",13680
"1012",2007,"male","80-84","all_cause","black",813
"1013",2007,"male","80-84","all_cause","hispanic",1947
"1014",2007,"male","80-84","all_cause","white",12239
"1015",2007,"female","85-89","all_cause","black",1008
"1016",2007,"female","85-89","all_cause","hispanic",1941
"1017",2007,"female","85-89","all_cause","white",15520
"1018",2007,"male","85-89","all_cause","black",625
"1019",2007,"male","85-89","all_cause","hispanic",1384
"1020",2007,"male","85-89","all_cause","white",11797
"1021",2007,"female","90+","all_cause","black",1187
"1022",2007,"female","90+","all_cause","hispanic",2022
"1023",2007,"female","90+","all_cause","white",18904
"1024",2007,"male","90+","all_cause","black",432
"1025",2007,"male","90+","all_cause","hispanic",885
"1026",2007,"male","90+","all_cause","white",8806
"1027",2008,"female","0-4","all_cause","black",202
"1028",2008,"female","0-4","all_cause","hispanic",782
"1029",2008,"female","0-4","all_cause","white",332
"1030",2008,"male","0-4","all_cause","black",244
"1031",2008,"male","0-4","all_cause","hispanic",958
"1032",2008,"male","0-4","all_cause","white",439
"1033",2008,"female","10-14","all_cause","black",19
"1034",2008,"female","10-14","all_cause","hispanic",89
"1035",2008,"female","10-14","all_cause","white",39
"1036",2008,"male","10-14","all_cause","black",19
"1037",2008,"male","10-14","all_cause","hispanic",94
"1038",2008,"male","10-14","all_cause","white",50
"1039",2008,"female","15-19","all_cause","black",46
"1040",2008,"female","15-19","all_cause","hispanic",153
"1041",2008,"female","15-19","all_cause","white",112
"1042",2008,"male","15-19","all_cause","black",141
"1043",2008,"male","15-19","all_cause","hispanic",477
"1044",2008,"male","15-19","all_cause","white",278
"1045",2008,"female","20-24","all_cause","black",59
"1046",2008,"female","20-24","all_cause","hispanic",157
"1047",2008,"female","20-24","all_cause","white",165
"1048",2008,"male","20-24","all_cause","black",212
"1049",2008,"male","20-24","all_cause","hispanic",735
"1050",2008,"male","20-24","all_cause","white",599
"1051",2008,"female","25-29","all_cause","black",75
"1052",2008,"female","25-29","all_cause","hispanic",195
"1053",2008,"female","25-29","all_cause","white",222
"1054",2008,"male","25-29","all_cause","black",191
"1055",2008,"male","25-29","all_cause","hispanic",638
"1056",2008,"male","25-29","all_cause","white",543
"1057",2008,"female","30-34","all_cause","black",94
"1058",2008,"female","30-34","all_cause","hispanic",199
"1059",2008,"female","30-34","all_cause","white",261
"1060",2008,"male","30-34","all_cause","black",189
"1061",2008,"male","30-34","all_cause","hispanic",577
"1062",2008,"male","30-34","all_cause","white",548
"1063",2008,"female","35-39","all_cause","black",128
"1064",2008,"female","35-39","all_cause","hispanic",289
"1065",2008,"female","35-39","all_cause","white",451
"1066",2008,"male","35-39","all_cause","black",223
"1067",2008,"male","35-39","all_cause","hispanic",716
"1068",2008,"male","35-39","all_cause","white",827
"1069",2008,"female","40-44","all_cause","black",221
"1070",2008,"female","40-44","all_cause","hispanic",438
"1071",2008,"female","40-44","all_cause","white",818
"1072",2008,"male","40-44","all_cause","black",347
"1073",2008,"male","40-44","all_cause","hispanic",913
"1074",2008,"male","40-44","all_cause","white",1383
"1075",2008,"female","45-49","all_cause","black",428
"1076",2008,"female","45-49","all_cause","hispanic",655
"1077",2008,"female","45-49","all_cause","white",1479
"1078",2008,"male","45-49","all_cause","black",516
"1079",2008,"male","45-49","all_cause","hispanic",1308
"1080",2008,"male","45-49","all_cause","white",2499
"1081",2008,"female","5-9","all_cause","black",NA
"1082",2008,"female","5-9","all_cause","hispanic",62
"1083",2008,"female","5-9","all_cause","white",31
"1084",2008,"male","5-9","all_cause","black",18
"1085",2008,"male","5-9","all_cause","hispanic",81
"1086",2008,"male","5-9","all_cause","white",36
"1087",2008,"female","50-54","all_cause","black",606
"1088",2008,"female","50-54","all_cause","hispanic",797
"1089",2008,"female","50-54","all_cause","white",2290
"1090",2008,"male","50-54","all_cause","black",739
"1091",2008,"male","50-54","all_cause","hispanic",1469
"1092",2008,"male","50-54","all_cause","white",3860
"1093",2008,"female","55-59","all_cause","black",661
"1094",2008,"female","55-59","all_cause","hispanic",898
"1095",2008,"female","55-59","all_cause","white",2984
"1096",2008,"male","55-59","all_cause","black",925
"1097",2008,"male","55-59","all_cause","hispanic",1573
"1098",2008,"male","55-59","all_cause","white",5052
"1099",2008,"female","60-64","all_cause","black",612
"1100",2008,"female","60-64","all_cause","hispanic",998
"1101",2008,"female","60-64","all_cause","white",3894
"1102",2008,"male","60-64","all_cause","black",865
"1103",2008,"male","60-64","all_cause","hispanic",1529
"1104",2008,"male","60-64","all_cause","white",5944
"1105",2008,"female","65-69","all_cause","black",700
"1106",2008,"female","65-69","all_cause","hispanic",1190
"1107",2008,"female","65-69","all_cause","white",4635
"1108",2008,"male","65-69","all_cause","black",905
"1109",2008,"male","65-69","all_cause","hispanic",1449
"1110",2008,"male","65-69","all_cause","white",6200
"1111",2008,"female","70-74","all_cause","black",825
"1112",2008,"female","70-74","all_cause","hispanic",1435
"1113",2008,"female","70-74","all_cause","white",5819
"1114",2008,"male","70-74","all_cause","black",943
"1115",2008,"male","70-74","all_cause","hispanic",1639
"1116",2008,"male","70-74","all_cause","white",6863
"1117",2008,"female","75-79","all_cause","black",916
"1118",2008,"female","75-79","all_cause","hispanic",1863
"1119",2008,"female","75-79","all_cause","white",8355
"1120",2008,"male","75-79","all_cause","black",875
"1121",2008,"male","75-79","all_cause","hispanic",1954
"1122",2008,"male","75-79","all_cause","white",9384
"1123",2008,"female","80-84","all_cause","black",1046
"1124",2008,"female","80-84","all_cause","hispanic",2306
"1125",2008,"female","80-84","all_cause","white",13295
"1126",2008,"male","80-84","all_cause","black",898
"1127",2008,"male","80-84","all_cause","hispanic",2049
"1128",2008,"male","80-84","all_cause","white",11944
"1129",2008,"female","85-89","all_cause","black",1020
"1130",2008,"female","85-89","all_cause","hispanic",2110
"1131",2008,"female","85-89","all_cause","white",15946
"1132",2008,"male","85-89","all_cause","black",634
"1133",2008,"male","85-89","all_cause","hispanic",1540
"1134",2008,"male","85-89","all_cause","white",12049
"1135",2008,"female","90+","all_cause","black",1163
"1136",2008,"female","90+","all_cause","hispanic",2155
"1137",2008,"female","90+","all_cause","white",19494
"1138",2008,"male","90+","all_cause","black",419
"1139",2008,"male","90+","all_cause","hispanic",1005
"1140",2008,"male","90+","all_cause","white",9251
"1141",2009,"female","0-4","all_cause","black",154
"1142",2009,"female","0-4","all_cause","hispanic",719
"1143",2009,"female","0-4","all_cause","white",307
"1144",2009,"male","0-4","all_cause","black",239
"1145",2009,"male","0-4","all_cause","hispanic",894
"1146",2009,"male","0-4","all_cause","white",468
"1147",2009,"female","10-14","all_cause","black",18
"1148",2009,"female","10-14","all_cause","hispanic",68
"1149",2009,"female","10-14","all_cause","white",39
"1150",2009,"male","10-14","all_cause","black",19
"1151",2009,"male","10-14","all_cause","hispanic",100
"1152",2009,"male","10-14","all_cause","white",59
"1153",2009,"female","15-19","all_cause","black",36
"1154",2009,"female","15-19","all_cause","hispanic",151
"1155",2009,"female","15-19","all_cause","white",120
"1156",2009,"male","15-19","all_cause","black",129
"1157",2009,"male","15-19","all_cause","hispanic",451
"1158",2009,"male","15-19","all_cause","white",286
"1159",2009,"female","20-24","all_cause","black",66
"1160",2009,"female","20-24","all_cause","hispanic",176
"1161",2009,"female","20-24","all_cause","white",171
"1162",2009,"male","20-24","all_cause","black",200
"1163",2009,"male","20-24","all_cause","hispanic",688
"1164",2009,"male","20-24","all_cause","white",525
"1165",2009,"female","25-29","all_cause","black",68
"1166",2009,"female","25-29","all_cause","hispanic",215
"1167",2009,"female","25-29","all_cause","white",213
"1168",2009,"male","25-29","all_cause","black",192
"1169",2009,"male","25-29","all_cause","hispanic",593
"1170",2009,"male","25-29","all_cause","white",539
"1171",2009,"female","30-34","all_cause","black",87
"1172",2009,"female","30-34","all_cause","hispanic",253
"1173",2009,"female","30-34","all_cause","white",277
"1174",2009,"male","30-34","all_cause","black",180
"1175",2009,"male","30-34","all_cause","hispanic",588
"1176",2009,"male","30-34","all_cause","white",609
"1177",2009,"female","35-39","all_cause","black",110
"1178",2009,"female","35-39","all_cause","hispanic",332
"1179",2009,"female","35-39","all_cause","white",466
"1180",2009,"male","35-39","all_cause","black",197
"1181",2009,"male","35-39","all_cause","hispanic",669
"1182",2009,"male","35-39","all_cause","white",775
"1183",2009,"female","40-44","all_cause","black",232
"1184",2009,"female","40-44","all_cause","hispanic",487
"1185",2009,"female","40-44","all_cause","white",858
"1186",2009,"male","40-44","all_cause","black",302
"1187",2009,"male","40-44","all_cause","hispanic",913
"1188",2009,"male","40-44","all_cause","white",1378
"1189",2009,"female","45-49","all_cause","black",396
"1190",2009,"female","45-49","all_cause","hispanic",682
"1191",2009,"female","45-49","all_cause","white",1591
"1192",2009,"male","45-49","all_cause","black",500
"1193",2009,"male","45-49","all_cause","hispanic",1288
"1194",2009,"male","45-49","all_cause","white",2494
"1195",2009,"female","5-9","all_cause","black",NA
"1196",2009,"female","5-9","all_cause","hispanic",76
"1197",2009,"female","5-9","all_cause","white",33
"1198",2009,"male","5-9","all_cause","black",12
"1199",2009,"male","5-9","all_cause","hispanic",70
"1200",2009,"male","5-9","all_cause","white",45
"1201",2009,"female","50-54","all_cause","black",546
"1202",2009,"female","50-54","all_cause","hispanic",849
"1203",2009,"female","50-54","all_cause","white",2433
"1204",2009,"male","50-54","all_cause","black",763
"1205",2009,"male","50-54","all_cause","hispanic",1567
"1206",2009,"male","50-54","all_cause","white",3846
"1207",2009,"female","55-59","all_cause","black",629
"1208",2009,"female","55-59","all_cause","hispanic",945
"1209",2009,"female","55-59","all_cause","white",2985
"1210",2009,"male","55-59","all_cause","black",933
"1211",2009,"male","55-59","all_cause","hispanic",1689
"1212",2009,"male","55-59","all_cause","white",5058
"1213",2009,"female","60-64","all_cause","black",718
"1214",2009,"female","60-64","all_cause","hispanic",1040
"1215",2009,"female","60-64","all_cause","white",3829
"1216",2009,"male","60-64","all_cause","black",949
"1217",2009,"male","60-64","all_cause","hispanic",1565
"1218",2009,"male","60-64","all_cause","white",5937
"1219",2009,"female","65-69","all_cause","black",730
"1220",2009,"female","65-69","all_cause","hispanic",1219
"1221",2009,"female","65-69","all_cause","white",4495
"1222",2009,"male","65-69","all_cause","black",928
"1223",2009,"male","65-69","all_cause","hispanic",1530
"1224",2009,"male","65-69","all_cause","white",6231
"1225",2009,"female","70-74","all_cause","black",770
"1226",2009,"female","70-74","all_cause","hispanic",1438
"1227",2009,"female","70-74","all_cause","white",5678
"1228",2009,"male","70-74","all_cause","black",921
"1229",2009,"male","70-74","all_cause","hispanic",1686
"1230",2009,"male","70-74","all_cause","white",6898
"1231",2009,"female","75-79","all_cause","black",855
"1232",2009,"female","75-79","all_cause","hispanic",1870
"1233",2009,"female","75-79","all_cause","white",7947
"1234",2009,"male","75-79","all_cause","black",922
"1235",2009,"male","75-79","all_cause","hispanic",1888
"1236",2009,"male","75-79","all_cause","white",9028
"1237",2009,"female","80-84","all_cause","black",1020
"1238",2009,"female","80-84","all_cause","hispanic",2291
"1239",2009,"female","80-84","all_cause","white",12288
"1240",2009,"male","80-84","all_cause","black",816
"1241",2009,"male","80-84","all_cause","hispanic",2056
"1242",2009,"male","80-84","all_cause","white",11396
"1243",2009,"female","85-89","all_cause","black",1035
"1244",2009,"female","85-89","all_cause","hispanic",2105
"1245",2009,"female","85-89","all_cause","white",16019
"1246",2009,"male","85-89","all_cause","black",635
"1247",2009,"male","85-89","all_cause","hispanic",1734
"1248",2009,"male","85-89","all_cause","white",12153
"1249",2009,"female","90+","all_cause","black",1161
"1250",2009,"female","90+","all_cause","hispanic",2144
"1251",2009,"female","90+","all_cause","white",18824
"1252",2009,"male","90+","all_cause","black",468
"1253",2009,"male","90+","all_cause","hispanic",1112
"1254",2009,"male","90+","all_cause","white",9442
"1255",2010,"female","0-4","all_cause","black",149
"1256",2010,"female","0-4","all_cause","hispanic",670
"1257",2010,"female","0-4","all_cause","white",327
"1258",2010,"male","0-4","all_cause","black",189
"1259",2010,"male","0-4","all_cause","hispanic",828
"1260",2010,"male","0-4","all_cause","white",425
"1261",2010,"female","10-14","all_cause","black",18
"1262",2010,"female","10-14","all_cause","hispanic",65
"1263",2010,"female","10-14","all_cause","white",38
"1264",2010,"male","10-14","all_cause","black",23
"1265",2010,"male","10-14","all_cause","hispanic",83
"1266",2010,"male","10-14","all_cause","white",51
"1267",2010,"female","15-19","all_cause","black",32
"1268",2010,"female","15-19","all_cause","hispanic",122
"1269",2010,"female","15-19","all_cause","white",95
"1270",2010,"male","15-19","all_cause","black",142
"1271",2010,"male","15-19","all_cause","hispanic",432
"1272",2010,"male","15-19","all_cause","white",229
"1273",2010,"female","20-24","all_cause","black",48
"1274",2010,"female","20-24","all_cause","hispanic",154
"1275",2010,"female","20-24","all_cause","white",176
"1276",2010,"male","20-24","all_cause","black",213
"1277",2010,"male","20-24","all_cause","hispanic",605
"1278",2010,"male","20-24","all_cause","white",543
"1279",2010,"female","25-29","all_cause","black",64
"1280",2010,"female","25-29","all_cause","hispanic",178
"1281",2010,"female","25-29","all_cause","white",220
"1282",2010,"male","25-29","all_cause","black",165
"1283",2010,"male","25-29","all_cause","hispanic",530
"1284",2010,"male","25-29","all_cause","white",531
"1285",2010,"female","30-34","all_cause","black",85
"1286",2010,"female","30-34","all_cause","hispanic",195
"1287",2010,"female","30-34","all_cause","white",259
"1288",2010,"male","30-34","all_cause","black",165
"1289",2010,"male","30-34","all_cause","hispanic",607
"1290",2010,"male","30-34","all_cause","white",561
"1291",2010,"female","35-39","all_cause","black",120
"1292",2010,"female","35-39","all_cause","hispanic",270
"1293",2010,"female","35-39","all_cause","white",438
"1294",2010,"male","35-39","all_cause","black",180
"1295",2010,"male","35-39","all_cause","hispanic",632
"1296",2010,"male","35-39","all_cause","white",733
"1297",2010,"female","40-44","all_cause","black",225
"1298",2010,"female","40-44","all_cause","hispanic",428
"1299",2010,"female","40-44","all_cause","white",742
"1300",2010,"male","40-44","all_cause","black",292
"1301",2010,"male","40-44","all_cause","hispanic",844
"1302",2010,"male","40-44","all_cause","white",1200
"1303",2010,"female","45-49","all_cause","black",379
"1304",2010,"female","45-49","all_cause","hispanic",615
"1305",2010,"female","45-49","all_cause","white",1322
"1306",2010,"male","45-49","all_cause","black",473
"1307",2010,"male","45-49","all_cause","hispanic",1195
"1308",2010,"male","45-49","all_cause","white",2297
"1309",2010,"female","5-9","all_cause","black",NA
"1310",2010,"female","5-9","all_cause","hispanic",54
"1311",2010,"female","5-9","all_cause","white",33
"1312",2010,"male","5-9","all_cause","black",14
"1313",2010,"male","5-9","all_cause","hispanic",69
"1314",2010,"male","5-9","all_cause","white",35
"1315",2010,"female","50-54","all_cause","black",564
"1316",2010,"female","50-54","all_cause","hispanic",789
"1317",2010,"female","50-54","all_cause","white",2252
"1318",2010,"male","50-54","all_cause","black",720
"1319",2010,"male","50-54","all_cause","hispanic",1431
"1320",2010,"male","50-54","all_cause","white",3554
"1321",2010,"female","55-59","all_cause","black",675
"1322",2010,"female","55-59","all_cause","hispanic",1017
"1323",2010,"female","55-59","all_cause","white",2977
"1324",2010,"male","55-59","all_cause","black",870
"1325",2010,"male","55-59","all_cause","hispanic",1629
"1326",2010,"male","55-59","all_cause","white",5122
"1327",2010,"female","60-64","all_cause","black",721
"1328",2010,"female","60-64","all_cause","hispanic",1075
"1329",2010,"female","60-64","all_cause","white",3993
"1330",2010,"male","60-64","all_cause","black",1021
"1331",2010,"male","60-64","all_cause","hispanic",1694
"1332",2010,"male","60-64","all_cause","white",6085
"1333",2010,"female","65-69","all_cause","black",693
"1334",2010,"female","65-69","all_cause","hispanic",1212
"1335",2010,"female","65-69","all_cause","white",4638
"1336",2010,"male","65-69","all_cause","black",876
"1337",2010,"male","65-69","all_cause","hispanic",1599
"1338",2010,"male","65-69","all_cause","white",6184
"1339",2010,"female","70-74","all_cause","black",799
"1340",2010,"female","70-74","all_cause","hispanic",1497
"1341",2010,"female","70-74","all_cause","white",5532
"1342",2010,"male","70-74","all_cause","black",898
"1343",2010,"male","70-74","all_cause","hispanic",1739
"1344",2010,"male","70-74","all_cause","white",6831
"1345",2010,"female","75-79","all_cause","black",843
"1346",2010,"female","75-79","all_cause","hispanic",1816
"1347",2010,"female","75-79","all_cause","white",7830
"1348",2010,"male","75-79","all_cause","black",882
"1349",2010,"male","75-79","all_cause","hispanic",2022
"1350",2010,"male","75-79","all_cause","white",8740
"1351",2010,"female","80-84","all_cause","black",961
"1352",2010,"female","80-84","all_cause","hispanic",2328
"1353",2010,"female","80-84","all_cause","white",12138
"1354",2010,"male","80-84","all_cause","black",781
"1355",2010,"male","80-84","all_cause","hispanic",2155
"1356",2010,"male","80-84","all_cause","white",11302
"1357",2010,"female","85-89","all_cause","black",1050
"1358",2010,"female","85-89","all_cause","hispanic",2403
"1359",2010,"female","85-89","all_cause","white",16125
"1360",2010,"male","85-89","all_cause","black",670
"1361",2010,"male","85-89","all_cause","hispanic",1885
"1362",2010,"male","85-89","all_cause","white",12375
"1363",2010,"female","90+","all_cause","black",1166
"1364",2010,"female","90+","all_cause","hispanic",2361
"1365",2010,"female","90+","all_cause","white",19991
"1366",2010,"male","90+","all_cause","black",440
"1367",2010,"male","90+","all_cause","hispanic",1216
"1368",2010,"male","90+","all_cause","white",10155
"1369",2011,"female","0-4","all_cause","black",148
"1370",2011,"female","0-4","all_cause","hispanic",685
"1371",2011,"female","0-4","all_cause","white",334
"1372",2011,"male","0-4","all_cause","black",202
"1373",2011,"male","0-4","all_cause","hispanic",796
"1374",2011,"male","0-4","all_cause","white",399
"1375",2011,"female","10-14","all_cause","black",12
"1376",2011,"female","10-14","all_cause","hispanic",67
"1377",2011,"female","10-14","all_cause","white",33
"1378",2011,"male","10-14","all_cause","black",15
"1379",2011,"male","10-14","all_cause","hispanic",89
"1380",2011,"male","10-14","all_cause","white",54
"1381",2011,"female","15-19","all_cause","black",43
"1382",2011,"female","15-19","all_cause","hispanic",121
"1383",2011,"female","15-19","all_cause","white",96
"1384",2011,"male","15-19","all_cause","black",114
"1385",2011,"male","15-19","all_cause","hispanic",405
"1386",2011,"male","15-19","all_cause","white",244
"1387",2011,"female","20-24","all_cause","black",51
"1388",2011,"female","20-24","all_cause","hispanic",185
"1389",2011,"female","20-24","all_cause","white",192
"1390",2011,"male","20-24","all_cause","black",209
"1391",2011,"male","20-24","all_cause","hispanic",627
"1392",2011,"male","20-24","all_cause","white",530
"1393",2011,"female","25-29","all_cause","black",69
"1394",2011,"female","25-29","all_cause","hispanic",179
"1395",2011,"female","25-29","all_cause","white",205
"1396",2011,"male","25-29","all_cause","black",187
"1397",2011,"male","25-29","all_cause","hispanic",548
"1398",2011,"male","25-29","all_cause","white",608
"1399",2011,"female","30-34","all_cause","black",93
"1400",2011,"female","30-34","all_cause","hispanic",216
"1401",2011,"female","30-34","all_cause","white",275
"1402",2011,"male","30-34","all_cause","black",184
"1403",2011,"male","30-34","all_cause","hispanic",595
"1404",2011,"male","30-34","all_cause","white",628
"1405",2011,"female","35-39","all_cause","black",124
"1406",2011,"female","35-39","all_cause","hispanic",291
"1407",2011,"female","35-39","all_cause","white",383
"1408",2011,"male","35-39","all_cause","black",181
"1409",2011,"male","35-39","all_cause","hispanic",642
"1410",2011,"male","35-39","all_cause","white",690
"1411",2011,"female","40-44","all_cause","black",204
"1412",2011,"female","40-44","all_cause","hispanic",427
"1413",2011,"female","40-44","all_cause","white",743
"1414",2011,"male","40-44","all_cause","black",296
"1415",2011,"male","40-44","all_cause","hispanic",837
"1416",2011,"male","40-44","all_cause","white",1241
"1417",2011,"female","45-49","all_cause","black",335
"1418",2011,"female","45-49","all_cause","hispanic",632
"1419",2011,"female","45-49","all_cause","white",1342
"1420",2011,"male","45-49","all_cause","black",499
"1421",2011,"male","45-49","all_cause","hispanic",1286
"1422",2011,"male","45-49","all_cause","white",2157
"1423",2011,"female","5-9","all_cause","black",NA
"1424",2011,"female","5-9","all_cause","hispanic",50
"1425",2011,"female","5-9","all_cause","white",31
"1426",2011,"male","5-9","all_cause","black",16
"1427",2011,"male","5-9","all_cause","hispanic",55
"1428",2011,"male","5-9","all_cause","white",37
"1429",2011,"female","50-54","all_cause","black",540
"1430",2011,"female","50-54","all_cause","hispanic",864
"1431",2011,"female","50-54","all_cause","white",2273
"1432",2011,"male","50-54","all_cause","black",706
"1433",2011,"male","50-54","all_cause","hispanic",1621
"1434",2011,"male","50-54","all_cause","white",3606
"1435",2011,"female","55-59","all_cause","black",709
"1436",2011,"female","55-59","all_cause","hispanic",1016
"1437",2011,"female","55-59","all_cause","white",2930
"1438",2011,"male","55-59","all_cause","black",918
"1439",2011,"male","55-59","all_cause","hispanic",1761
"1440",2011,"male","55-59","all_cause","white",5159
"1441",2011,"female","60-64","all_cause","black",755
"1442",2011,"female","60-64","all_cause","hispanic",1156
"1443",2011,"female","60-64","all_cause","white",4158
"1444",2011,"male","60-64","all_cause","black",1053
"1445",2011,"male","60-64","all_cause","hispanic",1737
"1446",2011,"male","60-64","all_cause","white",6301
"1447",2011,"female","65-69","all_cause","black",717
"1448",2011,"female","65-69","all_cause","hispanic",1242
"1449",2011,"female","65-69","all_cause","white",4596
"1450",2011,"male","65-69","all_cause","black",880
"1451",2011,"male","65-69","all_cause","hispanic",1712
"1452",2011,"male","65-69","all_cause","white",6399
"1453",2011,"female","70-74","all_cause","black",783
"1454",2011,"female","70-74","all_cause","hispanic",1536
"1455",2011,"female","70-74","all_cause","white",5657
"1456",2011,"male","70-74","all_cause","black",979
"1457",2011,"male","70-74","all_cause","hispanic",1785
"1458",2011,"male","70-74","all_cause","white",6937
"1459",2011,"female","75-79","all_cause","black",938
"1460",2011,"female","75-79","all_cause","hispanic",1887
"1461",2011,"female","75-79","all_cause","white",7719
"1462",2011,"male","75-79","all_cause","black",920
"1463",2011,"male","75-79","all_cause","hispanic",2047
"1464",2011,"male","75-79","all_cause","white",8729
"1465",2011,"female","80-84","all_cause","black",1015
"1466",2011,"female","80-84","all_cause","hispanic",2467
"1467",2011,"female","80-84","all_cause","white",11782
"1468",2011,"male","80-84","all_cause","black",841
"1469",2011,"male","80-84","all_cause","hispanic",2247
"1470",2011,"male","80-84","all_cause","white",11444
"1471",2011,"female","85-89","all_cause","black",1075
"1472",2011,"female","85-89","all_cause","hispanic",2582
"1473",2011,"female","85-89","all_cause","white",16174
"1474",2011,"male","85-89","all_cause","black",698
"1475",2011,"male","85-89","all_cause","hispanic",1926
"1476",2011,"male","85-89","all_cause","white",12363
"1477",2011,"female","90+","all_cause","black",1294
"1478",2011,"female","90+","all_cause","hispanic",2701
"1479",2011,"female","90+","all_cause","white",21168
"1480",2011,"male","90+","all_cause","black",505
"1481",2011,"male","90+","all_cause","hispanic",1351
"1482",2011,"male","90+","all_cause","white",10976
"1483",2012,"female","0-4","all_cause","black",141
"1484",2012,"female","0-4","all_cause","hispanic",654
"1485",2012,"female","0-4","all_cause","white",289
"1486",2012,"male","0-4","all_cause","black",198
"1487",2012,"male","0-4","all_cause","hispanic",708
"1488",2012,"male","0-4","all_cause","white",389
"1489",2012,"female","10-14","all_cause","black",12
"1490",2012,"female","10-14","all_cause","hispanic",57
"1491",2012,"female","10-14","all_cause","white",44
"1492",2012,"male","10-14","all_cause","black",21
"1493",2012,"male","10-14","all_cause","hispanic",82
"1494",2012,"male","10-14","all_cause","white",41
"1495",2012,"female","15-19","all_cause","black",31
"1496",2012,"female","15-19","all_cause","hispanic",100
"1497",2012,"female","15-19","all_cause","white",81
"1498",2012,"male","15-19","all_cause","black",113
"1499",2012,"male","15-19","all_cause","hispanic",386
"1500",2012,"male","15-19","all_cause","white",214
"1501",2012,"female","20-24","all_cause","black",68
"1502",2012,"female","20-24","all_cause","hispanic",154
"1503",2012,"female","20-24","all_cause","white",177
"1504",2012,"male","20-24","all_cause","black",208
"1505",2012,"male","20-24","all_cause","hispanic",614
"1506",2012,"male","20-24","all_cause","white",534
"1507",2012,"female","25-29","all_cause","black",59
"1508",2012,"female","25-29","all_cause","hispanic",164
"1509",2012,"female","25-29","all_cause","white",251
"1510",2012,"male","25-29","all_cause","black",177
"1511",2012,"male","25-29","all_cause","hispanic",599
"1512",2012,"male","25-29","all_cause","white",601
"1513",2012,"female","30-34","all_cause","black",91
"1514",2012,"female","30-34","all_cause","hispanic",229
"1515",2012,"female","30-34","all_cause","white",285
"1516",2012,"male","30-34","all_cause","black",196
"1517",2012,"male","30-34","all_cause","hispanic",612
"1518",2012,"male","30-34","all_cause","white",596
"1519",2012,"female","35-39","all_cause","black",112
"1520",2012,"female","35-39","all_cause","hispanic",287
"1521",2012,"female","35-39","all_cause","white",370
"1522",2012,"male","35-39","all_cause","black",189
"1523",2012,"male","35-39","all_cause","hispanic",625
"1524",2012,"male","35-39","all_cause","white",714
"1525",2012,"female","40-44","all_cause","black",200
"1526",2012,"female","40-44","all_cause","hispanic",429
"1527",2012,"female","40-44","all_cause","white",703
"1528",2012,"male","40-44","all_cause","black",260
"1529",2012,"male","40-44","all_cause","hispanic",856
"1530",2012,"male","40-44","all_cause","white",1141
"1531",2012,"female","45-49","all_cause","black",316
"1532",2012,"female","45-49","all_cause","hispanic",666
"1533",2012,"female","45-49","all_cause","white",1313
"1534",2012,"male","45-49","all_cause","black",434
"1535",2012,"male","45-49","all_cause","hispanic",1163
"1536",2012,"male","45-49","all_cause","white",2065
"1537",2012,"female","5-9","all_cause","black",NA
"1538",2012,"female","5-9","all_cause","hispanic",52
"1539",2012,"female","5-9","all_cause","white",18
"1540",2012,"male","5-9","all_cause","black",13
"1541",2012,"male","5-9","all_cause","hispanic",65
"1542",2012,"male","5-9","all_cause","white",27
"1543",2012,"female","50-54","all_cause","black",541
"1544",2012,"female","50-54","all_cause","hispanic",893
"1545",2012,"female","50-54","all_cause","white",2176
"1546",2012,"male","50-54","all_cause","black",702
"1547",2012,"male","50-54","all_cause","hispanic",1623
"1548",2012,"male","50-54","all_cause","white",3621
"1549",2012,"female","55-59","all_cause","black",680
"1550",2012,"female","55-59","all_cause","hispanic",1087
"1551",2012,"female","55-59","all_cause","white",3054
"1552",2012,"male","55-59","all_cause","black",933
"1553",2012,"male","55-59","all_cause","hispanic",1906
"1554",2012,"male","55-59","all_cause","white",5222
"1555",2012,"female","60-64","all_cause","black",785
"1556",2012,"female","60-64","all_cause","hispanic",1196
"1557",2012,"female","60-64","all_cause","white",4136
"1558",2012,"male","60-64","all_cause","black",1086
"1559",2012,"male","60-64","all_cause","hispanic",1916
"1560",2012,"male","60-64","all_cause","white",6347
"1561",2012,"female","65-69","all_cause","black",735
"1562",2012,"female","65-69","all_cause","hispanic",1354
"1563",2012,"female","65-69","all_cause","white",4996
"1564",2012,"male","65-69","all_cause","black",958
"1565",2012,"male","65-69","all_cause","hispanic",1802
"1566",2012,"male","65-69","all_cause","white",7061
"1567",2012,"female","70-74","all_cause","black",812
"1568",2012,"female","70-74","all_cause","hispanic",1512
"1569",2012,"female","70-74","all_cause","white",5661
"1570",2012,"male","70-74","all_cause","black",930
"1571",2012,"male","70-74","all_cause","hispanic",1772
"1572",2012,"male","70-74","all_cause","white",7286
"1573",2012,"female","75-79","all_cause","black",894
"1574",2012,"female","75-79","all_cause","hispanic",1959
"1575",2012,"female","75-79","all_cause","white",7734
"1576",2012,"male","75-79","all_cause","black",964
"1577",2012,"male","75-79","all_cause","hispanic",2065
"1578",2012,"male","75-79","all_cause","white",8499
"1579",2012,"female","80-84","all_cause","black",975
"1580",2012,"female","80-84","all_cause","hispanic",2572
"1581",2012,"female","80-84","all_cause","white",11301
"1582",2012,"male","80-84","all_cause","black",863
"1583",2012,"male","80-84","all_cause","hispanic",2202
"1584",2012,"male","80-84","all_cause","white",11163
"1585",2012,"female","85-89","all_cause","black",1086
"1586",2012,"female","85-89","all_cause","hispanic",2656
"1587",2012,"female","85-89","all_cause","white",15780
"1588",2012,"male","85-89","all_cause","black",660
"1589",2012,"male","85-89","all_cause","hispanic",2039
"1590",2012,"male","85-89","all_cause","white",12213
"1591",2012,"female","90+","all_cause","black",1303
"1592",2012,"female","90+","all_cause","hispanic",2829
"1593",2012,"female","90+","all_cause","white",21557
"1594",2012,"male","90+","all_cause","black",525
"1595",2012,"male","90+","all_cause","hispanic",1457
"1596",2012,"male","90+","all_cause","white",11559
"1597",2013,"female","0-4","all_cause","black",148
"1598",2013,"female","0-4","all_cause","hispanic",621
"1599",2013,"female","0-4","all_cause","white",313
"1600",2013,"male","0-4","all_cause","black",202
"1601",2013,"male","0-4","all_cause","hispanic",778
"1602",2013,"male","0-4","all_cause","white",397
"1603",2013,"female","10-14","all_cause","black",16
"1604",2013,"female","10-14","all_cause","hispanic",77
"1605",2013,"female","10-14","all_cause","white",31
"1606",2013,"male","10-14","all_cause","black",18
"1607",2013,"male","10-14","all_cause","hispanic",92
"1608",2013,"male","10-14","all_cause","white",50
"1609",2013,"female","15-19","all_cause","black",37
"1610",2013,"female","15-19","all_cause","hispanic",98
"1611",2013,"female","15-19","all_cause","white",103
"1612",2013,"male","15-19","all_cause","black",110
"1613",2013,"male","15-19","all_cause","hispanic",348
"1614",2013,"male","15-19","all_cause","white",214
"1615",2013,"female","20-24","all_cause","black",44
"1616",2013,"female","20-24","all_cause","hispanic",183
"1617",2013,"female","20-24","all_cause","white",177
"1618",2013,"male","20-24","all_cause","black",227
"1619",2013,"male","20-24","all_cause","hispanic",686
"1620",2013,"male","20-24","all_cause","white",508
"1621",2013,"female","25-29","all_cause","black",59
"1622",2013,"female","25-29","all_cause","hispanic",181
"1623",2013,"female","25-29","all_cause","white",237
"1624",2013,"male","25-29","all_cause","black",151
"1625",2013,"male","25-29","all_cause","hispanic",591
"1626",2013,"male","25-29","all_cause","white",607
"1627",2013,"female","30-34","all_cause","black",90
"1628",2013,"female","30-34","all_cause","hispanic",256
"1629",2013,"female","30-34","all_cause","white",264
"1630",2013,"male","30-34","all_cause","black",211
"1631",2013,"male","30-34","all_cause","hispanic",621
"1632",2013,"male","30-34","all_cause","white",680
"1633",2013,"female","35-39","all_cause","black",122
"1634",2013,"female","35-39","all_cause","hispanic",312
"1635",2013,"female","35-39","all_cause","white",376
"1636",2013,"male","35-39","all_cause","black",204
"1637",2013,"male","35-39","all_cause","hispanic",685
"1638",2013,"male","35-39","all_cause","white",701
"1639",2013,"female","40-44","all_cause","black",190
"1640",2013,"female","40-44","all_cause","hispanic",468
"1641",2013,"female","40-44","all_cause","white",643
"1642",2013,"male","40-44","all_cause","black",277
"1643",2013,"male","40-44","all_cause","hispanic",873
"1644",2013,"male","40-44","all_cause","white",1172
"1645",2013,"female","45-49","all_cause","black",301
"1646",2013,"female","45-49","all_cause","hispanic",617
"1647",2013,"female","45-49","all_cause","white",1134
"1648",2013,"male","45-49","all_cause","black",431
"1649",2013,"male","45-49","all_cause","hispanic",1261
"1650",2013,"male","45-49","all_cause","white",1963
"1651",2013,"female","5-9","all_cause","black",14
"1652",2013,"female","5-9","all_cause","hispanic",66
"1653",2013,"female","5-9","all_cause","white",34
"1654",2013,"male","5-9","all_cause","black",11
"1655",2013,"male","5-9","all_cause","hispanic",54
"1656",2013,"male","5-9","all_cause","white",40
"1657",2013,"female","50-54","all_cause","black",500
"1658",2013,"female","50-54","all_cause","hispanic",905
"1659",2013,"female","50-54","all_cause","white",2252
"1660",2013,"male","50-54","all_cause","black",675
"1661",2013,"male","50-54","all_cause","hispanic",1673
"1662",2013,"male","50-54","all_cause","white",3488
"1663",2013,"female","55-59","all_cause","black",659
"1664",2013,"female","55-59","all_cause","hispanic",1109
"1665",2013,"female","55-59","all_cause","white",3113
"1666",2013,"male","55-59","all_cause","black",917
"1667",2013,"male","55-59","all_cause","hispanic",2002
"1668",2013,"male","55-59","all_cause","white",5083
"1669",2013,"female","60-64","all_cause","black",785
"1670",2013,"female","60-64","all_cause","hispanic",1325
"1671",2013,"female","60-64","all_cause","white",3989
"1672",2013,"male","60-64","all_cause","black",1147
"1673",2013,"male","60-64","all_cause","hispanic",2049
"1674",2013,"male","60-64","all_cause","white",6484
"1675",2013,"female","65-69","all_cause","black",783
"1676",2013,"female","65-69","all_cause","hispanic",1403
"1677",2013,"female","65-69","all_cause","white",4997
"1678",2013,"male","65-69","all_cause","black",978
"1679",2013,"male","65-69","all_cause","hispanic",1928
"1680",2013,"male","65-69","all_cause","white",7203
"1681",2013,"female","70-74","all_cause","black",844
"1682",2013,"female","70-74","all_cause","hispanic",1591
"1683",2013,"female","70-74","all_cause","white",6024
"1684",2013,"male","70-74","all_cause","black",1030
"1685",2013,"male","70-74","all_cause","hispanic",2046
"1686",2013,"male","70-74","all_cause","white",7601
"1687",2013,"female","75-79","all_cause","black",933
"1688",2013,"female","75-79","all_cause","hispanic",2024
"1689",2013,"female","75-79","all_cause","white",7736
"1690",2013,"male","75-79","all_cause","black",1071
"1691",2013,"male","75-79","all_cause","hispanic",2098
"1692",2013,"male","75-79","all_cause","white",8627
"1693",2013,"female","80-84","all_cause","black",999
"1694",2013,"female","80-84","all_cause","hispanic",2647
"1695",2013,"female","80-84","all_cause","white",10965
"1696",2013,"male","80-84","all_cause","black",880
"1697",2013,"male","80-84","all_cause","hispanic",2327
"1698",2013,"male","80-84","all_cause","white",11222
"1699",2013,"female","85-89","all_cause","black",1005
"1700",2013,"female","85-89","all_cause","hispanic",2821
"1701",2013,"female","85-89","all_cause","white",15616
"1702",2013,"male","85-89","all_cause","black",680
"1703",2013,"male","85-89","all_cause","hispanic",2173
"1704",2013,"male","85-89","all_cause","white",12103
"1705",2013,"female","90+","all_cause","black",1350
"1706",2013,"female","90+","all_cause","hispanic",3098
"1707",2013,"female","90+","all_cause","white",22462
"1708",2013,"male","90+","all_cause","black",552
"1709",2013,"male","90+","all_cause","hispanic",1692
"1710",2013,"male","90+","all_cause","white",12261
"1711",2014,"female","0-4","all_cause","black",159
"1712",2014,"female","0-4","all_cause","hispanic",593
"1713",2014,"female","0-4","all_cause","white",272
"1714",2014,"male","0-4","all_cause","black",199
"1715",2014,"male","0-4","all_cause","hispanic",680
"1716",2014,"male","0-4","all_cause","white",358
"1717",2014,"female","10-14","all_cause","black",NA
"1718",2014,"female","10-14","all_cause","hispanic",59
"1719",2014,"female","10-14","all_cause","white",28
"1720",2014,"male","10-14","all_cause","black",18
"1721",2014,"male","10-14","all_cause","hispanic",102
"1722",2014,"male","10-14","all_cause","white",47
"1723",2014,"female","15-19","all_cause","black",32
"1724",2014,"female","15-19","all_cause","hispanic",121
"1725",2014,"female","15-19","all_cause","white",94
"1726",2014,"male","15-19","all_cause","black",90
"1727",2014,"male","15-19","all_cause","hispanic",359
"1728",2014,"male","15-19","all_cause","white",196
"1729",2014,"female","20-24","all_cause","black",59
"1730",2014,"female","20-24","all_cause","hispanic",192
"1731",2014,"female","20-24","all_cause","white",161
"1732",2014,"male","20-24","all_cause","black",209
"1733",2014,"male","20-24","all_cause","hispanic",639
"1734",2014,"male","20-24","all_cause","white",471
"1735",2014,"female","25-29","all_cause","black",79
"1736",2014,"female","25-29","all_cause","hispanic",204
"1737",2014,"female","25-29","all_cause","white",228
"1738",2014,"male","25-29","all_cause","black",205
"1739",2014,"male","25-29","all_cause","hispanic",632
"1740",2014,"male","25-29","all_cause","white",632
"1741",2014,"female","30-34","all_cause","black",83
"1742",2014,"female","30-34","all_cause","hispanic",230
"1743",2014,"female","30-34","all_cause","white",317
"1744",2014,"male","30-34","all_cause","black",201
"1745",2014,"male","30-34","all_cause","hispanic",592
"1746",2014,"male","30-34","all_cause","white",678
"1747",2014,"female","35-39","all_cause","black",132
"1748",2014,"female","35-39","all_cause","hispanic",337
"1749",2014,"female","35-39","all_cause","white",404
"1750",2014,"male","35-39","all_cause","black",203
"1751",2014,"male","35-39","all_cause","hispanic",710
"1752",2014,"male","35-39","all_cause","white",686
"1753",2014,"female","40-44","all_cause","black",193
"1754",2014,"female","40-44","all_cause","hispanic",487
"1755",2014,"female","40-44","all_cause","white",625
"1756",2014,"male","40-44","all_cause","black",256
"1757",2014,"male","40-44","all_cause","hispanic",889
"1758",2014,"male","40-44","all_cause","white",1037
"1759",2014,"female","45-49","all_cause","black",320
"1760",2014,"female","45-49","all_cause","hispanic",652
"1761",2014,"female","45-49","all_cause","white",1178
"1762",2014,"male","45-49","all_cause","black",415
"1763",2014,"male","45-49","all_cause","hispanic",1233
"1764",2014,"male","45-49","all_cause","white",1889
"1765",2014,"female","5-9","all_cause","black",NA
"1766",2014,"female","5-9","all_cause","hispanic",39
"1767",2014,"female","5-9","all_cause","white",37
"1768",2014,"male","5-9","all_cause","black",10
"1769",2014,"male","5-9","all_cause","hispanic",84
"1770",2014,"male","5-9","all_cause","white",27
"1771",2014,"female","50-54","all_cause","black",532
"1772",2014,"female","50-54","all_cause","hispanic",915
"1773",2014,"female","50-54","all_cause","white",2058
"1774",2014,"male","50-54","all_cause","black",682
"1775",2014,"male","50-54","all_cause","hispanic",1742
"1776",2014,"male","50-54","all_cause","white",3373
"1777",2014,"female","55-59","all_cause","black",754
"1778",2014,"female","55-59","all_cause","hispanic",1198
"1779",2014,"female","55-59","all_cause","white",3153
"1780",2014,"male","55-59","all_cause","black",1002
"1781",2014,"male","55-59","all_cause","hispanic",2042
"1782",2014,"male","55-59","all_cause","white",5108
"1783",2014,"female","60-64","all_cause","black",781
"1784",2014,"female","60-64","all_cause","hispanic",1420
"1785",2014,"female","60-64","all_cause","white",3975
"1786",2014,"male","60-64","all_cause","black",1168
"1787",2014,"male","60-64","all_cause","hispanic",2096
"1788",2014,"male","60-64","all_cause","white",6475
"1789",2014,"female","65-69","all_cause","black",782
"1790",2014,"female","65-69","all_cause","hispanic",1482
"1791",2014,"female","65-69","all_cause","white",5130
"1792",2014,"male","65-69","all_cause","black",1043
"1793",2014,"male","65-69","all_cause","hispanic",2004
"1794",2014,"male","65-69","all_cause","white",7331
"1795",2014,"female","70-74","all_cause","black",799
"1796",2014,"female","70-74","all_cause","hispanic",1590
"1797",2014,"female","70-74","all_cause","white",6004
"1798",2014,"male","70-74","all_cause","black",1000
"1799",2014,"male","70-74","all_cause","hispanic",1994
"1800",2014,"male","70-74","all_cause","white",7898
"1801",2014,"female","75-79","all_cause","black",945
"1802",2014,"female","75-79","all_cause","hispanic",2018
"1803",2014,"female","75-79","all_cause","white",7562
"1804",2014,"male","75-79","all_cause","black",1042
"1805",2014,"male","75-79","all_cause","hispanic",2147
"1806",2014,"male","75-79","all_cause","white",8620
"1807",2014,"female","80-84","all_cause","black",996
"1808",2014,"female","80-84","all_cause","hispanic",2430
"1809",2014,"female","80-84","all_cause","white",10411
"1810",2014,"male","80-84","all_cause","black",884
"1811",2014,"male","80-84","all_cause","hispanic",2309
"1812",2014,"male","80-84","all_cause","white",10962
"1813",2014,"female","85-89","all_cause","black",997
"1814",2014,"female","85-89","all_cause","hispanic",2828
"1815",2014,"female","85-89","all_cause","white",14292
"1816",2014,"male","85-89","all_cause","black",658
"1817",2014,"male","85-89","all_cause","hispanic",2142
"1818",2014,"male","85-89","all_cause","white",11430
"1819",2014,"female","90+","all_cause","black",1299
"1820",2014,"female","90+","all_cause","hispanic",3188
"1821",2014,"female","90+","all_cause","white",22255
"1822",2014,"male","90+","all_cause","black",602
"1823",2014,"male","90+","all_cause","hispanic",1849
"1824",2014,"male","90+","all_cause","white",12069
"1825",2015,"female","0-4","all_cause","black",104
"1826",2015,"female","0-4","all_cause","hispanic",603
"1827",2015,"female","0-4","all_cause","white",283
"1828",2015,"male","0-4","all_cause","black",190
"1829",2015,"male","0-4","all_cause","hispanic",690
"1830",2015,"male","0-4","all_cause","white",363
"1831",2015,"female","10-14","all_cause","black",NA
"1832",2015,"female","10-14","all_cause","hispanic",56
"1833",2015,"female","10-14","all_cause","white",46
"1834",2015,"male","10-14","all_cause","black",19
"1835",2015,"male","10-14","all_cause","hispanic",84
"1836",2015,"male","10-14","all_cause","white",39
"1837",2015,"female","15-19","all_cause","black",28
"1838",2015,"female","15-19","all_cause","hispanic",143
"1839",2015,"female","15-19","all_cause","white",91
"1840",2015,"male","15-19","all_cause","black",92
"1841",2015,"male","15-19","all_cause","hispanic",397
"1842",2015,"male","15-19","all_cause","white",198
"1843",2015,"female","20-24","all_cause","black",48
"1844",2015,"female","20-24","all_cause","hispanic",202
"1845",2015,"female","20-24","all_cause","white",175
"1846",2015,"male","20-24","all_cause","black",198
"1847",2015,"male","20-24","all_cause","hispanic",719
"1848",2015,"male","20-24","all_cause","white",503
"1849",2015,"female","25-29","all_cause","black",83
"1850",2015,"female","25-29","all_cause","hispanic",201
"1851",2015,"female","25-29","all_cause","white",257
"1852",2015,"male","25-29","all_cause","black",219
"1853",2015,"male","25-29","all_cause","hispanic",675
"1854",2015,"male","25-29","all_cause","white",679
"1855",2015,"female","30-34","all_cause","black",95
"1856",2015,"female","30-34","all_cause","hispanic",266
"1857",2015,"female","30-34","all_cause","white",302
"1858",2015,"male","30-34","all_cause","black",196
"1859",2015,"male","30-34","all_cause","hispanic",675
"1860",2015,"male","30-34","all_cause","white",691
"1861",2015,"female","35-39","all_cause","black",137
"1862",2015,"female","35-39","all_cause","hispanic",345
"1863",2015,"female","35-39","all_cause","white",386
"1864",2015,"male","35-39","all_cause","black",238
"1865",2015,"male","35-39","all_cause","hispanic",752
"1866",2015,"male","35-39","all_cause","white",835
"1867",2015,"female","40-44","all_cause","black",189
"1868",2015,"female","40-44","all_cause","hispanic",493
"1869",2015,"female","40-44","all_cause","white",599
"1870",2015,"male","40-44","all_cause","black",274
"1871",2015,"male","40-44","all_cause","hispanic",907
"1872",2015,"male","40-44","all_cause","white",1058
"1873",2015,"female","45-49","all_cause","black",286
"1874",2015,"female","45-49","all_cause","hispanic",674
"1875",2015,"female","45-49","all_cause","white",1103
"1876",2015,"male","45-49","all_cause","black",401
"1877",2015,"male","45-49","all_cause","hispanic",1285
"1878",2015,"male","45-49","all_cause","white",1847
"1879",2015,"female","5-9","all_cause","black",NA
"1880",2015,"female","5-9","all_cause","hispanic",38
"1881",2015,"female","5-9","all_cause","white",28
"1882",2015,"male","5-9","all_cause","black",16
"1883",2015,"male","5-9","all_cause","hispanic",64
"1884",2015,"male","5-9","all_cause","white",35
"1885",2015,"female","50-54","all_cause","black",537
"1886",2015,"female","50-54","all_cause","hispanic",973
"1887",2015,"female","50-54","all_cause","white",2095
"1888",2015,"male","50-54","all_cause","black",700
"1889",2015,"male","50-54","all_cause","hispanic",1762
"1890",2015,"male","50-54","all_cause","white",3190
"1891",2015,"female","55-59","all_cause","black",713
"1892",2015,"female","55-59","all_cause","hispanic",1178
"1893",2015,"female","55-59","all_cause","white",3145
"1894",2015,"male","55-59","all_cause","black",1064
"1895",2015,"male","55-59","all_cause","hispanic",2221
"1896",2015,"male","55-59","all_cause","white",5122
"1897",2015,"female","60-64","all_cause","black",819
"1898",2015,"female","60-64","all_cause","hispanic",1476
"1899",2015,"female","60-64","all_cause","white",4065
"1900",2015,"male","60-64","all_cause","black",1259
"1901",2015,"male","60-64","all_cause","hispanic",2356
"1902",2015,"male","60-64","all_cause","white",6562
"1903",2015,"female","65-69","all_cause","black",850
"1904",2015,"female","65-69","all_cause","hispanic",1664
"1905",2015,"female","65-69","all_cause","white",5510
"1906",2015,"male","65-69","all_cause","black",1200
"1907",2015,"male","65-69","all_cause","hispanic",2225
"1908",2015,"male","65-69","all_cause","white",7920
"1909",2015,"female","70-74","all_cause","black",940
"1910",2015,"female","70-74","all_cause","hispanic",1748
"1911",2015,"female","70-74","all_cause","white",6424
"1912",2015,"male","70-74","all_cause","black",1030
"1913",2015,"male","70-74","all_cause","hispanic",2172
"1914",2015,"male","70-74","all_cause","white",8362
"1915",2015,"female","75-79","all_cause","black",987
"1916",2015,"female","75-79","all_cause","hispanic",2094
"1917",2015,"female","75-79","all_cause","white",7864
"1918",2015,"male","75-79","all_cause","black",1079
"1919",2015,"male","75-79","all_cause","hispanic",2212
"1920",2015,"male","75-79","all_cause","white",9017
"1921",2015,"female","80-84","all_cause","black",1042
"1922",2015,"female","80-84","all_cause","hispanic",2614
"1923",2015,"female","80-84","all_cause","white",10633
"1924",2015,"male","80-84","all_cause","black",932
"1925",2015,"male","80-84","all_cause","hispanic",2497
"1926",2015,"male","80-84","all_cause","white",10956
"1927",2015,"female","85-89","all_cause","black",1077
"1928",2015,"female","85-89","all_cause","hispanic",3095
"1929",2015,"female","85-89","all_cause","white",14539
"1930",2015,"male","85-89","all_cause","black",696
"1931",2015,"male","85-89","all_cause","hispanic",2301
"1932",2015,"male","85-89","all_cause","white",11987
"1933",2015,"female","90+","all_cause","black",1523
"1934",2015,"female","90+","all_cause","hispanic",3638
"1935",2015,"female","90+","all_cause","white",23966
"1936",2015,"male","90+","all_cause","black",579
"1937",2015,"male","90+","all_cause","hispanic",2056
"1938",2015,"male","90+","all_cause","white",13138
"1939",2016,"female","0-4","all_cause","black",148
"1940",2016,"female","0-4","all_cause","hispanic",545
"1941",2016,"female","0-4","all_cause","white",268
"1942",2016,"male","0-4","all_cause","black",153
"1943",2016,"male","0-4","all_cause","hispanic",681
"1944",2016,"male","0-4","all_cause","white",380
"1945",2016,"female","10-14","all_cause","black",13
"1946",2016,"female","10-14","all_cause","hispanic",52
"1947",2016,"female","10-14","all_cause","white",39
"1948",2016,"male","10-14","all_cause","black",13
"1949",2016,"male","10-14","all_cause","hispanic",84
"1950",2016,"male","10-14","all_cause","white",43
"1951",2016,"female","15-19","all_cause","black",32
"1952",2016,"female","15-19","all_cause","hispanic",150
"1953",2016,"female","15-19","all_cause","white",83
"1954",2016,"male","15-19","all_cause","black",90
"1955",2016,"male","15-19","all_cause","hispanic",401
"1956",2016,"male","15-19","all_cause","white",209
"1957",2016,"female","20-24","all_cause","black",53
"1958",2016,"female","20-24","all_cause","hispanic",215
"1959",2016,"female","20-24","all_cause","white",152
"1960",2016,"male","20-24","all_cause","black",218
"1961",2016,"male","20-24","all_cause","hispanic",761
"1962",2016,"male","20-24","all_cause","white",516
"1963",2016,"female","25-29","all_cause","black",78
"1964",2016,"female","25-29","all_cause","hispanic",244
"1965",2016,"female","25-29","all_cause","white",241
"1966",2016,"male","25-29","all_cause","black",243
"1967",2016,"male","25-29","all_cause","hispanic",818
"1968",2016,"male","25-29","all_cause","white",712
"1969",2016,"female","30-34","all_cause","black",110
"1970",2016,"female","30-34","all_cause","hispanic",276
"1971",2016,"female","30-34","all_cause","white",354
"1972",2016,"male","30-34","all_cause","black",240
"1973",2016,"male","30-34","all_cause","hispanic",678
"1974",2016,"male","30-34","all_cause","white",731
"1975",2016,"female","35-39","all_cause","black",116
"1976",2016,"female","35-39","all_cause","hispanic",349
"1977",2016,"female","35-39","all_cause","white",419
"1978",2016,"male","35-39","all_cause","black",237
"1979",2016,"male","35-39","all_cause","hispanic",835
"1980",2016,"male","35-39","all_cause","white",828
"1981",2016,"female","40-44","all_cause","black",193
"1982",2016,"female","40-44","all_cause","hispanic",479
"1983",2016,"female","40-44","all_cause","white",562
"1984",2016,"male","40-44","all_cause","black",275
"1985",2016,"male","40-44","all_cause","hispanic",995
"1986",2016,"male","40-44","all_cause","white",958
"1987",2016,"female","45-49","all_cause","black",302
"1988",2016,"female","45-49","all_cause","hispanic",709
"1989",2016,"female","45-49","all_cause","white",1119
"1990",2016,"male","45-49","all_cause","black",436
"1991",2016,"male","45-49","all_cause","hispanic",1276
"1992",2016,"male","45-49","all_cause","white",1700
"1993",2016,"female","5-9","all_cause","black",NA
"1994",2016,"female","5-9","all_cause","hispanic",69
"1995",2016,"female","5-9","all_cause","white",31
"1996",2016,"male","5-9","all_cause","black",14
"1997",2016,"male","5-9","all_cause","hispanic",72
"1998",2016,"male","5-9","all_cause","white",34
"1999",2016,"female","50-54","all_cause","black",489
"2000",2016,"female","50-54","all_cause","hispanic",978
"2001",2016,"female","50-54","all_cause","white",1894
"2002",2016,"male","50-54","all_cause","black",660
"2003",2016,"male","50-54","all_cause","hispanic",1890
"2004",2016,"male","50-54","all_cause","white",3172
"2005",2016,"female","55-59","all_cause","black",782
"2006",2016,"female","55-59","all_cause","hispanic",1298
"2007",2016,"female","55-59","all_cause","white",3067
"2008",2016,"male","55-59","all_cause","black",1024
"2009",2016,"male","55-59","all_cause","hispanic",2280
"2010",2016,"male","55-59","all_cause","white",4997
"2011",2016,"female","60-64","all_cause","black",878
"2012",2016,"female","60-64","all_cause","hispanic",1577
"2013",2016,"female","60-64","all_cause","white",4131
"2014",2016,"male","60-64","all_cause","black",1295
"2015",2016,"male","60-64","all_cause","hispanic",2386
"2016",2016,"male","60-64","all_cause","white",6863
"2017",2016,"female","65-69","all_cause","black",985
"2018",2016,"female","65-69","all_cause","hispanic",1682
"2019",2016,"female","65-69","all_cause","white",5578
"2020",2016,"male","65-69","all_cause","black",1238
"2021",2016,"male","65-69","all_cause","hispanic",2325
"2022",2016,"male","65-69","all_cause","white",8051
"2023",2016,"female","70-74","all_cause","black",868
"2024",2016,"female","70-74","all_cause","hispanic",1814
"2025",2016,"female","70-74","all_cause","white",6607
"2026",2016,"male","70-74","all_cause","black",1056
"2027",2016,"male","70-74","all_cause","hispanic",2279
"2028",2016,"male","70-74","all_cause","white",8514
"2029",2016,"female","75-79","all_cause","black",1002
"2030",2016,"female","75-79","all_cause","hispanic",2221
"2031",2016,"female","75-79","all_cause","white",7939
"2032",2016,"male","75-79","all_cause","black",1063
"2033",2016,"male","75-79","all_cause","hispanic",2348
"2034",2016,"male","75-79","all_cause","white",9362
"2035",2016,"female","80-84","all_cause","black",1045
"2036",2016,"female","80-84","all_cause","hispanic",2685
"2037",2016,"female","80-84","all_cause","white",10430
"2038",2016,"male","80-84","all_cause","black",1020
"2039",2016,"male","80-84","all_cause","hispanic",2446
"2040",2016,"male","80-84","all_cause","white",10674
"2041",2016,"female","85-89","all_cause","black",1064
"2042",2016,"female","85-89","all_cause","hispanic",3213
"2043",2016,"female","85-89","all_cause","white",14056
"2044",2016,"male","85-89","all_cause","black",760
"2045",2016,"male","85-89","all_cause","hispanic",2419
"2046",2016,"male","85-89","all_cause","white",11706
"2047",2016,"female","90+","all_cause","black",1444
"2048",2016,"female","90+","all_cause","hispanic",3829
"2049",2016,"female","90+","all_cause","white",23967
"2050",2016,"male","90+","all_cause","black",641
"2051",2016,"male","90+","all_cause","hispanic",2212
"2052",2016,"male","90+","all_cause","white",13236
"2053",2017,"female","0-4","all_cause","black",120
"2054",2017,"female","0-4","all_cause","hispanic",549
"2055",2017,"female","0-4","all_cause","white",219
"2056",2017,"male","0-4","all_cause","black",146
"2057",2017,"male","0-4","all_cause","hispanic",697
"2058",2017,"male","0-4","all_cause","white",316
"2059",2017,"female","10-14","all_cause","black",10
"2060",2017,"female","10-14","all_cause","hispanic",59
"2061",2017,"female","10-14","all_cause","white",38
"2062",2017,"male","10-14","all_cause","black",22
"2063",2017,"male","10-14","all_cause","hispanic",96
"2064",2017,"male","10-14","all_cause","white",56
"2065",2017,"female","15-19","all_cause","black",24
"2066",2017,"female","15-19","all_cause","hispanic",152
"2067",2017,"female","15-19","all_cause","white",61
"2068",2017,"male","15-19","all_cause","black",93
"2069",2017,"male","15-19","all_cause","hispanic",374
"2070",2017,"male","15-19","all_cause","white",190
"2071",2017,"female","20-24","all_cause","black",53
"2072",2017,"female","20-24","all_cause","hispanic",217
"2073",2017,"female","20-24","all_cause","white",160
"2074",2017,"male","20-24","all_cause","black",190
"2075",2017,"male","20-24","all_cause","hispanic",765
"2076",2017,"male","20-24","all_cause","white",491
"2077",2017,"female","25-29","all_cause","black",82
"2078",2017,"female","25-29","all_cause","hispanic",229
"2079",2017,"female","25-29","all_cause","white",243
"2080",2017,"male","25-29","all_cause","black",191
"2081",2017,"male","25-29","all_cause","hispanic",844
"2082",2017,"male","25-29","all_cause","white",713
"2083",2017,"female","30-34","all_cause","black",90
"2084",2017,"female","30-34","all_cause","hispanic",284
"2085",2017,"female","30-34","all_cause","white",321
"2086",2017,"male","30-34","all_cause","black",217
"2087",2017,"male","30-34","all_cause","hispanic",750
"2088",2017,"male","30-34","all_cause","white",727
"2089",2017,"female","35-39","all_cause","black",129
"2090",2017,"female","35-39","all_cause","hispanic",375
"2091",2017,"female","35-39","all_cause","white",453
"2092",2017,"male","35-39","all_cause","black",265
"2093",2017,"male","35-39","all_cause","hispanic",870
"2094",2017,"male","35-39","all_cause","white",832
"2095",2017,"female","40-44","all_cause","black",178
"2096",2017,"female","40-44","all_cause","hispanic",499
"2097",2017,"female","40-44","all_cause","white",581
"2098",2017,"male","40-44","all_cause","black",252
"2099",2017,"male","40-44","all_cause","hispanic",976
"2100",2017,"male","40-44","all_cause","white",969
"2101",2017,"female","45-49","all_cause","black",293
"2102",2017,"female","45-49","all_cause","hispanic",684
"2103",2017,"female","45-49","all_cause","white",1039
"2104",2017,"male","45-49","all_cause","black",466
"2105",2017,"male","45-49","all_cause","hispanic",1300
"2106",2017,"male","45-49","all_cause","white",1652
"2107",2017,"female","5-9","all_cause","black",13
"2108",2017,"female","5-9","all_cause","hispanic",50
"2109",2017,"female","5-9","all_cause","white",26
"2110",2017,"male","5-9","all_cause","black",15
"2111",2017,"male","5-9","all_cause","hispanic",71
"2112",2017,"male","5-9","all_cause","white",27
"2113",2017,"female","50-54","all_cause","black",479
"2114",2017,"female","50-54","all_cause","hispanic",978
"2115",2017,"female","50-54","all_cause","white",1760
"2116",2017,"male","50-54","all_cause","black",652
"2117",2017,"male","50-54","all_cause","hispanic",1891
"2118",2017,"male","50-54","all_cause","white",2836
"2119",2017,"female","55-59","all_cause","black",711
"2120",2017,"female","55-59","all_cause","hispanic",1299
"2121",2017,"female","55-59","all_cause","white",3041
"2122",2017,"male","55-59","all_cause","black",977
"2123",2017,"male","55-59","all_cause","hispanic",2387
"2124",2017,"male","55-59","all_cause","white",5000
"2125",2017,"female","60-64","all_cause","black",904
"2126",2017,"female","60-64","all_cause","hispanic",1636
"2127",2017,"female","60-64","all_cause","white",4219
"2128",2017,"male","60-64","all_cause","black",1273
"2129",2017,"male","60-64","all_cause","hispanic",2585
"2130",2017,"male","60-64","all_cause","white",6604
"2131",2017,"female","65-69","all_cause","black",1007
"2132",2017,"female","65-69","all_cause","hispanic",1806
"2133",2017,"female","65-69","all_cause","white",5446
"2134",2017,"male","65-69","all_cause","black",1380
"2135",2017,"male","65-69","all_cause","hispanic",2508
"2136",2017,"male","65-69","all_cause","white",8118
"2137",2017,"female","70-74","all_cause","black",903
"2138",2017,"female","70-74","all_cause","hispanic",1924
"2139",2017,"female","70-74","all_cause","white",6981
"2140",2017,"male","70-74","all_cause","black",1182
"2141",2017,"male","70-74","all_cause","hispanic",2320
"2142",2017,"male","70-74","all_cause","white",9231
"2143",2017,"female","75-79","all_cause","black",1030
"2144",2017,"female","75-79","all_cause","hispanic",2266
"2145",2017,"female","75-79","all_cause","white",8043
"2146",2017,"male","75-79","all_cause","black",1090
"2147",2017,"male","75-79","all_cause","hispanic",2568
"2148",2017,"male","75-79","all_cause","white",9539
"2149",2017,"female","80-84","all_cause","black",1110
"2150",2017,"female","80-84","all_cause","hispanic",2805
"2151",2017,"female","80-84","all_cause","white",10583
"2152",2017,"male","80-84","all_cause","black",1050
"2153",2017,"male","80-84","all_cause","hispanic",2552
"2154",2017,"male","80-84","all_cause","white",10633
"2155",2017,"female","85-89","all_cause","black",1053
"2156",2017,"female","85-89","all_cause","hispanic",3247
"2157",2017,"female","85-89","all_cause","white",13717
"2158",2017,"male","85-89","all_cause","black",749
"2159",2017,"male","85-89","all_cause","hispanic",2592
"2160",2017,"male","85-89","all_cause","white",12122
"2161",2017,"female","90+","all_cause","black",1610
"2162",2017,"female","90+","all_cause","hispanic",4216
"2163",2017,"female","90+","all_cause","white",24809
"2164",2017,"male","90+","all_cause","black",660
"2165",2017,"male","90+","all_cause","hispanic",2469
"2166",2017,"male","90+","all_cause","white",13420
"2167",2018,"female","0-4","all_cause","black",104
"2168",2018,"female","0-4","all_cause","hispanic",506
"2169",2018,"female","0-4","all_cause","white",248
"2170",2018,"male","0-4","all_cause","black",156
"2171",2018,"male","0-4","all_cause","hispanic",622
"2172",2018,"male","0-4","all_cause","white",320
"2173",2018,"female","10-14","all_cause","black",12
"2174",2018,"female","10-14","all_cause","hispanic",61
"2175",2018,"female","10-14","all_cause","white",36
"2176",2018,"male","10-14","all_cause","black",18
"2177",2018,"male","10-14","all_cause","hispanic",63
"2178",2018,"male","10-14","all_cause","white",44
"2179",2018,"female","15-19","all_cause","black",29
"2180",2018,"female","15-19","all_cause","hispanic",134
"2181",2018,"female","15-19","all_cause","white",93
"2182",2018,"male","15-19","all_cause","black",78
"2183",2018,"male","15-19","all_cause","hispanic",347
"2184",2018,"male","15-19","all_cause","white",193
"2185",2018,"female","20-24","all_cause","black",51
"2186",2018,"female","20-24","all_cause","hispanic",203
"2187",2018,"female","20-24","all_cause","white",189
"2188",2018,"male","20-24","all_cause","black",185
"2189",2018,"male","20-24","all_cause","hispanic",737
"2190",2018,"male","20-24","all_cause","white",408
"2191",2018,"female","25-29","all_cause","black",97
"2192",2018,"female","25-29","all_cause","hispanic",273
"2193",2018,"female","25-29","all_cause","white",231
"2194",2018,"male","25-29","all_cause","black",220
"2195",2018,"male","25-29","all_cause","hispanic",808
"2196",2018,"male","25-29","all_cause","white",665
"2197",2018,"female","30-34","all_cause","black",111
"2198",2018,"female","30-34","all_cause","hispanic",303
"2199",2018,"female","30-34","all_cause","white",349
"2200",2018,"male","30-34","all_cause","black",221
"2201",2018,"male","30-34","all_cause","hispanic",828
"2202",2018,"male","30-34","all_cause","white",779
"2203",2018,"female","35-39","all_cause","black",170
"2204",2018,"female","35-39","all_cause","hispanic",416
"2205",2018,"female","35-39","all_cause","white",477
"2206",2018,"male","35-39","all_cause","black",246
"2207",2018,"male","35-39","all_cause","hispanic",909
"2208",2018,"male","35-39","all_cause","white",906
"2209",2018,"female","40-44","all_cause","black",188
"2210",2018,"female","40-44","all_cause","hispanic",507
"2211",2018,"female","40-44","all_cause","white",511
"2212",2018,"male","40-44","all_cause","black",303
"2213",2018,"male","40-44","all_cause","hispanic",1000
"2214",2018,"male","40-44","all_cause","white",943
"2215",2018,"female","45-49","all_cause","black",277
"2216",2018,"female","45-49","all_cause","hispanic",697
"2217",2018,"female","45-49","all_cause","white",1021
"2218",2018,"male","45-49","all_cause","black",405
"2219",2018,"male","45-49","all_cause","hispanic",1360
"2220",2018,"male","45-49","all_cause","white",1593
"2221",2018,"female","5-9","all_cause","black",NA
"2222",2018,"female","5-9","all_cause","hispanic",49
"2223",2018,"female","5-9","all_cause","white",18
"2224",2018,"male","5-9","all_cause","black",10
"2225",2018,"male","5-9","all_cause","hispanic",68
"2226",2018,"male","5-9","all_cause","white",27
"2227",2018,"female","50-54","all_cause","black",461
"2228",2018,"female","50-54","all_cause","hispanic",973
"2229",2018,"female","50-54","all_cause","white",1627
"2230",2018,"male","50-54","all_cause","black",641
"2231",2018,"male","50-54","all_cause","hispanic",1958
"2232",2018,"male","50-54","all_cause","white",2665
"2233",2018,"female","55-59","all_cause","black",713
"2234",2018,"female","55-59","all_cause","hispanic",1323
"2235",2018,"female","55-59","all_cause","white",2824
"2236",2018,"male","55-59","all_cause","black",1043
"2237",2018,"male","55-59","all_cause","hispanic",2456
"2238",2018,"male","55-59","all_cause","white",4806
"2239",2018,"female","60-64","all_cause","black",930
"2240",2018,"female","60-64","all_cause","hispanic",1651
"2241",2018,"female","60-64","all_cause","white",4016
"2242",2018,"male","60-64","all_cause","black",1363
"2243",2018,"male","60-64","all_cause","hispanic",2723
"2244",2018,"male","60-64","all_cause","white",6664
"2245",2018,"female","65-69","all_cause","black",1022
"2246",2018,"female","65-69","all_cause","hispanic",1840
"2247",2018,"female","65-69","all_cause","white",5258
"2248",2018,"male","65-69","all_cause","black",1386
"2249",2018,"male","65-69","all_cause","hispanic",2616
"2250",2018,"male","65-69","all_cause","white",8093
"2251",2018,"female","70-74","all_cause","black",969
"2252",2018,"female","70-74","all_cause","hispanic",2061
"2253",2018,"female","70-74","all_cause","white",6960
"2254",2018,"male","70-74","all_cause","black",1218
"2255",2018,"male","70-74","all_cause","hispanic",2544
"2256",2018,"male","70-74","all_cause","white",9373
"2257",2018,"female","75-79","all_cause","black",1076
"2258",2018,"female","75-79","all_cause","hispanic",2370
"2259",2018,"female","75-79","all_cause","white",8237
"2260",2018,"male","75-79","all_cause","black",1090
"2261",2018,"male","75-79","all_cause","hispanic",2485
"2262",2018,"male","75-79","all_cause","white",9919
"2263",2018,"female","80-84","all_cause","black",1147
"2264",2018,"female","80-84","all_cause","hispanic",2840
"2265",2018,"female","80-84","all_cause","white",10382
"2266",2018,"male","80-84","all_cause","black",1136
"2267",2018,"male","80-84","all_cause","hispanic",2713
"2268",2018,"male","80-84","all_cause","white",10825
"2269",2018,"female","85-89","all_cause","black",1060
"2270",2018,"female","85-89","all_cause","hispanic",3314
"2271",2018,"female","85-89","all_cause","white",13178
"2272",2018,"male","85-89","all_cause","black",803
"2273",2018,"male","85-89","all_cause","hispanic",2622
"2274",2018,"male","85-89","all_cause","white",11830
"2275",2018,"female","90+","all_cause","black",1484
"2276",2018,"female","90+","all_cause","hispanic",4492
"2277",2018,"female","90+","all_cause","white",24068
"2278",2018,"male","90+","all_cause","black",678
"2279",2018,"male","90+","all_cause","hispanic",2564
"2280",2018,"male","90+","all_cause","white",13231
"2281",2019,"female","0-4","all_cause","black",NA
"2282",2019,"female","0-4","all_cause","hispanic",503
"2283",2019,"female","0-4","all_cause","white",250
"2284",2019,"male","0-4","all_cause","black",146
"2285",2019,"male","0-4","all_cause","hispanic",644
"2286",2019,"male","0-4","all_cause","white",300
"2287",2019,"female","10-14","all_cause","black",NA
"2288",2019,"female","10-14","all_cause","hispanic",63
"2289",2019,"female","10-14","all_cause","white",31
"2290",2019,"male","10-14","all_cause","black",13
"2291",2019,"male","10-14","all_cause","hispanic",83
"2292",2019,"male","10-14","all_cause","white",51
"2293",2019,"female","15-19","all_cause","black",33
"2294",2019,"female","15-19","all_cause","hispanic",124
"2295",2019,"female","15-19","all_cause","white",81
"2296",2019,"male","15-19","all_cause","black",92
"2297",2019,"male","15-19","all_cause","hispanic",351
"2298",2019,"male","15-19","all_cause","white",172
"2299",2019,"female","20-24","all_cause","black",66
"2300",2019,"female","20-24","all_cause","hispanic",217
"2301",2019,"female","20-24","all_cause","white",162
"2302",2019,"male","20-24","all_cause","black",171
"2303",2019,"male","20-24","all_cause","hispanic",769
"2304",2019,"male","20-24","all_cause","white",424
"2305",2019,"female","25-29","all_cause","black",71
"2306",2019,"female","25-29","all_cause","hispanic",266
"2307",2019,"female","25-29","all_cause","white",216
"2308",2019,"male","25-29","all_cause","black",255
"2309",2019,"male","25-29","all_cause","hispanic",901
"2310",2019,"male","25-29","all_cause","white",707
"2311",2019,"female","30-34","all_cause","black",117
"2312",2019,"female","30-34","all_cause","hispanic",297
"2313",2019,"female","30-34","all_cause","white",379
"2314",2019,"male","30-34","all_cause","black",255
"2315",2019,"male","30-34","all_cause","hispanic",896
"2316",2019,"male","30-34","all_cause","white",793
"2317",2019,"female","35-39","all_cause","black",144
"2318",2019,"female","35-39","all_cause","hispanic",413
"2319",2019,"female","35-39","all_cause","white",480
"2320",2019,"male","35-39","all_cause","black",285
"2321",2019,"male","35-39","all_cause","hispanic",951
"2322",2019,"male","35-39","all_cause","white",944
"2323",2019,"female","40-44","all_cause","black",200
"2324",2019,"female","40-44","all_cause","hispanic",571
"2325",2019,"female","40-44","all_cause","white",543
"2326",2019,"male","40-44","all_cause","black",309
"2327",2019,"male","40-44","all_cause","hispanic",1086
"2328",2019,"male","40-44","all_cause","white",987
"2329",2019,"female","45-49","all_cause","black",273
"2330",2019,"female","45-49","all_cause","hispanic",735
"2331",2019,"female","45-49","all_cause","white",925
"2332",2019,"male","45-49","all_cause","black",409
"2333",2019,"male","45-49","all_cause","hispanic",1432
"2334",2019,"male","45-49","all_cause","white",1530
"2335",2019,"female","5-9","all_cause","black",15
"2336",2019,"female","5-9","all_cause","hispanic",54
"2337",2019,"female","5-9","all_cause","white",25
"2338",2019,"male","5-9","all_cause","black",14
"2339",2019,"male","5-9","all_cause","hispanic",61
"2340",2019,"male","5-9","all_cause","white",28
"2341",2019,"female","50-54","all_cause","black",421
"2342",2019,"female","50-54","all_cause","hispanic",983
"2343",2019,"female","50-54","all_cause","white",1515
"2344",2019,"male","50-54","all_cause","black",625
"2345",2019,"male","50-54","all_cause","hispanic",1970
"2346",2019,"male","50-54","all_cause","white",2570
"2347",2019,"female","55-59","all_cause","black",665
"2348",2019,"female","55-59","all_cause","hispanic",1385
"2349",2019,"female","55-59","all_cause","white",2726
"2350",2019,"male","55-59","all_cause","black",1039
"2351",2019,"male","55-59","all_cause","hispanic",2551
"2352",2019,"male","55-59","all_cause","white",4630
"2353",2019,"female","60-64","all_cause","black",959
"2354",2019,"female","60-64","all_cause","hispanic",1724
"2355",2019,"female","60-64","all_cause","white",4058
"2356",2019,"male","60-64","all_cause","black",1326
"2357",2019,"male","60-64","all_cause","hispanic",2799
"2358",2019,"male","60-64","all_cause","white",6605
"2359",2019,"female","65-69","all_cause","black",1022
"2360",2019,"female","65-69","all_cause","hispanic",1838
"2361",2019,"female","65-69","all_cause","white",5135
"2362",2019,"male","65-69","all_cause","black",1404
"2363",2019,"male","65-69","all_cause","hispanic",2800
"2364",2019,"male","65-69","all_cause","white",7923
"2365",2019,"female","70-74","all_cause","black",968
"2366",2019,"female","70-74","all_cause","hispanic",2083
"2367",2019,"female","70-74","all_cause","white",6978
"2368",2019,"male","70-74","all_cause","black",1277
"2369",2019,"male","70-74","all_cause","hispanic",2789
"2370",2019,"male","70-74","all_cause","white",9498
"2371",2019,"female","75-79","all_cause","black",1030
"2372",2019,"female","75-79","all_cause","hispanic",2361
"2373",2019,"female","75-79","all_cause","white",8291
"2374",2019,"male","75-79","all_cause","black",1128
"2375",2019,"male","75-79","all_cause","hispanic",2726
"2376",2019,"male","75-79","all_cause","white",10133
"2377",2019,"female","80-84","all_cause","black",1156
"2378",2019,"female","80-84","all_cause","hispanic",2886
"2379",2019,"female","80-84","all_cause","white",10439
"2380",2019,"male","80-84","all_cause","black",1148
"2381",2019,"male","80-84","all_cause","hispanic",2743
"2382",2019,"male","80-84","all_cause","white",10833
"2383",2019,"female","85-89","all_cause","black",1077
"2384",2019,"female","85-89","all_cause","hispanic",3213
"2385",2019,"female","85-89","all_cause","white",12895
"2386",2019,"male","85-89","all_cause","black",860
"2387",2019,"male","85-89","all_cause","hispanic",2627
"2388",2019,"male","85-89","all_cause","white",11595
"2389",2019,"female","90+","all_cause","black",1479
"2390",2019,"female","90+","all_cause","hispanic",4576
"2391",2019,"female","90+","all_cause","white",23640
"2392",2019,"male","90+","all_cause","black",672
"2393",2019,"male","90+","all_cause","hispanic",2702
"2394",2019,"male","90+","all_cause","white",13408
"2395",2020,"female","0-4","all_cause","black",136
"2396",2020,"female","0-4","all_cause","hispanic",437
"2397",2020,"female","0-4","all_cause","white",213
"2398",2020,"male","0-4","all_cause","black",154
"2399",2020,"male","0-4","all_cause","hispanic",597
"2400",2020,"male","0-4","all_cause","white",242
"2401",2020,"female","10-14","all_cause","black",15
"2402",2020,"female","10-14","all_cause","hispanic",75
"2403",2020,"female","10-14","all_cause","white",28
"2404",2020,"male","10-14","all_cause","black",22
"2405",2020,"male","10-14","all_cause","hispanic",112
"2406",2020,"male","10-14","all_cause","white",53
"2407",2020,"female","15-19","all_cause","black",42
"2408",2020,"female","15-19","all_cause","hispanic",168
"2409",2020,"female","15-19","all_cause","white",112
"2410",2020,"male","15-19","all_cause","black",133
"2411",2020,"male","15-19","all_cause","hispanic",498
"2412",2020,"male","15-19","all_cause","white",231
"2413",2020,"female","20-24","all_cause","black",94
"2414",2020,"female","20-24","all_cause","hispanic",275
"2415",2020,"female","20-24","all_cause","white",164
"2416",2020,"male","20-24","all_cause","black",251
"2417",2020,"male","20-24","all_cause","hispanic",1054
"2418",2020,"male","20-24","all_cause","white",506
"2419",2020,"female","25-29","all_cause","black",127
"2420",2020,"female","25-29","all_cause","hispanic",353
"2421",2020,"female","25-29","all_cause","white",308
"2422",2020,"male","25-29","all_cause","black",357
"2423",2020,"male","25-29","all_cause","hispanic",1186
"2424",2020,"male","25-29","all_cause","white",764
"2425",2020,"female","30-34","all_cause","black",166
"2426",2020,"female","30-34","all_cause","hispanic",421
"2427",2020,"female","30-34","all_cause","white",429
"2428",2020,"male","30-34","all_cause","black",334
"2429",2020,"male","30-34","all_cause","hispanic",1273
"2430",2020,"male","30-34","all_cause","white",1092
"2431",2020,"female","35-39","all_cause","black",194
"2432",2020,"female","35-39","all_cause","hispanic",491
"2433",2020,"female","35-39","all_cause","white",557
"2434",2020,"male","35-39","all_cause","black",412
"2435",2020,"male","35-39","all_cause","hispanic",1454
"2436",2020,"male","35-39","all_cause","white",1100
"2437",2020,"female","40-44","all_cause","black",217
"2438",2020,"female","40-44","all_cause","hispanic",703
"2439",2020,"female","40-44","all_cause","white",674
"2440",2020,"male","40-44","all_cause","black",440
"2441",2020,"male","40-44","all_cause","hispanic",1660
"2442",2020,"male","40-44","all_cause","white",1237
"2443",2020,"female","45-49","all_cause","black",340
"2444",2020,"female","45-49","all_cause","hispanic",960
"2445",2020,"female","45-49","all_cause","white",969
"2446",2020,"male","45-49","all_cause","black",562
"2447",2020,"male","45-49","all_cause","hispanic",2138
"2448",2020,"male","45-49","all_cause","white",1596
"2449",2020,"female","5-9","all_cause","black",19
"2450",2020,"female","5-9","all_cause","hispanic",47
"2451",2020,"female","5-9","all_cause","white",21
"2452",2020,"male","5-9","all_cause","black",16
"2453",2020,"male","5-9","all_cause","hispanic",52
"2454",2020,"male","5-9","all_cause","white",30
"2455",2020,"female","50-54","all_cause","black",524
"2456",2020,"female","50-54","all_cause","hispanic",1399
"2457",2020,"female","50-54","all_cause","white",1649
"2458",2020,"male","50-54","all_cause","black",796
"2459",2020,"male","50-54","all_cause","hispanic",2900
"2460",2020,"male","50-54","all_cause","white",2825
"2461",2020,"female","55-59","all_cause","black",789
"2462",2020,"female","55-59","all_cause","hispanic",1857
"2463",2020,"female","55-59","all_cause","white",2793
"2464",2020,"male","55-59","all_cause","black",1270
"2465",2020,"male","55-59","all_cause","hispanic",3874
"2466",2020,"male","55-59","all_cause","white",4963
"2467",2020,"female","60-64","all_cause","black",1160
"2468",2020,"female","60-64","all_cause","hispanic",2374
"2469",2020,"female","60-64","all_cause","white",4276
"2470",2020,"male","60-64","all_cause","black",1691
"2471",2020,"male","60-64","all_cause","hispanic",4396
"2472",2020,"male","60-64","all_cause","white",7388
"2473",2020,"female","65-69","all_cause","black",1217
"2474",2020,"female","65-69","all_cause","hispanic",2746
"2475",2020,"female","65-69","all_cause","white",5664
"2476",2020,"male","65-69","all_cause","black",1719
"2477",2020,"male","65-69","all_cause","hispanic",4585
"2478",2020,"male","65-69","all_cause","white",8922
"2479",2020,"female","70-74","all_cause","black",1262
"2480",2020,"female","70-74","all_cause","hispanic",3088
"2481",2020,"female","70-74","all_cause","white",7590
"2482",2020,"male","70-74","all_cause","black",1583
"2483",2020,"male","70-74","all_cause","hispanic",4371
"2484",2020,"male","70-74","all_cause","white",10798
"2485",2020,"female","75-79","all_cause","black",1299
"2486",2020,"female","75-79","all_cause","hispanic",3357
"2487",2020,"female","75-79","all_cause","white",9316
"2488",2020,"male","75-79","all_cause","black",1308
"2489",2020,"male","75-79","all_cause","hispanic",3891
"2490",2020,"male","75-79","all_cause","white",11641
"2491",2020,"female","80-84","all_cause","black",1393
"2492",2020,"female","80-84","all_cause","hispanic",3892
"2493",2020,"female","80-84","all_cause","white",11159
"2494",2020,"male","80-84","all_cause","black",1261
"2495",2020,"male","80-84","all_cause","hispanic",3764
"2496",2020,"male","80-84","all_cause","white",11930
"2497",2020,"female","85-89","all_cause","black",1317
"2498",2020,"female","85-89","all_cause","hispanic",4271
"2499",2020,"female","85-89","all_cause","white",13659
"2500",2020,"male","85-89","all_cause","black",986
"2501",2020,"male","85-89","all_cause","hispanic",3478
"2502",2020,"male","85-89","all_cause","white",12462
"2503",2020,"female","90+","all_cause","black",1805
"2504",2020,"female","90+","all_cause","hispanic",5934
"2505",2020,"female","90+","all_cause","white",24745
"2506",2020,"male","90+","all_cause","black",861
"2507",2020,"male","90+","all_cause","hispanic",3470
"2508",2020,"male","90+","all_cause","white",14560
