year,sex,age,non_hispanic_asian_pacific,non_hispanic_indian,hispanic_white,hispanic_asian_pacific,hispanic_black,hispanic_indian,race_eth,population
1999,female,0,25598.331411045183,2146.081597811225,108352.13200948328,2313.9374807545582,2394.3858357436743,2071.757314107639,white,79763.6119665013
1999,female,0,25598.331411045183,2146.081597811225,108352.13200948328,2313.9374807545582,2394.3858357436743,2071.757314107639,black,17854.812787765022
1999,female,0,25598.331411045183,2146.081597811225,108352.13200948328,2313.9374807545582,2394.3858357436743,2071.757314107639,hispanic,115132.21264008914
1999,female,1,26238.148578806413,2328.972322487027,107060.14378290024,2593.9080119035284,2708.5370633163348,2478.233267975505,white,78533.83570562139
1999,female,1,26238.148578806413,2328.972322487027,107060.14378290024,2593.9080119035284,2708.5370633163348,2478.233267975505,black,18324.098923349775
1999,female,1,26238.148578806413,2328.972322487027,107060.14378290024,2593.9080119035284,2708.5370633163348,2478.233267975505,hispanic,114840.82212609562
1999,female,2,27167.429707811927,2393.6450073529704,109311.77837282437,2757.32825721351,2857.844070106855,2661.4657716365505,white,80472.6646464378
1999,female,2,27167.429707811927,2393.6450073529704,109311.77837282437,2757.32825721351,2857.844070106855,2661.4657716365505,black,19343.22024460848
1999,female,2,27167.429707811927,2393.6450073529704,109311.77837282437,2757.32825721351,2857.844070106855,2661.4657716365505,hispanic,117588.41647178128
1999,female,3,28188.37849709481,2513.2029390720613,112230.6220827466,2836.009737774967,2774.1313341146606,2798.0102295390507,white,84524.18440585902
1999,female,3,28188.37849709481,2513.2029390720613,112230.6220827466,2836.009737774967,2774.1313341146606,2798.0102295390507,black,20204.937162765713
1999,female,3,28188.37849709481,2513.2029390720613,112230.6220827466,2836.009737774967,2774.1313341146606,2798.0102295390507,hispanic,120638.77338417528
1999,female,4,28040.86851024244,2881.4860630002736,112036.47290748698,2658.983502023243,2854.733459889823,2845.6817345728805,white,86104.14690172761
1999,female,4,28040.86851024244,2881.4860630002736,112036.47290748698,2658.983502023243,2854.733459889823,2845.6817345728805,black,20627.212457994607
1999,female,4,28040.86851024244,2881.4860630002736,112036.47290748698,2658.983502023243,2854.733459889823,2845.6817345728805,hispanic,120395.87160397292
1999,female,5,27595.066941927165,2897.9496514453745,112009.07933153318,2640.7707190619003,2791.2913383176633,2921.480002269354,white,88512.55911820442
1999,female,5,27595.066941927165,2897.9496514453745,112009.07933153318,2640.7707190619003,2791.2913383176633,2921.480002269354,black,21318.110653222975
1999,female,5,27595.066941927165,2897.9496514453745,112009.07933153318,2640.7707190619003,2791.2913383176633,2921.480002269354,hispanic,120362.6213911821
1999,female,6,28779.037050711708,2928.171843138384,112769.0658297715,2611.4705607317205,2783.457736085887,2975.832184646324,white,90326.47025976302
1999,female,6,28779.037050711708,2928.171843138384,112769.0658297715,2611.4705607317205,2783.457736085887,2975.832184646324,black,21810.544969749182
1999,female,6,28779.037050711708,2928.171843138384,112769.0658297715,2611.4705607317205,2783.457736085887,2975.832184646324,hispanic,121139.82631123542
1999,female,7,28850.308742344365,3021.998171563056,112307.0694073204,2589.549117161688,2861.015356941354,2895.799663198224,white,95482.72485442253
1999,female,7,28850.308742344365,3021.998171563056,112307.0694073204,2589.549117161688,2861.015356941354,2895.799663198224,black,22666.674269363983
1999,female,7,28850.308742344365,3021.998171563056,112307.0694073204,2589.549117161688,2861.015356941354,2895.799663198224,hispanic,120653.43354462167
1999,female,8,29495.477989478084,2973.442575787593,110413.50833126895,2596.5478173069187,2790.0831944787897,2971.1367403162517,white,98829.40972758392
1999,female,8,29495.477989478084,2973.442575787593,110413.50833126895,2596.5478173069187,2790.0831944787897,2971.1367403162517,black,23142.69280381199
1999,female,8,29495.477989478084,2973.442575787593,110413.50833126895,2596.5478173069187,2790.0831944787897,2971.1367403162517,hispanic,118771.27608337092
1999,female,9,28484.830590888345,3437.8309040899385,104242.82197678112,2372.7165384059244,2465.346833822328,2940.2103546370868,white,99473.19166076605
1999,female,9,28484.830590888345,3437.8309040899385,104242.82197678112,2372.7165384059244,2465.346833822328,2940.2103546370868,black,23006.576774691144
1999,female,9,28484.830590888345,3437.8309040899385,104242.82197678112,2372.7165384059244,2465.346833822328,2940.2103546370868,hispanic,112021.09570364647
1999,female,10,29141.027676119873,3300.435627275868,95781.42089841425,2184.5679618849285,2521.3534952851337,2782.474113175304,white,96411.35857934953
1999,female,10,29141.027676119873,3300.435627275868,95781.42089841425,2184.5679618849285,2521.3534952851337,2782.474113175304,black,21768.605370238205
1999,female,10,29141.027676119873,3300.435627275868,95781.42089841425,2184.5679618849285,2521.3534952851337,2782.474113175304,hispanic,103269.81646875961
1999,female,11,28120.703921695163,3169.7865963880154,93413.65636981759,2148.0488024839506,2207.057238070576,2821.6353012154727,white,95266.80682293569
1999,female,11,28120.703921695163,3169.7865963880154,93413.65636981759,2148.0488024839506,2207.057238070576,2821.6353012154727,black,21127.465437614967
1999,female,11,28120.703921695163,3169.7865963880154,93413.65636981759,2148.0488024839506,2207.057238070576,2821.6353012154727,hispanic,100590.39771158759
1999,female,12,27847.634149204652,3027.939094225588,88885.64485327971,2057.9487518069573,2051.501992411299,2914.293800264867,white,93759.70395127189
1999,female,12,27847.634149204652,3027.939094225588,88885.64485327971,2057.9487518069573,2051.501992411299,2914.293800264867,black,20087.48173162011
1999,female,12,27847.634149204652,3027.939094225588,88885.64485327971,2057.9487518069573,2051.501992411299,2914.293800264867,hispanic,95909.38939776283
1999,female,13,28371.069492233877,3047.8092402629577,87254.4333594072,2063.389916334845,2063.000992734071,2714.268816763623,white,94361.13739343236
1999,female,13,28371.069492233877,3047.8092402629577,87254.4333594072,2063.389916334845,2063.000992734071,2714.268816763623,black,20122.65086133368
1999,female,13,28371.069492233877,3047.8092402629577,87254.4333594072,2063.389916334845,2063.000992734071,2714.268816763623,hispanic,94095.09308523973
1999,female,14,28735.93530280344,3160.458808962487,85672.41946366719,1867.6285265034237,1896.851159700575,2650.3781740845116,white,93800.26703374989
1999,female,14,28735.93530280344,3160.458808962487,85672.41946366719,1867.6285265034237,1896.851159700575,2650.3781740845116,black,18948.623918918976
1999,female,14,28735.93530280344,3160.458808962487,85672.41946366719,1867.6285265034237,1896.851159700575,2650.3781740845116,hispanic,92087.2773239557
1999,female,15,29005.12297878102,3152.670300626823,84743.28379754016,1810.6169406857273,1652.7134309702462,2553.3004768757746,white,90898.02813965049
1999,female,15,29005.12297878102,3152.670300626823,84743.28379754016,1810.6169406857273,1652.7134309702462,2553.3004768757746,black,18233.477220316585
1999,female,15,29005.12297878102,3152.670300626823,84743.28379754016,1810.6169406857273,1652.7134309702462,2553.3004768757746,hispanic,90759.9146460719
1999,female,16,29863.756115255896,3121.5193784723115,87342.02845157303,1836.469465254648,1819.3287794273272,2641.770547404483,white,91045.92995144085
1999,female,16,29863.756115255896,3121.5193784723115,87342.02845157303,1836.469465254648,1819.3287794273272,2641.770547404483,black,17903.24446350064
1999,female,16,29863.756115255896,3121.5193784723115,87342.02845157303,1836.469465254648,1819.3287794273272,2641.770547404483,hispanic,93639.59724365947
1999,female,17,30706.168562326395,2993.9358649947594,87627.2335510519,1894.5276416419304,1743.76192310007,2452.295329975626,white,87635.66518999121
1999,female,17,30706.168562326395,2993.9358649947594,87627.2335510519,1894.5276416419304,1743.76192310007,2452.295329975626,black,17280.82999062555
1999,female,17,30706.168562326395,2993.9358649947594,87627.2335510519,1894.5276416419304,1743.76192310007,2452.295329975626,hispanic,93717.81844576953
1999,female,18,31860.5639765734,2957.082809442842,87527.65989078971,1823.8953496801869,1964.354400871308,2564.958564453115,white,88860.69412815037
1999,female,18,31860.5639765734,2957.082809442842,87527.65989078971,1823.8953496801869,1964.354400871308,2564.958564453115,black,16912.72161419401
1999,female,18,31860.5639765734,2957.082809442842,87527.65989078971,1823.8953496801869,1964.354400871308,2564.958564453115,hispanic,93880.86820579432
1999,female,19,31196.0773390682,2736.5816393629766,86594.60518546295,1746.9728358428852,2000.2056260815348,2365.7403527520396,white,86658.06829614114
1999,female,19,31196.0773390682,2736.5816393629766,86594.60518546295,1746.9728358428852,2000.2056260815348,2365.7403527520396,black,16959.307518431076
1999,female,19,31196.0773390682,2736.5816393629766,86594.60518546295,1746.9728358428852,2000.2056260815348,2365.7403527520396,hispanic,92707.5240001394
1999,female,20,30445.26680021422,2562.1250027709452,83915.6494926669,1691.6067481576658,1800.2757236300022,2211.0496205486547,white,82583.50144112075
1999,female,20,30445.26680021422,2562.1250027709452,83915.6494926669,1691.6067481576658,1800.2757236300022,2211.0496205486547,black,16227.25507487552
1999,female,20,30445.26680021422,2562.1250027709452,83915.6494926669,1691.6067481576658,1800.2757236300022,2211.0496205486547,hispanic,89618.58158500321
1999,female,21,29733.75255678195,2516.4607444647513,86380.27962072028,1675.3437327865677,1762.2662095049286,2137.4763638908507,white,82499.96811172333
1999,female,21,29733.75255678195,2516.4607444647513,86380.27962072028,1675.3437327865677,1762.2662095049286,2137.4763638908507,black,15558.621867140946
1999,female,21,29733.75255678195,2516.4607444647513,86380.27962072028,1675.3437327865677,1762.2662095049286,2137.4763638908507,hispanic,91955.36592690262
1999,female,22,30470.52329617522,2415.8480464385034,88525.55644380611,1619.594177844661,1896.5129355423103,2213.160373303094,white,84124.45795691699
1999,female,22,30470.52329617522,2415.8480464385034,88525.55644380611,1619.594177844661,1896.5129355423103,2213.160373303094,black,15528.581601670983
1999,female,22,30470.52329617522,2415.8480464385034,88525.55644380611,1619.594177844661,1896.5129355423103,2213.160373303094,hispanic,94254.82393049618
1999,female,23,32033.196562168876,2307.84024811909,90192.720685396,1688.6735639319943,1880.5624291592871,2173.5032464121828,white,84167.50366374735
1999,female,23,32033.196562168876,2307.84024811909,90192.720685396,1688.6735639319943,1880.5624291592871,2173.5032464121828,black,15654.637715416133
1999,female,23,32033.196562168876,2307.84024811909,90192.720685396,1688.6735639319943,1880.5624291592871,2173.5032464121828,hispanic,95935.45992489945
1999,female,24,33744.84776991606,2390.1659499243365,91386.41553397289,1613.4108990174047,2048.769034990966,2201.4603222332116,white,88274.27769435011
1999,female,24,33744.84776991606,2390.1659499243365,91386.41553397289,1613.4108990174047,2048.769034990966,2201.4603222332116,black,15636.36445899805
1999,female,24,33744.84776991606,2390.1659499243365,91386.41553397289,1613.4108990174047,2048.769034990966,2201.4603222332116,hispanic,97250.05579021446
1999,female,25,33440.98825620468,2325.761147267068,89127.040880543,1605.7673608194918,1971.6164083688493,2034.9376286716408,white,84695.0537806298
1999,female,25,33440.98825620468,2325.761147267068,89127.040880543,1605.7673608194918,1971.6164083688493,2034.9376286716408,black,15034.714558349544
1999,female,25,33440.98825620468,2325.761147267068,89127.040880543,1605.7673608194918,1971.6164083688493,2034.9376286716408,hispanic,94739.36227840299
1999,female,26,35286.35807490833,2441.663390277943,91868.1727245169,1614.882982145023,1857.204563906324,2043.898823483465,white,89833.67067693989
1999,female,26,35286.35807490833,2441.663390277943,91868.1727245169,1614.882982145023,1857.204563906324,2043.898823483465,black,15693.25271891528
1999,female,26,35286.35807490833,2441.663390277943,91868.1727245169,1614.882982145023,1857.204563906324,2043.898823483465,hispanic,97384.15909405172
1999,female,27,36025.44902118374,2478.9213924716446,90119.75047555592,1639.2940755541554,2011.413024724744,2174.5426644224513,white,97289.82221495688
1999,female,27,36025.44902118374,2478.9213924716446,90119.75047555592,1639.2940755541554,2011.413024724744,2174.5426644224513,black,16607.37734547873
1999,female,27,36025.44902118374,2478.9213924716446,90119.75047555592,1639.2940755541554,2011.413024724744,2174.5426644224513,hispanic,95945.00024025726
1999,female,28,37168.20161994106,2639.9033097857623,92027.85401546888,1712.963556083262,2033.4855814599189,2118.742683720257,white,110178.69388301128
1999,female,28,37168.20161994106,2639.9033097857623,92027.85401546888,1712.963556083262,2033.4855814599189,2118.742683720257,black,18718.0300691033
1999,female,28,37168.20161994106,2639.9033097857623,92027.85401546888,1712.963556083262,2033.4855814599189,2118.742683720257,hispanic,97893.04583673232
1999,female,29,37306.46790150247,2888.774329690113,93295.17117932717,1702.3524605126318,2005.5122865086291,2138.7497977125854,white,117158.72953204226
1999,female,29,37306.46790150247,2888.774329690113,93295.17117932717,1702.3524605126318,2005.5122865086291,2138.7497977125854,black,19480.982789224778
1999,female,29,37306.46790150247,2888.774329690113,93295.17117932717,1702.3524605126318,2005.5122865086291,2138.7497977125854,hispanic,99141.78572406102
1999,female,30,35905.63005649767,2611.657902804227,86487.2287792779,1607.4910329356894,1805.7465626229268,2174.827983848958,white,108481.31063794823
1999,female,30,35905.63005649767,2611.657902804227,86487.2287792779,1607.4910329356894,1805.7465626229268,2174.827983848958,black,17361.293839023452
1999,female,30,35905.63005649767,2611.657902804227,86487.2287792779,1607.4910329356894,1805.7465626229268,2174.827983848958,hispanic,92075.29435868547
1999,female,31,34880.48715733935,2570.029980602702,85948.06426272777,1554.4939556953725,1823.583276064356,2091.6364056940192,white,107740.67334547856
1999,female,31,34880.48715733935,2570.029980602702,85948.06426272777,1554.4939556953725,1823.583276064356,2091.6364056940192,black,17485.147434461727
1999,female,31,34880.48715733935,2570.029980602702,85948.06426272777,1554.4939556953725,1823.583276064356,2091.6364056940192,hispanic,91417.77790018152
1999,female,32,33424.06156137189,2547.194595456648,83481.84820548951,1446.9632164866136,1647.9746877748407,2135.2894464225624,white,109446.6340241822
1999,female,32,33424.06156137189,2547.194595456648,83481.84820548951,1446.9632164866136,1647.9746877748407,2135.2894464225624,black,18079.192018298538
1999,female,32,33424.06156137189,2547.194595456648,83481.84820548951,1446.9632164866136,1647.9746877748407,2135.2894464225624,hispanic,88712.07555617354
1999,female,33,34686.92887800663,2713.94766190256,82679.53548859118,1535.51542610932,1656.4057349856091,2059.6326559329236,white,113366.90467941407
1999,female,33,34686.92887800663,2713.94766190256,82679.53548859118,1535.51542610932,1656.4057349856091,2059.6326559329236,black,19144.90345903151
1999,female,33,34686.92887800663,2713.94766190256,82679.53548859118,1535.51542610932,1656.4057349856091,2059.6326559329236,hispanic,87931.08930561904
1999,female,34,36278.887857299305,3204.744043115516,84264.7999275929,1502.8819069726744,1702.2596426465384,2085.9384607403294,white,128340.9032128802
1999,female,34,36278.887857299305,3204.744043115516,84264.7999275929,1502.8819069726744,1702.2596426465384,2085.9384607403294,black,20946.73888567565
1999,female,34,36278.887857299305,3204.744043115516,84264.7999275929,1502.8819069726744,1702.2596426465384,2085.9384607403294,hispanic,89555.87993795244
1999,female,35,36571.62714804112,3173.911888290453,81010.00432359967,1456.9492580586918,1620.9916325481067,2120.043876523946,white,130351.63632900844
1999,female,35,36571.62714804112,3173.911888290453,81010.00432359967,1456.9492580586918,1620.9916325481067,2120.043876523946,black,19833.677958016237
1999,female,35,36571.62714804112,3173.911888290453,81010.00432359967,1456.9492580586918,1620.9916325481067,2120.043876523946,hispanic,86207.98909073042
1999,female,36,36331.892110227214,3158.199145817688,77671.42781844513,1426.7855577488033,1602.6692001039555,1999.7629661781484,white,132818.12186711736
1999,female,36,36331.892110227214,3158.199145817688,77671.42781844513,1426.7855577488033,1602.6692001039555,1999.7629661781484,black,19974.174326894627
1999,female,36,36331.892110227214,3158.199145817688,77671.42781844513,1426.7855577488033,1602.6692001039555,1999.7629661781484,hispanic,82700.64554247604
1999,female,37,34473.71063223872,3205.7813704354917,74531.97361208318,1342.5124112943092,1374.627628136721,2046.7391640666135,white,136673.55965581592
1999,female,37,34473.71063223872,3205.7813704354917,74531.97361208318,1342.5124112943092,1374.627628136721,2046.7391640666135,black,20379.13015149805
1999,female,37,34473.71063223872,3205.7813704354917,74531.97361208318,1342.5124112943092,1374.627628136721,2046.7391640666135,hispanic,79295.85281558083
1999,female,38,35992.69073720244,3293.432816305473,73291.1557855464,1337.13011369257,1354.3204988817693,2050.4740606082564,white,139383.0005905528
1999,female,38,35992.69073720244,3293.432816305473,73291.1557855464,1337.13011369257,1354.3204988817693,2050.4740606082564,black,20423.086432929053
1999,female,38,35992.69073720244,3293.432816305473,73291.1557855464,1337.13011369257,1354.3204988817693,2050.4740606082564,hispanic,78033.08045872902
1999,female,39,36447.55724965288,3701.4716552554646,72593.40814813369,1262.8877560960907,1403.1847158066146,1970.9765236415053,white,143627.31740455716
1999,female,39,36447.55724965288,3701.4716552554646,72593.40814813369,1262.8877560960907,1403.1847158066146,1970.9765236415053,black,21234.913172956956
1999,female,39,36447.55724965288,3701.4716552554646,72593.40814813369,1262.8877560960907,1403.1847158066146,1970.9765236415053,hispanic,77230.45714367791
1999,female,40,34738.651856606455,3381.4417182973752,65530.59729165777,1170.6015624368586,1279.2220020817183,1753.3427806842749,white,135579.6036583084
1999,female,40,34738.651856606455,3381.4417182973752,65530.59729165777,1170.6015624368586,1279.2220020817183,1753.3427806842749,black,18893.90379466537
1999,female,40,34738.651856606455,3381.4417182973752,65530.59729165777,1170.6015624368586,1279.2220020817183,1753.3427806842749,hispanic,69733.76363686062
1999,female,41,34653.96701078907,3349.3607358070144,65419.613688344776,1150.5018596510868,1164.0746582870436,1828.5899569840144,white,140402.62366324983
1999,female,41,34653.96701078907,3349.3607358070144,65419.613688344776,1150.5018596510868,1164.0746582870436,1828.5899569840144,black,19042.156319181628
1999,female,41,34653.96701078907,3349.3607358070144,65419.613688344776,1150.5018596510868,1164.0746582870436,1828.5899569840144,hispanic,69562.78016326693
1999,female,42,34625.65840986052,3297.512239072168,61614.77862723688,1030.5093979896096,1133.2882620994783,1763.7723678991758,white,138321.51449004989
1999,female,42,34625.65840986052,3297.512239072168,61614.77862723688,1030.5093979896096,1133.2882620994783,1763.7723678991758,black,18333.501295567945
1999,female,42,34625.65840986052,3297.512239072168,61614.77862723688,1030.5093979896096,1133.2882620994783,1763.7723678991758,hispanic,65542.34865522516
1999,female,43,34935.42306812929,3216.2233012937454,59479.81600228874,1043.648633334431,1155.8714633916138,1594.1706620179193,white,135993.91197212273
1999,female,43,34935.42306812929,3216.2233012937454,59479.81600228874,1043.648633334431,1155.8714633916138,1594.1706620179193,black,17607.980679880708
1999,female,43,34935.42306812929,3216.2233012937454,59479.81600228874,1043.648633334431,1155.8714633916138,1594.1706620179193,hispanic,63273.5067610327
1999,female,44,34710.1671431004,3511.9368274306444,57644.86114700859,1048.9615860599142,1075.7436005376776,1613.0161260640316,white,138969.34931956264
1999,female,44,34710.1671431004,3511.9368274306444,57644.86114700859,1048.9615860599142,1075.7436005376776,1613.0161260640316,black,17718.43497413325
1999,female,44,34710.1671431004,3511.9368274306444,57644.86114700859,1048.9615860599142,1075.7436005376776,1613.0161260640316,hispanic,61382.582459670215
1999,female,45,32299.696461535135,3131.1506842823583,52280.019173974666,969.0263491678717,909.5704706758157,1476.835842079396,white,133264.30253862153
1999,female,45,32299.696461535135,3131.1506842823583,52280.019173974666,969.0263491678717,909.5704706758157,1476.835842079396,black,15729.913524221658
1999,female,45,32299.696461535135,3131.1506842823583,52280.019173974666,969.0263491678717,909.5704706758157,1476.835842079396,hispanic,55635.45183589775
1999,female,46,32091.422221763096,3077.0204271153316,49443.900375819736,889.0827579043263,928.1635535896124,1363.7506739006235,white,132358.64196422516
1999,female,46,32091.422221763096,3077.0204271153316,49443.900375819736,889.0827579043263,928.1635535896124,1363.7506739006235,black,15689.024989215142
1999,female,46,32091.422221763096,3077.0204271153316,49443.900375819736,889.0827579043263,928.1635535896124,1363.7506739006235,hispanic,52624.897361214295
1999,female,47,29473.523644029458,2888.5843687187803,46570.404331360485,787.0438822827596,752.0859469531644,1257.5663238638278,white,128262.19990093334
1999,female,47,29473.523644029458,2888.5843687187803,46570.404331360485,787.0438822827596,752.0859469531644,1257.5663238638278,black,14809.0889164339
1999,female,47,29473.523644029458,2888.5843687187803,46570.404331360485,787.0438822827596,752.0859469531644,1257.5663238638278,hispanic,49367.100484460236
1999,female,48,30383.562326886815,2856.2244148586615,44785.53947483303,801.9914314313689,788.0901374370776,1233.3780047353332,white,125156.37060857592
1999,female,48,30383.562326886815,2856.2244148586615,44785.53947483303,801.9914314313689,788.0901374370776,1233.3780047353332,black,14893.337672939351
1999,female,48,30383.562326886815,2856.2244148586615,44785.53947483303,801.9914314313689,788.0901374370776,1233.3780047353332,hispanic,47608.99904843682
1999,female,49,31289.708354148337,3090.2491308375957,43963.86823759363,784.9684286427616,692.7562462203822,1230.1330522817393,white,128702.66167442362
1999,female,49,31289.708354148337,3090.2491308375957,43963.86823759363,784.9684286427616,692.7562462203822,1230.1330522817393,black,15184.649521420835
1999,female,49,31289.708354148337,3090.2491308375957,43963.86823759363,784.9684286427616,692.7562462203822,1230.1330522817393,hispanic,46671.72596473851
1999,female,50,28434.302077907825,2863.4557759509926,39111.24656406703,685.8759792889317,707.3173002130732,1077.2747882629606,white,123208.73246388024
1999,female,50,28434.302077907825,2863.4557759509926,39111.24656406703,685.8759792889317,707.3173002130732,1077.2747882629606,black,13787.311458278004
1999,female,50,28434.302077907825,2863.4557759509926,39111.24656406703,685.8759792889317,707.3173002130732,1077.2747882629606,hispanic,41581.714631831994
1999,female,51,26363.27922867039,2809.512393832207,37857.78927883674,661.2732578794186,632.8978029323565,996.2236936215438,white,128656.3453554171
1999,female,51,26363.27922867039,2809.512393832207,37857.78927883674,661.2732578794186,632.8978029323565,996.2236936215438,black,13214.363914492546
1999,female,51,26363.27922867039,2809.512393832207,37857.78927883674,661.2732578794186,632.8978029323565,996.2236936215438,hispanic,40148.18403327005
1999,female,52,24502.29728575656,2744.036732536227,34937.63591948742,595.0842115142314,594.6167012214529,903.8745233090708,white,129869.76698042254
1999,female,52,24502.29728575656,2744.036732536227,34937.63591948742,595.0842115142314,594.6167012214529,903.8745233090708,black,12317.081241071448
1999,female,52,24502.29728575656,2744.036732536227,34937.63591948742,595.0842115142314,594.6167012214529,903.8745233090708,hispanic,37031.21135553217
1999,female,53,20365.55713542861,2224.6830782015354,31983.61691099833,509.48821176088217,456.10379769006886,759.7298314320742,white,99693.745321088
1999,female,53,20365.55713542861,2224.6830782015354,31983.61691099833,509.48821176088217,456.10379769006886,759.7298314320742,black,10405.97474323082
1999,female,53,20365.55713542861,2224.6830782015354,31983.61691099833,509.48821176088217,456.10379769006886,759.7298314320742,hispanic,33708.93875188135
1999,female,54,20213.013576489153,2207.6349347849628,30115.898469592044,486.4060405372237,487.0277709669908,759.0092051160941,white,101351.4157187133
1999,female,54,20213.013576489153,2207.6349347849628,30115.898469592044,486.4060405372237,487.0277709669908,759.0092051160941,black,10437.600419856544
1999,female,54,20213.013576489153,2207.6349347849628,30115.898469592044,486.4060405372237,487.0277709669908,759.0092051160941,hispanic,31848.34148621235
1999,female,55,18415.17234035024,2100.022926294864,28338.505222887325,438.7805833116092,429.38634560989453,672.5688297767763,white,98418.2255661199
1999,female,55,18415.17234035024,2100.022926294864,28338.505222887325,438.7805833116092,429.38634560989453,672.5688297767763,black,10113.674097830804
1999,female,55,18415.17234035024,2100.022926294864,28338.505222887325,438.7805833116092,429.38634560989453,672.5688297767763,hispanic,29879.240981585608
1999,female,56,17446.22699969796,2001.4823475843068,27182.25442684142,395.7884793011454,347.1548106409907,689.9968040233163,white,100561.4418511898
1999,female,56,17446.22699969796,2001.4823475843068,27182.25442684142,395.7884793011454,347.1548106409907,689.9968040233163,black,9895.01529233598
1999,female,56,17446.22699969796,2001.4823475843068,27182.25442684142,395.7884793011454,347.1548106409907,689.9968040233163,hispanic,28615.194520806876
1999,female,57,16864.06294021239,1797.630052364358,24416.276942175205,349.96383039640523,360.5941552238807,586.992847080048,white,86770.55552763403
1999,female,57,16864.06294021239,1797.630052364358,24416.276942175205,349.96383039640523,360.5941552238807,586.992847080048,black,9043.698693453605
1999,female,57,16864.06294021239,1797.630052364358,24416.276942175205,349.96383039640523,360.5941552238807,586.992847080048,hispanic,25713.82777487554
1999,female,58,16513.580308709163,1718.9199218066306,23779.795813701676,319.237273067921,338.65323453595397,475.5865347329496,white,80805.99305315333
1999,female,58,16513.580308709163,1718.9199218066306,23779.795813701676,319.237273067921,338.65323453595397,475.5865347329496,black,8748.016869503132
1999,female,58,16513.580308709163,1718.9199218066306,23779.795813701676,319.237273067921,338.65323453595397,475.5865347329496,hispanic,24913.2728560385
1999,female,59,16367.2888026464,1675.9334293982952,23311.190647502935,337.33054783616365,379.9329195962156,457.83087199687935,white,79480.1106046217
1999,female,59,16367.2888026464,1675.9334293982952,23311.190647502935,337.33054783616365,379.9329195962156,457.83087199687935,black,8995.08696009417
1999,female,59,16367.2888026464,1675.9334293982952,23311.190647502935,337.33054783616365,379.9329195962156,457.83087199687935,hispanic,24486.284986932198
1999,female,60,14793.024059398917,1454.9546437840368,21318.549701575357,299.9650734526406,295.4338098021662,454.0996325428206,white,76057.14464158293
1999,female,60,14793.024059398917,1454.9546437840368,21318.549701575357,299.9650734526406,295.4338098021662,454.0996325428206,black,8191.446260664303
1999,female,60,14793.024059398917,1454.9546437840368,21318.549701575357,299.9650734526406,295.4338098021662,454.0996325428206,hispanic,22368.048217372983
1999,female,61,15195.802750997796,1378.1871367565234,20699.961110205295,297.3185556754404,275.6783082812718,490.99999702068453,white,73988.4936629295
1999,female,61,15195.802750997796,1378.1871367565234,20699.961110205295,297.3185556754404,275.6783082812718,490.99999702068453,black,7914.856547554171
1999,female,61,15195.802750997796,1378.1871367565234,20699.961110205295,297.3185556754404,275.6783082812718,490.99999702068453,hispanic,21763.957971182692
1999,female,62,14635.83411921749,1302.0235653010238,19675.254905595168,290.1178061965699,242.41096208002224,419.74949853147496,white,70204.51559091563
1999,female,62,14635.83411921749,1302.0235653010238,19675.254905595168,290.1178061965699,242.41096208002224,419.74949853147496,black,7495.838497439483
1999,female,62,14635.83411921749,1302.0235653010238,19675.254905595168,290.1178061965699,242.41096208002224,419.74949853147496,hispanic,20627.533172403233
1999,female,63,14532.201175792754,1267.1837048984953,19682.32705449859,279.57334451824073,252.7812335857769,418.1137540896808,white,68898.54360250474
1999,female,63,14532.201175792754,1267.1837048984953,19682.32705449859,279.57334451824073,252.7812335857769,418.1137540896808,black,7385.50841673785
1999,female,63,14532.201175792754,1267.1837048984953,19682.32705449859,279.57334451824073,252.7812335857769,418.1137540896808,hispanic,20632.79538669229
1999,female,64,14372.103098513697,1177.8169504343978,19065.093359855546,269.65796309605247,255.9946245039142,456.8376794965433,white,69617.11542182564
1999,female,64,14372.103098513697,1177.8169504343978,19065.093359855546,269.65796309605247,255.9946245039142,456.8376794965433,black,7475.34468414671
1999,female,64,14372.103098513697,1177.8169504343978,19065.093359855546,269.65796309605247,255.9946245039142,456.8376794965433,hispanic,20047.583626952055
1999,female,65,13857.231106763904,1015.9540656589444,17108.45640253297,241.86670126640985,215.7871725680401,337.07768113941404,white,64672.18159413241
1999,female,65,13857.231106763904,1015.9540656589444,17108.45640253297,241.86670126640985,215.7871725680401,337.07768113941404,black,6701.221596804096
1999,female,65,13857.231106763904,1015.9540656589444,17108.45640253297,241.86670126640985,215.7871725680401,337.07768113941404,hispanic,17903.187957506834
1999,female,66,13609.991830859748,1048.967574524026,16957.616327557047,235.82352048601632,206.02425862857697,346.4011796767105,white,65719.85606071466
1999,female,66,13609.991830859748,1048.967574524026,16957.616327557047,235.82352048601632,206.02425862857697,346.4011796767105,black,6574.8746825337685
1999,female,66,13609.991830859748,1048.967574524026,16957.616327557047,235.82352048601632,206.02425862857697,346.4011796767105,hispanic,17745.865286348355
1999,female,67,12495.033648055394,976.0821131238793,16280.451968231731,214.9964769616309,175.853911643569,310.1050277416198,white,65411.60921483629
1999,female,67,12495.033648055394,976.0821131238793,16280.451968231731,214.9964769616309,175.853911643569,310.1050277416198,black,5734.03435238441
1999,female,67,12495.033648055394,976.0821131238793,16280.451968231731,214.9964769616309,175.853911643569,310.1050277416198,hispanic,16981.407384578553
1999,female,68,13134.18651656002,963.7895974910613,16823.39181331596,206.86108226608704,212.450047483171,294.311724538692,white,67662.06358469458
1999,female,68,13134.18651656002,963.7895974910613,16823.39181331596,206.86108226608704,212.450047483171,294.311724538692,black,5880.070392410727
1999,female,68,13134.18651656002,963.7895974910613,16823.39181331596,206.86108226608704,212.450047483171,294.311724538692,hispanic,17537.01466760391
1999,female,69,12890.035214511105,959.3022516612134,16746.093798520465,233.99822284366869,239.30643734992233,338.8626084424272,white,68521.10299069666
1999,female,69,12890.035214511105,959.3022516612134,16746.093798520465,233.99822284366869,239.30643734992233,338.8626084424272,black,6002.476130903509
1999,female,69,12890.035214511105,959.3022516612134,16746.093798520465,233.99822284366869,239.30643734992233,338.8626084424272,hispanic,17558.261067156483
1999,female,70,11979.679131036246,810.526716043345,14808.128329266336,188.01623401437945,196.78042164737468,311.84901878846773,white,66022.76712197608
1999,female,70,11979.679131036246,810.526716043345,14808.128329266336,188.01623401437945,196.78042164737468,311.84901878846773,black,5264.213220375093
1999,female,70,11979.679131036246,810.526716043345,14808.128329266336,188.01623401437945,196.78042164737468,311.84901878846773,hispanic,15504.774003716557
1999,female,71,11549.517607516613,835.7125525493216,14460.089267243848,188.71576048205912,151.58536515341322,261.7532812781934,white,68300.69877832045
1999,female,71,11549.517607516613,835.7125525493216,14460.089267243848,188.71576048205912,151.58536515341322,261.7532812781934,black,5326.211178204878
1999,female,71,11549.517607516613,835.7125525493216,14460.089267243848,188.71576048205912,151.58536515341322,261.7532812781934,hispanic,15062.143674157513
1999,female,72,11055.053692520549,781.8140894949081,13476.384755655505,166.41890174604472,151.49917361352303,239.6093254764874,white,68711.28665013565
1999,female,72,11055.053692520549,781.8140894949081,13476.384755655505,166.41890174604472,151.49917361352303,239.6093254764874,black,5169.902346189725
1999,female,72,11055.053692520549,781.8140894949081,13476.384755655505,166.41890174604472,151.49917361352303,239.6093254764874,hispanic,14033.91215649156
1999,female,73,10796.237765842065,763.348297927024,12969.591015064678,166.35986049014113,170.60902187534603,231.01920639091648,white,70176.90090344622
1999,female,73,10796.237765842065,763.348297927024,12969.591015064678,166.35986049014113,170.60902187534603,231.01920639091648,black,5135.761004538589
1999,female,73,10796.237765842065,763.348297927024,12969.591015064678,166.35986049014113,170.60902187534603,231.01920639091648,hispanic,13537.579103821081
1999,female,74,9942.837739725965,766.8424001776596,11961.912180679219,147.13828254409623,152.6598265436514,262.05576967163574,white,71429.25215192969
1999,female,74,9942.837739725965,766.8424001776596,11961.912180679219,147.13828254409623,152.6598265436514,262.05576967163574,black,5006.6059259852955
1999,female,74,9942.837739725965,766.8424001776596,11961.912180679219,147.13828254409623,152.6598265436514,262.05576967163574,hispanic,12523.766059438602
1999,female,75,9048.0381109973,663.2182040385989,10823.193489776186,134.9830846592156,109.38097075313964,212.28400420395403,white,68962.10451137758
1999,female,75,9048.0381109973,663.2182040385989,10823.193489776186,134.9830846592156,109.38097075313964,212.28400420395403,black,4628.929741117484
1999,female,75,9048.0381109973,663.2182040385989,10823.193489776186,134.9830846592156,109.38097075313964,212.28400420395403,hispanic,11279.841549392495
1999,female,76,8562.535073950734,615.6089115020376,9787.88714860552,121.77832455836472,140.31809757115366,181.88771639204236,white,66408.1052707466
1999,female,76,8562.535073950734,615.6089115020376,9787.88714860552,121.77832455836472,140.31809757115366,181.88771639204236,black,4391.5612420867765
1999,female,76,8562.535073950734,615.6089115020376,9787.88714860552,121.77832455836472,140.31809757115366,181.88771639204236,hispanic,10231.87128712708
1999,female,77,7503.40306641961,619.4741863570733,9086.905406810309,128.54253665945515,111.50216595189602,165.60792724677896,white,66240.26355854816
1999,female,77,7503.40306641961,619.4741863570733,9086.905406810309,128.54253665945515,111.50216595189602,165.60792724677896,black,4119.694567600557
1999,female,77,7503.40306641961,619.4741863570733,9086.905406810309,128.54253665945515,111.50216595189602,165.60792724677896,hispanic,9492.558036668439
1999,female,78,7136.963637048606,550.8292695899994,8383.216514020522,106.14723405507004,115.85121402499644,145.13797098094142,white,61735.01185716646
1999,female,78,7136.963637048606,550.8292695899994,8383.216514020522,106.14723405507004,115.85121402499644,145.13797098094142,black,3772.3935642599354
1999,female,78,7136.963637048606,550.8292695899994,8383.216514020522,106.14723405507004,115.85121402499644,145.13797098094142,hispanic,8750.352933081529
1999,female,79,6450.145313733868,501.7156758236508,7508.086266812486,80.5275139170572,96.48546509518835,152.3086405909593,white,56393.9225548847
1999,female,79,6450.145313733868,501.7156758236508,7508.086266812486,80.5275139170572,96.48546509518835,152.3086405909593,black,3808.4662658127495
1999,female,79,6450.145313733868,501.7156758236508,7508.086266812486,80.5275139170572,96.48546509518835,152.3086405909593,hispanic,7837.407886415691
1999,female,80,5265.3947927723,402.8730236595908,6124.766972448827,74.69349835827214,71.92613671402242,129.1683690485088,white,51157.337661744714
1999,female,80,5265.3947927723,402.8730236595908,6124.766972448827,74.69349835827214,71.92613671402242,129.1683690485088,black,3048.3444573501583
1999,female,80,5265.3947927723,402.8730236595908,6124.766972448827,74.69349835827214,71.92613671402242,129.1683690485088,hispanic,6400.5549765696305
1999,female,81,4772.992742230374,371.5380505762325,5652.296505429789,61.92800048913142,93.39713176875424,107.631586001794,white,46892.70400031213
1999,female,81,4772.992742230374,371.5380505762325,5652.296505429789,61.92800048913142,93.39713176875424,107.631586001794,black,2932.7466662673646
1999,female,81,4772.992742230374,371.5380505762325,5652.296505429789,61.92800048913142,93.39713176875424,107.631586001794,hispanic,5915.253223689469
1999,female,82,4207.171395210378,329.66574856870227,4715.6285406514025,63.97482866636032,47.71220610338216,59.92123014165711,white,43267.78296790897
1999,female,82,4207.171395210378,329.66574856870227,4715.6285406514025,63.97482866636032,47.71220610338216,59.92123014165711,black,2684.5079783748715
1999,female,82,4207.171395210378,329.66574856870227,4715.6285406514025,63.97482866636032,47.71220610338216,59.92123014165711,hispanic,4887.236805562803
1999,female,83,3799.4673755632552,277.1577380552258,4330.229645968633,50.22426648611667,59.485001776748064,81.91184501690947,white,40316.91935953381
1999,female,83,3799.4673755632552,277.1577380552258,4330.229645968633,50.22426648611667,59.485001776748064,81.91184501690947,black,2315.4022770733054
1999,female,83,3799.4673755632552,277.1577380552258,4330.229645968633,50.22426648611667,59.485001776748064,81.91184501690947,hispanic,4521.850759248408
1999,female,84,3493.583910101818,710.4592848854195,4137.78671964305,351.19856057900586,49.47181965430808,61.270866470674406,white,41685.78562250991
1999,female,84,3493.583910101818,710.4592848854195,4137.78671964305,351.19856057900586,49.47181965430808,61.270866470674406,black,2416.6689917112126
1999,female,84,3493.583910101818,710.4592848854195,4137.78671964305,351.19856057900586,49.47181965430808,61.270866470674406,hispanic,4599.727966347038
1999,female,85,2852.100089280223,639.0327951461244,3721.811494443475,320.31172883267,59.17853763590061,74.3705535572995,white,37536.31411145254
1999,female,85,2852.100089280223,639.0327951461244,3721.811494443475,320.31172883267,59.17853763590061,74.3705535572995,black,2209.1899399681633
1999,female,85,2852.100089280223,639.0327951461244,3721.811494443475,320.31172883267,59.17853763590061,74.3705535572995,hispanic,4175.672314469346
1999,female,86,2550.3911188609263,595.2813106075605,3210.036213656682,286.79810363378823,51.74761353597312,62.54151117909869,white,32970.00133835144
1999,female,86,2550.3911188609263,595.2813106075605,3210.036213656682,286.79810363378823,51.74761353597312,62.54151117909869,black,1842.4007648100385
1999,female,86,2550.3911188609263,595.2813106075605,3210.036213656682,286.79810363378823,51.74761353597312,62.54151117909869,hispanic,3611.1234420055416
1999,female,87,2021.988578448101,426.9243374200101,2756.769087893913,226.52270768858392,46.27452186842556,50.63246482334356,white,28418.281084472554
1999,female,87,2021.988578448101,426.9243374200101,2756.769087893913,226.52270768858392,46.27452186842556,50.63246482334356,black,1553.1705324475768
1999,female,87,2021.988578448101,426.9243374200101,2756.769087893913,226.52270768858392,46.27452186842556,50.63246482334356,hispanic,3080.198782274266
1999,female,88,1752.8176956722923,373.1364779682688,2483.039654020306,221.91288030533485,44.80633035242382,42.84763481403443,white,24779.048728659476
1999,female,88,1752.8176956722923,373.1364779682688,2483.039654020306,221.91288030533485,44.80633035242382,42.84763481403443,black,1418.517797153526
1999,female,88,1752.8176956722923,373.1364779682688,2483.039654020306,221.91288030533485,44.80633035242382,42.84763481403443,hispanic,2792.606499492099
1999,female,89,1287.3485918210251,367.70331209721127,1920.7549055213456,162.40258639478807,39.79515456538813,12.576153290065829,white,21070.9815365212
1999,female,89,1287.3485918210251,367.70331209721127,1920.7549055213456,162.40258639478807,39.79515456538813,12.576153290065829,black,1139.0181306635243
1999,female,89,1287.3485918210251,367.70331209721127,1920.7549055213456,162.40258639478807,39.79515456538813,12.576153290065829,hispanic,2135.5287997715877
1999,female,90,1019.8569946773644,254.24084829508092,1561.6223736232596,168.37419515380114,20.34648845716797,26.901735875655053,white,17395.062615537187
1999,female,90,1019.8569946773644,254.24084829508092,1561.6223736232596,168.37419515380114,20.34648845716797,26.901735875655053,black,992.1021050521979
1999,female,90,1019.8569946773644,254.24084829508092,1561.6223736232596,168.37419515380114,20.34648845716797,26.901735875655053,hispanic,1777.2447931098836
1999,female,91,835.5368391415351,203.82614566275785,1336.400605096986,124.01120326701424,21.945097200727727,14.54943455910016,white,14802.005033675314
1999,female,91,835.5368391415351,203.82614566275785,1336.400605096986,124.01120326701424,21.945097200727727,14.54943455910016,black,785.5611152984309
1999,female,91,835.5368391415351,203.82614566275785,1336.400605096986,124.01120326701424,21.945097200727727,14.54943455910016,hispanic,1496.9063401238282
1999,female,92,702.3344574706214,169.69680196877573,1111.3423455613151,58.57395622358178,17.70313928175685,11.18479829599784,white,11673.09179218702
1999,female,92,702.3344574706214,169.69680196877573,1111.3423455613151,58.57395622358178,17.70313928175685,11.18479829599784,black,652.0902033723734
1999,female,92,702.3344574706214,169.69680196877573,1111.3423455613151,58.57395622358178,17.70313928175685,11.18479829599784,hispanic,1198.8042393626515
1999,female,93,549.6326755214274,128.48352983528582,860.3193915519256,63.3613191904741,22.607461240827163,13.066507794323623,white,9100.237720032637
1999,female,93,549.6326755214274,128.48352983528582,860.3193915519256,63.3613191904741,22.607461240827163,13.066507794323623,black,564.0158771884109
1999,female,93,549.6326755214274,128.48352983528582,860.3193915519256,63.3613191904741,22.607461240827163,13.066507794323623,hispanic,959.3546797775505
1999,female,94,395.8202055205623,100.86258750293568,694.8326025497822,53.962997464292194,11.406777080385757,10.342154507933216,white,6941.323655612083
1999,female,94,395.8202055205623,100.86258750293568,694.8326025497822,53.962997464292194,11.406777080385757,10.342154507933216,black,457.8314087716837
1999,female,94,395.8202055205623,100.86258750293568,694.8326025497822,53.962997464292194,11.406777080385757,10.342154507933216,hispanic,770.5445316023934
1999,female,95,327.1577229389616,50.59366137060378,514.3700740492242,39.18428748292273,15.328764797464569,7.335193466771126,white,5541.0842211815725
1999,female,95,327.1577229389616,50.59366137060378,514.3700740492242,39.18428748292273,15.328764797464569,7.335193466771126,black,320.41628108635956
1999,female,95,327.1577229389616,50.59366137060378,514.3700740492242,39.18428748292273,15.328764797464569,7.335193466771126,hispanic,576.2183197963826
1999,female,96,267.071067154419,48.360663422753085,390.162213623821,23.37774000874205,3.8944204479019766,6.309854000214537,white,4013.840276478204
1999,female,96,267.071067154419,48.360663422753085,390.162213623821,23.37774000874205,3.8944204479019766,6.309854000214537,black,258.38903620861953
1999,female,96,267.071067154419,48.360663422753085,390.162213623821,23.37774000874205,3.8944204479019766,6.309854000214537,hispanic,423.74422808067953
1999,female,97,182.31464074162653,41.412458388086115,306.8920547032404,28.532712985821146,8.971039880008595,5.251413054520431,white,2851.2406955098063
1999,female,97,182.31464074162653,41.412458388086115,306.8920547032404,28.532712985821146,8.971039880008595,5.251413054520431,black,182.80923291253737
1999,female,97,182.31464074162653,41.412458388086115,306.8920547032404,28.532712985821146,8.971039880008595,5.251413054520431,hispanic,349.64722062359056
1999,female,98,147.01218670817326,27.10855534405212,238.85911047684235,24.180832126638997,6.969272966308627,4.088503091227186,white,2220.5030212649244
1999,female,98,147.01218670817326,27.10855534405212,238.85911047684235,24.180832126638997,6.969272966308627,4.088503091227186,black,173.11376903324117
1999,female,98,147.01218670817326,27.10855534405212,238.85911047684235,24.180832126638997,6.969272966308627,4.088503091227186,hispanic,274.0977186610172
1999,female,99,330.8894393412163,74.83745969509542,442.5205959409243,61.88332061741136,11.050758729151903,8.062614895663268,white,3528.689498835211
1999,female,99,330.8894393412163,74.83745969509542,442.5205959409243,61.88332061741136,11.050758729151903,8.062614895663268,black,351.24845414181556
1999,female,99,330.8894393412163,74.83745969509542,442.5205959409243,61.88332061741136,11.050758729151903,8.062614895663268,hispanic,523.5172901831509
1999,female,100,39.07240064858174,2.9020001625430893,81.13263918653719,2.4510944367375895,1.8501961738101993,0.7599183919404556,white,1238.8596583450178
1999,female,100,39.07240064858174,2.9020001625430893,81.13263918653719,2.4510944367375895,1.8501961738101993,0.7599183919404556,black,52.16093669507629
1999,female,100,39.07240064858174,2.9020001625430893,81.13263918653719,2.4510944367375895,1.8501961738101993,0.7599183919404556,hispanic,86.19384818902545
1999,male,0,27182.412906973543,2282.3436625747536,112733.7581240579,2409.791006365517,2312.334148922093,2338.3728615701616,white,84265.54972664369
1999,male,0,27182.412906973543,2282.3436625747536,112733.7581240579,2409.791006365517,2312.334148922093,2338.3728615701616,black,18435.520007560124
1999,male,0,27182.412906973543,2282.3436625747536,112733.7581240579,2409.791006365517,2312.334148922093,2338.3728615701616,hispanic,119794.25614091566
1999,male,1,27845.0504260568,2407.4600936876927,111074.50275493746,2665.2470520099255,2712.8715554295777,2563.64361879928,white,82570.05294736077
1999,male,1,27845.0504260568,2407.4600936876927,111074.50275493746,2665.2470520099255,2712.8715554295777,2563.64361879928,black,18957.411710599365
1999,male,1,27845.0504260568,2407.4600936876927,111074.50275493746,2665.2470520099255,2712.8715554295777,2563.64361879928,hispanic,119016.26498117625
1999,male,2,28862.613689252117,2518.8778658149804,114169.78163714505,2808.1091339669506,2820.8711026761134,2880.211132851008,white,85004.13037706666
1999,male,2,28862.613689252117,2518.8778658149804,114169.78163714505,2808.1091339669506,2820.8711026761134,2880.211132851008,black,19999.59160394515
1999,male,2,28862.613689252117,2518.8778658149804,114169.78163714505,2808.1091339669506,2820.8711026761134,2880.211132851008,hispanic,122678.97300663912
1999,male,3,29792.187665554608,2573.22136148323,117578.21884679233,2941.573488503075,2844.6020404315464,2848.9471470593703,white,89567.53082865733
1999,male,3,29792.187665554608,2573.22136148323,117578.21884679233,2941.573488503075,2844.6020404315464,2848.9471470593703,black,21032.733185527795
1999,male,3,29792.187665554608,2573.22136148323,117578.21884679233,2941.573488503075,2844.6020404315464,2848.9471470593703,hispanic,126213.34152278632
1999,male,4,29368.228475136195,2996.2639818605503,117029.38130951284,2729.5883264479107,2783.3250066446835,2994.5438954403494,white,91413.95303215984
1999,male,4,29368.228475136195,2996.2639818605503,117029.38130951284,2729.5883264479107,2783.3250066446835,2994.5438954403494,black,21383.15532256356
1999,male,4,29368.228475136195,2996.2639818605503,117029.38130951284,2729.5883264479107,2783.3250066446835,2994.5438954403494,hispanic,125536.83853804578
1999,male,5,29644.836443405264,3001.6506106864363,117544.1755433866,2689.230214031754,2956.731908300562,2970.1452312528654,white,93923.48380264537
1999,male,5,29644.836443405264,3001.6506106864363,117544.1755433866,2689.230214031754,2956.731908300562,2970.1452312528654,black,21812.136002295767
1999,male,5,29644.836443405264,3001.6506106864363,117544.1755433866,2689.230214031754,2956.731908300562,2970.1452312528654,hispanic,126160.28289697178
1999,male,6,30175.61859452109,2929.8146737141265,118654.18343416172,2643.4597874271194,2855.370807860131,3018.76836342652,white,96264.85765773176
1999,male,6,30175.61859452109,2929.8146737141265,118654.18343416172,2643.4597874271194,2855.370807860131,3018.76836342652,black,22439.670833649576
1999,male,6,30175.61859452109,2929.8146737141265,118654.18343416172,2643.4597874271194,2855.370807860131,3018.76836342652,hispanic,127171.7823928755
1999,male,7,30892.76516737812,3016.683368897927,116970.37198157264,2720.0111452341375,2886.8193956188984,3157.2253267850297,white,100971.07277005208
1999,male,7,30892.76516737812,3016.683368897927,116970.37198157264,2720.0111452341375,2886.8193956188984,3157.2253267850297,black,23201.311301583308
1999,male,7,30892.76516737812,3016.683368897927,116970.37198157264,2720.0111452341375,2886.8193956188984,3157.2253267850297,hispanic,125734.4278492107
1999,male,8,31092.915410891583,3102.5663037497434,115966.38599970716,2634.661478581264,2895.54865966469,3165.606938717166,white,104794.44624335572
1999,male,8,31092.915410891583,3102.5663037497434,115966.38599970716,2634.661478581264,2895.54865966469,3165.606938717166,black,24090.408238589593
1999,male,8,31092.915410891583,3102.5663037497434,115966.38599970716,2634.661478581264,2895.54865966469,3165.606938717166,hispanic,124662.20307667028
1999,male,9,30231.46015692823,3526.035275418392,108285.55751523338,2496.170162221527,2648.8709651659033,2886.4803322862585,white,105730.30290626724
1999,male,9,30231.46015692823,3526.035275418392,108285.55751523338,2496.170162221527,2648.8709651659033,2886.4803322862585,black,23769.858995322247
1999,male,9,30231.46015692823,3526.035275418392,108285.55751523338,2496.170162221527,2648.8709651659033,2886.4803322862585,hispanic,116317.07897490707
1999,male,10,31500.038807673125,3266.850727017404,99821.77822324813,2373.208235586525,2334.0788097972295,3048.561855800057,white,101400.74431687834
1999,male,10,31500.038807673125,3266.850727017404,99821.77822324813,2373.208235586525,2334.0788097972295,3048.561855800057,black,22230.39276965619
1999,male,10,31500.038807673125,3266.850727017404,99821.77822324813,2373.208235586525,2334.0788097972295,3048.561855800057,hispanic,107577.62712443194
1999,male,11,30297.212472395455,3168.6795839992496,97869.41047089628,2225.0150713915614,2322.9329904412757,2852.7490921915805,white,100846.4065139233
1999,male,11,30297.212472395455,3168.6795839992496,97869.41047089628,2225.0150713915614,2322.9329904412757,2852.7490921915805,black,21744.68176269733
1999,male,11,30297.212472395455,3168.6795839992496,97869.41047089628,2225.0150713915614,2322.9329904412757,2852.7490921915805,hispanic,105270.1076249207
1999,male,12,29468.76911206839,3171.826104023344,93074.11790857249,2094.8515620836997,2123.5182722851987,2763.252046918251,white,99524.18421895076
1999,male,12,29468.76911206839,3171.826104023344,93074.11790857249,2094.8515620836997,2123.5182722851987,2763.252046918251,black,20837.327961439372
1999,male,12,29468.76911206839,3171.826104023344,93074.11790857249,2094.8515620836997,2123.5182722851987,2763.252046918251,hispanic,100055.73978985964
1999,male,13,30674.308448310683,3107.219126666022,92564.98989998162,2038.904153729515,2129.3262827558515,2806.554530980968,white,99483.59874549328
1999,male,13,30674.308448310683,3107.219126666022,92564.98989998162,2038.904153729515,2129.3262827558515,2806.554530980968,black,20676.976767888544
1999,male,13,30674.308448310683,3107.219126666022,92564.98989998162,2038.904153729515,2129.3262827558515,2806.554530980968,hispanic,99539.77486744795
1999,male,14,30374.056008892017,3198.758980081951,90019.08970808194,1859.4825873701388,1904.8009268971073,2565.7141622019913,white,98788.54872912531
1999,male,14,30374.056008892017,3198.758980081951,90019.08970808194,1859.4825873701388,1904.8009268971073,2565.7141622019913,black,19723.96729323852
1999,male,14,30374.056008892017,3198.758980081951,90019.08970808194,1859.4825873701388,1904.8009268971073,2565.7141622019913,hispanic,96349.08738455117
1999,male,15,31092.93076179804,3159.442905913098,91563.23270833146,1824.5598275657544,1836.610669508992,2614.74016265106,white,97066.93052366395
1999,male,15,31092.93076179804,3159.442905913098,91563.23270833146,1824.5598275657544,1836.610669508992,2614.74016265106,black,19081.590130129774
1999,male,15,31092.93076179804,3159.442905913098,91563.23270833146,1824.5598275657544,1836.610669508992,2614.74016265106,hispanic,97839.14336805727
1999,male,16,31804.35224634332,3101.081321975502,97901.83409572298,1902.182890062815,1798.0197902203377,2900.641364020845,white,97581.9940053652
1999,male,16,31804.35224634332,3101.081321975502,97901.83409572298,1902.182890062815,1798.0197902203377,2900.641364020845,black,19280.50467271191
1999,male,16,31804.35224634332,3101.081321975502,97901.83409572298,1902.182890062815,1798.0197902203377,2900.641364020845,hispanic,104502.67814002698
1999,male,17,31743.107190356335,2969.6678981728965,99773.28345788408,1888.6025152933908,2056.3023967285712,2851.037459408908,white,93333.24591408753
1999,male,17,31743.107190356335,2969.6678981728965,99773.28345788408,1888.6025152933908,2056.3023967285712,2851.037459408908,black,18294.91476248847
1999,male,17,31743.107190356335,2969.6678981728965,99773.28345788408,1888.6025152933908,2056.3023967285712,2851.037459408908,hispanic,106569.22582931495
1999,male,18,32130.962727741306,2913.190443153432,103065.35078617136,1899.044002711436,2004.7867059286343,2852.8664989647305,white,94715.70704684193
1999,male,18,32130.962727741306,2913.190443153432,103065.35078617136,1899.044002711436,2004.7867059286343,2852.8664989647305,black,18131.849759393463
1999,male,18,32130.962727741306,2913.190443153432,103065.35078617136,1899.044002711436,2004.7867059286343,2852.8664989647305,hispanic,109822.04799377617
1999,male,19,31545.226850601633,2841.2144885877947,103855.83651637346,1781.0450461614462,1953.4130346220272,2711.2106218145796,white,94334.58546481625
1999,male,19,31545.226850601633,2841.2144885877947,103855.83651637346,1781.0450461614462,1953.4130346220272,2711.2106218145796,black,17849.523171381974
1999,male,19,31545.226850601633,2841.2144885877947,103855.83651637346,1781.0450461614462,1953.4130346220272,2711.2106218145796,hispanic,110301.50521897152
1999,male,20,30106.15262735727,2746.6230649501463,100291.76706694602,1649.560037067239,1831.0515966876387,2496.5332915025356,white,89798.42042759183
1999,male,20,30106.15262735727,2746.6230649501463,100291.76706694602,1649.560037067239,1831.0515966876387,2496.5332915025356,black,16816.98958997872
1999,male,20,30106.15262735727,2746.6230649501463,100291.76706694602,1649.560037067239,1831.0515966876387,2496.5332915025356,hispanic,106268.91199220343
1999,male,21,29099.225826715225,2588.1957377051053,102662.5132030668,1667.5986970651604,1835.8424027382769,2618.9734768759517,white,88143.86033091569
1999,male,21,29099.225826715225,2588.1957377051053,102662.5132030668,1667.5986970651604,1835.8424027382769,2618.9734768759517,black,16073.26062787654
1999,male,21,29099.225826715225,2588.1957377051053,102662.5132030668,1667.5986970651604,1835.8424027382769,2618.9734768759517,hispanic,108784.92777974618
1999,male,22,29809.69406116427,2408.0516050767615,102427.48089887202,1651.1275620564315,1855.6615383391209,2716.863370076624,white,88533.36380891834
1999,male,22,29809.69406116427,2408.0516050767615,102427.48089887202,1651.1275620564315,1855.6615383391209,2716.863370076624,black,15785.582517178398
1999,male,22,29809.69406116427,2408.0516050767615,102427.48089887202,1651.1275620564315,1855.6615383391209,2716.863370076624,hispanic,108651.13336934418
1999,male,23,31182.572344246637,2414.1563958665624,104295.5225183444,1631.7020266805475,1782.6570179158498,2612.646268630607,white,87929.57062393299
1999,male,23,31182.572344246637,2414.1563958665624,104295.5225183444,1631.7020266805475,1782.6570179158498,2612.646268630607,black,15280.20193393517
1999,male,23,31182.572344246637,2414.1563958665624,104295.5225183444,1631.7020266805475,1782.6570179158498,2612.646268630607,hispanic,110322.5278315714
1999,male,24,32541.61043285569,2504.307258205266,105390.13488737257,1542.022945654838,1831.2206586838347,2594.7652249038388,white,93425.87123203324
1999,male,24,32541.61043285569,2504.307258205266,105390.13488737257,1542.022945654838,1831.2206586838347,2594.7652249038388,black,15481.510542618184
1999,male,24,32541.61043285569,2504.307258205266,105390.13488737257,1542.022945654838,1831.2206586838347,2594.7652249038388,hispanic,111358.14371661507
1999,male,25,32366.55614194602,2311.264200890667,101027.83407372974,1491.1685718532565,1760.7183628516343,2390.183855385312,white,89674.89893432312
1999,male,25,32366.55614194602,2311.264200890667,101027.83407372974,1491.1685718532565,1760.7183628516343,2390.183855385312,black,14927.515281626773
1999,male,25,32366.55614194602,2311.264200890667,101027.83407372974,1491.1685718532565,1760.7183628516343,2390.183855385312,hispanic,106669.90486381995
1999,male,26,34166.62151362288,2392.698135649206,104473.80292897068,1532.7606705108649,1733.801739041303,2461.5729908795483,white,94363.21341226272
1999,male,26,34166.62151362288,2392.698135649206,104473.80292897068,1532.7606705108649,1733.801739041303,2461.5729908795483,black,15690.994195340922
1999,male,26,34166.62151362288,2392.698135649206,104473.80292897068,1532.7606705108649,1733.801739041303,2461.5729908795483,hispanic,110201.93832940239
1999,male,27,34337.81064337906,2379.4837711238433,102598.0777606857,1557.25762377119,1621.8850367320492,2430.0794413864546,white,102521.02051164744
1999,male,27,34337.81064337906,2379.4837711238433,102598.0777606857,1557.25762377119,1621.8850367320492,2430.0794413864546,black,16525.41194005045
1999,male,27,34337.81064337906,2379.4837711238433,102598.0777606857,1557.25762377119,1621.8850367320492,2430.0794413864546,hispanic,108207.2998625754
1999,male,28,34763.3137490082,2492.859991428078,105978.9834994618,1597.3122104671909,1762.0362202299216,2480.262220800217,white,114770.11292353384
1999,male,28,34763.3137490082,2492.859991428078,105978.9834994618,1597.3122104671909,1762.0362202299216,2480.262220800217,black,18215.403413810316
1999,male,28,34763.3137490082,2492.859991428078,105978.9834994618,1597.3122104671909,1762.0362202299216,2480.262220800217,hispanic,111818.59415095912
1999,male,29,35401.24852402316,2815.6413231110164,108472.93506528126,1645.0415471462363,1941.0907021241817,2533.819489581327,white,123225.853830829
1999,male,29,35401.24852402316,2815.6413231110164,108472.93506528126,1645.0415471462363,1941.0907021241817,2533.819489581327,black,19430.261177963945
1999,male,29,35401.24852402316,2815.6413231110164,108472.93506528126,1645.0415471462363,1941.0907021241817,2533.819489581327,hispanic,114592.886804133
1999,male,30,33156.740330450455,2581.6939980549646,99802.73643104246,1456.9488412052249,1767.9194159444337,2383.0906812963103,white,113152.04855942517
1999,male,30,33156.740330450455,2581.6939980549646,99802.73643104246,1456.9488412052249,1767.9194159444337,2383.0906812963103,black,17360.391932091134
1999,male,30,33156.740330450455,2581.6939980549646,99802.73643104246,1456.9488412052249,1767.9194159444337,2383.0906812963103,hispanic,105410.69536948843
1999,male,31,31992.597434647236,2547.6482639018286,99162.06135892286,1504.4153809830873,1577.6895516624752,2262.699884889402,white,113640.80532840976
1999,male,31,31992.597434647236,2547.6482639018286,99162.06135892286,1504.4153809830873,1577.6895516624752,2262.699884889402,black,17311.0628432161
1999,male,31,31992.597434647236,2547.6482639018286,99162.06135892286,1504.4153809830873,1577.6895516624752,2262.699884889402,hispanic,104506.86617645783
1999,male,32,30935.047395016303,2452.9090457939196,95349.88918791429,1371.4866033165993,1538.1644968166916,2285.6784816984923,white,114977.12815721304
1999,male,32,30935.047395016303,2452.9090457939196,95349.88918791429,1371.4866033165993,1538.1644968166916,2285.6784816984923,black,18000.478659439785
1999,male,32,30935.047395016303,2452.9090457939196,95349.88918791429,1371.4866033165993,1538.1644968166916,2285.6784816984923,hispanic,100545.21876974608
1999,male,33,32592.091284365248,2628.3072976948083,95214.37415663172,1390.770670660413,1589.230118818846,2321.9052629482812,white,119845.39705389926
1999,male,33,32592.091284365248,2628.3072976948083,95214.37415663172,1390.770670660413,1589.230118818846,2321.9052629482812,black,19118.88627085708
1999,male,33,32592.091284365248,2628.3072976948083,95214.37415663172,1390.770670660413,1589.230118818846,2321.9052629482812,hispanic,100516.28020905924
1999,male,34,33945.396902145316,3066.5096175440754,95270.03452216504,1394.6377191808538,1544.0486009348676,2458.776476348213,white,134902.43665382738
1999,male,34,33945.396902145316,3066.5096175440754,95270.03452216504,1394.6377191808538,1544.0486009348676,2458.776476348213,black,20746.958220747787
1999,male,34,33945.396902145316,3066.5096175440754,95270.03452216504,1394.6377191808538,1544.0486009348676,2458.776476348213,hispanic,100667.49731862897
1999,male,35,33476.62607051149,2989.015580076332,88739.85727079539,1367.7541532478194,1469.5919095512882,2271.698909099838,white,135706.82759169224
1999,male,35,33476.62607051149,2989.015580076332,88739.85727079539,1367.7541532478194,1469.5919095512882,2271.698909099838,black,19586.63737575977
1999,male,35,33476.62607051149,2989.015580076332,88739.85727079539,1367.7541532478194,1469.5919095512882,2271.698909099838,hispanic,93848.90224269434
1999,male,36,33733.86556927036,3022.6936534831707,84071.9545335068,1290.994776856904,1367.502629310902,2178.155582888192,white,138577.0342439877
1999,male,36,33733.86556927036,3022.6936534831707,84071.9545335068,1290.994776856904,1367.502629310902,2178.155582888192,black,19778.65412331281
1999,male,36,33733.86556927036,3022.6936534831707,84071.9545335068,1290.994776856904,1367.502629310902,2178.155582888192,hispanic,88908.6075225628
1999,male,37,31635.470954742297,3033.858499827699,81644.11528059645,1263.5316879235374,1223.1468224547525,2197.3146965723327,white,142750.02631053168
1999,male,37,31635.470954742297,3033.858499827699,81644.11528059645,1263.5316879235374,1223.1468224547525,2197.3146965723327,black,19946.74767449447
1999,male,37,31635.470954742297,3033.858499827699,81644.11528059645,1263.5316879235374,1223.1468224547525,2197.3146965723327,hispanic,86328.10848754707
1999,male,38,31971.41668293959,3015.9880254074496,78281.55087867433,1191.550989411938,1234.4246505511226,2081.5374472647136,white,144520.6239590888
1999,male,38,31971.41668293959,3015.9880254074496,78281.55087867433,1191.550989411938,1234.4246505511226,2081.5374472647136,black,20415.12972000172
1999,male,38,31971.41668293959,3015.9880254074496,78281.55087867433,1191.550989411938,1234.4246505511226,2081.5374472647136,hispanic,82789.0639659021
1999,male,39,33506.48133759179,3415.8374071390117,78440.48607745336,1202.3611869145,1279.6658681254437,1942.1851955115133,white,151511.33681827624
1999,male,39,33506.48133759179,3415.8374071390117,78440.48607745336,1202.3611869145,1279.6658681254437,1942.1851955115133,black,21179.10530117897
1999,male,39,33506.48133759179,3415.8374071390117,78440.48607745336,1202.3611869145,1279.6658681254437,1942.1851955115133,hispanic,82864.69832800482
1999,male,40,31203.47868160067,2943.259997766597,68080.90472379264,1086.4571247146928,1081.0631967807492,1875.0597100789576,white,140998.57797884793
1999,male,40,31203.47868160067,2943.259997766597,68080.90472379264,1086.4571247146928,1081.0631967807492,1875.0597100789576,black,18572.73848498995
1999,male,40,31203.47868160067,2943.259997766597,68080.90472379264,1086.4571247146928,1081.0631967807492,1875.0597100789576,hispanic,72123.48475536704
1999,male,41,31104.067986696657,3035.233253602417,67776.782401658,1091.018749492226,1174.0511408216296,2002.373620910771,white,146236.94878237095
1999,male,41,31104.067986696657,3035.233253602417,67776.782401658,1091.018749492226,1174.0511408216296,2002.373620910771,black,18713.95678739171
1999,male,41,31104.067986696657,3035.233253602417,67776.782401658,1091.018749492226,1174.0511408216296,2002.373620910771,hispanic,72044.22591288263
1999,male,42,30201.830871693255,2901.883432140724,62700.862562379,967.8090287742372,903.8242478652128,1751.4242927186076,white,142424.08365209663
1999,male,42,30201.830871693255,2901.883432140724,62700.862562379,967.8090287742372,903.8242478652128,1751.4242927186076,black,17723.460922346017
1999,male,42,30201.830871693255,2901.883432140724,62700.862562379,967.8090287742372,903.8242478652128,1751.4242927186076,hispanic,66323.92013173706
1999,male,43,30171.62371936822,2801.982727147692,60500.25796525486,913.1163463484496,1014.3269537683612,1668.2115062302505,white,139802.39946461996
1999,male,43,30171.62371936822,2801.982727147692,60500.25796525486,913.1163463484496,1014.3269537683612,1668.2115062302505,black,17342.34778897273
1999,male,43,30171.62371936822,2801.982727147692,60500.25796525486,913.1163463484496,1014.3269537683612,1668.2115062302505,hispanic,64095.912771601914
1999,male,44,30686.43206804181,3075.80193190731,59106.17810842365,955.9727903386822,950.4335081884981,1633.4885836551844,white,142526.15000974352
1999,male,44,30686.43206804181,3075.80193190731,59106.17810842365,955.9727903386822,950.4335081884981,1633.4885836551844,black,17284.315363850277
1999,male,44,30686.43206804181,3075.80193190731,59106.17810842365,955.9727903386822,950.4335081884981,1633.4885836551844,hispanic,62646.072990606015
1999,male,45,28115.717044388653,2796.3390220229467,51702.02955788109,849.1107278233135,866.4889760894877,1452.271215785832,white,134510.7893575597
1999,male,45,28115.717044388653,2796.3390220229467,51702.02955788109,849.1107278233135,866.4889760894877,1452.271215785832,black,15340.659465870218
1999,male,45,28115.717044388653,2796.3390220229467,51702.02955788109,849.1107278233135,866.4889760894877,1452.271215785832,hispanic,54869.90047757972
1999,male,46,27863.92705098253,2680.997243372877,48605.01783153548,736.6048278881985,827.1032838258463,1466.6469366948031,white,133290.88713580644
1999,male,46,27863.92705098253,2680.997243372877,48605.01783153548,736.6048278881985,827.1032838258463,1466.6469366948031,black,14295.40997769475
1999,male,46,27863.92705098253,2680.997243372877,48605.01783153548,736.6048278881985,827.1032838258463,1466.6469366948031,hispanic,51635.37287994433
1999,male,47,25780.27112432847,2597.2933578637426,45317.76876897048,705.7116593914117,707.7743991526535,1271.4846281473735,white,128653.11016784405
1999,male,47,25780.27112432847,2597.2933578637426,45317.76876897048,705.7116593914117,707.7743991526535,1271.4846281473735,black,13640.64516707946
1999,male,47,25780.27112432847,2597.2933578637426,45317.76876897048,705.7116593914117,707.7743991526535,1271.4846281473735,hispanic,48002.73945566192
1999,male,48,26260.375571317243,2531.9916410357064,43980.64029239796,663.0035994836219,680.903899627949,1244.945054766069,white,125103.8743510771
1999,male,48,26260.375571317243,2531.9916410357064,43980.64029239796,663.0035994836219,680.903899627949,1244.945054766069,black,13714.855857847428
1999,male,48,26260.375571317243,2531.9916410357064,43980.64029239796,663.0035994836219,680.903899627949,1244.945054766069,hispanic,46569.4928462756
1999,male,49,27259.712831408197,2794.3251370949943,42464.17335715591,644.3461444814659,678.6875905133836,1182.2786629542784,white,130274.90682816497
1999,male,49,27259.712831408197,2794.3251370949943,42464.17335715591,644.3461444814659,678.6875905133836,1182.2786629542784,black,14261.47546468964
1999,male,49,27259.712831408197,2794.3251370949943,42464.17335715591,644.3461444814659,678.6875905133836,1182.2786629542784,hispanic,44969.48575510504
1999,male,50,24575.20851968761,2442.713942934394,37097.98244968015,590.7147867697639,567.7928700701611,1019.5647779937098,white,122282.52105191532
1999,male,50,24575.20851968761,2442.713942934394,37097.98244968015,590.7147867697639,567.7928700701611,1019.5647779937098,black,12271.945277091752
1999,male,50,24575.20851968761,2442.713942934394,37097.98244968015,590.7147867697639,567.7928700701611,1019.5647779937098,hispanic,39276.05488451378
1999,male,51,23162.650042105157,2447.366587633886,35926.678285308466,565.9246210911311,553.477749502668,1000.4073149828888,white,128495.05287629546
1999,male,51,23162.650042105157,2447.366587633886,35926.678285308466,565.9246210911311,553.477749502668,1000.4073149828888,black,11961.020534889138
1999,male,51,23162.650042105157,2447.366587633886,35926.678285308466,565.9246210911311,553.477749502668,1000.4073149828888,hispanic,38046.48797088515
1999,male,52,21250.05048199212,2386.7360636827034,32856.66045307061,507.7880977163261,482.0179033134263,953.4213123275542,white,129922.67427686664
1999,male,52,21250.05048199212,2386.7360636827034,32856.66045307061,507.7880977163261,482.0179033134263,953.4213123275542,black,10666.124393162569
1999,male,52,21250.05048199212,2386.7360636827034,32856.66045307061,507.7880977163261,482.0179033134263,953.4213123275542,hispanic,34799.88776642792
1999,male,53,18116.10323174414,1899.863862646475,29490.78710346693,459.8742536125423,414.5859092090562,802.4914386984792,white,98835.28307942873
1999,male,53,18116.10323174414,1899.863862646475,29490.78710346693,459.8742536125423,414.5859092090562,802.4914386984792,black,9147.026855631893
1999,male,53,18116.10323174414,1899.863862646475,29490.78710346693,459.8742536125423,414.5859092090562,802.4914386984792,hispanic,31167.73870498701
1999,male,54,17711.167967952424,2019.8148140918277,27306.81769253795,418.48159288800827,420.7111633431866,812.9617290402734,white,100200.7399765811
1999,male,54,17711.167967952424,2019.8148140918277,27306.81769253795,418.48159288800827,420.7111633431866,812.9617290402734,black,9249.029745281565
1999,male,54,17711.167967952424,2019.8148140918277,27306.81769253795,418.48159288800827,420.7111633431866,812.9617290402734,hispanic,28958.972177809417
1999,male,55,16284.014647545117,1867.3800304781985,25754.430790459133,341.54485115782427,354.17050035416054,694.0285373301257,white,97154.44526028032
1999,male,55,16284.014647545117,1867.3800304781985,25754.430790459133,341.54485115782427,354.17050035416054,694.0285373301257,black,8844.775091251111
1999,male,55,16284.014647545117,1867.3800304781985,25754.430790459133,341.54485115782427,354.17050035416054,694.0285373301257,hispanic,27144.174679301246
1999,male,56,15303.071170007071,1825.8851765342051,23697.502589563755,298.9274852030714,295.54598890535107,605.5762997345375,white,97845.43450549904
1999,male,56,15303.071170007071,1825.8851765342051,23697.502589563755,298.9274852030714,295.54598890535107,605.5762997345375,black,8455.247982319062
1999,male,56,15303.071170007071,1825.8851765342051,23697.502589563755,298.9274852030714,295.54598890535107,605.5762997345375,hispanic,24897.552363406718
1999,male,57,14790.173282080888,1592.2907902066872,22014.58231326914,291.3841826821881,318.39353997913884,572.929861875768,white,84109.5550796901
1999,male,57,14790.173282080888,1592.2907902066872,22014.58231326914,291.3841826821881,318.39353997913884,572.929861875768,black,7924.092800772178
1999,male,57,14790.173282080888,1592.2907902066872,22014.58231326914,291.3841826821881,318.39353997913884,572.929861875768,hispanic,23197.289897806233
1999,male,58,14548.899366842565,1556.6954430167384,20858.555543871345,286.0158667422726,257.4330413885826,501.0375875865702,white,78188.86173874242
1999,male,58,14548.899366842565,1556.6954430167384,20858.555543871345,286.0158667422726,257.4330413885826,501.0375875865702,black,7546.298687477973
1999,male,58,14548.899366842565,1556.6954430167384,20858.555543871345,286.0158667422726,257.4330413885826,501.0375875865702,hispanic,21903.04203958877
1999,male,59,14368.02762917042,1468.4139727277077,20120.18456865853,277.0169676285406,266.32577407720703,497.9406162798143,white,76676.61386293943
1999,male,59,14368.02762917042,1468.4139727277077,20120.18456865853,277.0169676285406,266.32577407720703,497.9406162798143,black,7787.140765689838
1999,male,59,14368.02762917042,1468.4139727277077,20120.18456865853,277.0169676285406,266.32577407720703,497.9406162798143,hispanic,21161.46792664409
1999,male,60,13092.920591051732,1360.9572479992682,18697.93168875847,261.5298863772164,216.64165249892207,457.1483858258245,white,72714.91656617771
1999,male,60,13092.920591051732,1360.9572479992682,18697.93168875847,261.5298863772164,216.64165249892207,457.1483858258245,black,7136.886986529652
1999,male,60,13092.920591051732,1360.9572479992682,18697.93168875847,261.5298863772164,216.64165249892207,457.1483858258245,hispanic,19633.25161346043
1999,male,61,12700.145657840658,1275.004741218162,17551.60334549217,243.0207416067234,237.8639983615664,396.537618902837,white,70643.49957757823
1999,male,61,12700.145657840658,1275.004741218162,17551.60334549217,243.0207416067234,237.8639983615664,396.537618902837,black,7097.999551092723
1999,male,61,12700.145657840658,1275.004741218162,17551.60334549217,243.0207416067234,237.8639983615664,396.537618902837,hispanic,18429.025704363296
1999,male,62,12064.917888552778,1179.7090526387908,16665.42049189157,238.44877892199167,234.4249114734499,375.3097866161691,white,65052.27356098443
1999,male,62,12064.917888552778,1179.7090526387908,16665.42049189157,238.44877892199167,234.4249114734499,375.3097866161691,black,6761.416844392347
1999,male,62,12064.917888552778,1179.7090526387908,16665.42049189157,238.44877892199167,234.4249114734499,375.3097866161691,hispanic,17513.603968903182
1999,male,63,11521.271767471806,1091.6431733230136,16086.966525672811,211.40411507276127,241.56629630693175,329.7025153702423,white,63764.567216602576
1999,male,63,11521.271767471806,1091.6431733230136,16086.966525672811,211.40411507276127,241.56629630693175,329.7025153702423,black,6551.116610969104
1999,male,63,11521.271767471806,1091.6431733230136,16086.966525672811,211.40411507276127,241.56629630693175,329.7025153702423,hispanic,16869.639452422747
1999,male,64,11595.793306169662,1071.1189385881264,15807.972023462018,205.3247523488576,181.40825645856572,373.9754177121253,white,64119.06414694638
1999,male,64,11595.793306169662,1071.1189385881264,15807.972023462018,205.3247523488576,181.40825645856572,373.9754177121253,black,6550.412784749827
1999,male,64,11595.793306169662,1071.1189385881264,15807.972023462018,205.3247523488576,181.40825645856572,373.9754177121253,hispanic,16568.680449981566
1999,male,65,10491.27268663978,922.9822268728508,13872.075553453218,160.8589698045155,156.879226704375,321.6485893289472,white,58885.93226352446
1999,male,65,10491.27268663978,922.9822268728508,13872.075553453218,160.8589698045155,156.879226704375,321.6485893289472,black,5539.10145492926
1999,male,65,10491.27268663978,922.9822268728508,13872.075553453218,160.8589698045155,156.879226704375,321.6485893289472,hispanic,14511.462339291056
1999,male,66,10518.295389586196,912.398679071804,13436.395392058208,176.0520049649477,167.9328824829413,274.891610970224,white,59394.06213040278
1999,male,66,10518.295389586196,912.398679071804,13436.395392058208,176.0520049649477,167.9328824829413,274.891610970224,black,5565.684146085611
1999,male,66,10518.295389586196,912.398679071804,13436.395392058208,176.0520049649477,167.9328824829413,274.891610970224,hispanic,14055.27189047632
1999,male,67,9528.776221604117,801.9825833844429,13141.529762603886,168.34172245281218,141.90944272253725,247.82727168971817,white,59621.90640362875
1999,male,67,9528.776221604117,801.9825833844429,13141.529762603886,168.34172245281218,141.90944272253725,247.82727168971817,black,4822.63208753615
1999,male,67,9528.776221604117,801.9825833844429,13141.529762603886,168.34172245281218,141.90944272253725,247.82727168971817,hispanic,13699.608199468956
1999,male,68,9753.491114332604,782.6971850699704,13156.56732078928,150.39408203324805,166.82248817613234,260.97292937631437,white,60617.28499000976
1999,male,68,9753.491114332604,782.6971850699704,13156.56732078928,150.39408203324805,166.82248817613234,260.97292937631437,black,4681.812667633654
1999,male,68,9753.491114332604,782.6971850699704,13156.56732078928,150.39408203324805,166.82248817613234,260.97292937631437,hispanic,13734.756820374974
1999,male,69,9704.06552284999,767.3495668213143,12791.771706470128,161.50632209115605,153.37659914932624,284.12794359295407,white,59964.52960201968
1999,male,69,9704.06552284999,767.3495668213143,12791.771706470128,161.50632209115605,153.37659914932624,284.12794359295407,black,4575.5319910744065
1999,male,69,9704.06552284999,767.3495668213143,12791.771706470128,161.50632209115605,153.37659914932624,284.12794359295407,hispanic,13390.782571303564
1999,male,70,8826.855961475636,679.9183659015872,11321.635899832923,123.27367054827316,98.94704524898103,261.57780277526797,white,55873.72296617009
1999,male,70,8826.855961475636,679.9183659015872,11321.635899832923,123.27367054827316,98.94704524898103,261.57780277526797,black,3954.111297032904
1999,male,70,8826.855961475636,679.9183659015872,11321.635899832923,123.27367054827316,98.94704524898103,261.57780277526797,hispanic,11805.434418405444
1999,male,71,8703.234644367783,716.6660756247968,10702.169928597665,126.67476962669328,104.39293327306132,236.25427695809688,white,55635.923409179995
1999,male,71,8703.234644367783,716.6660756247968,10702.169928597665,126.67476962669328,104.39293327306132,236.25427695809688,black,3958.298477581364
1999,male,71,8703.234644367783,716.6660756247968,10702.169928597665,126.67476962669328,104.39293327306132,236.25427695809688,hispanic,11169.491908455519
1999,male,72,8203.056316585798,630.6379270976709,9984.6188847315,101.38099438917044,92.111289626018,185.51250408679476,white,53404.859646984
1999,male,72,8203.056316585798,630.6379270976709,9984.6188847315,101.38099438917044,92.111289626018,185.51250408679476,black,3686.462755125035
1999,male,72,8203.056316585798,630.6379270976709,9984.6188847315,101.38099438917044,92.111289626018,185.51250408679476,hispanic,10363.623672833484
1999,male,73,7807.888425464132,611.2103892737708,9312.724693763124,102.35618433815588,102.50964268863184,155.25198299525985,white,52910.53384960048
1999,male,73,7807.888425464132,611.2103892737708,9312.724693763124,102.35618433815588,102.50964268863184,155.25198299525985,black,3490.845930706902
1999,male,73,7807.888425464132,611.2103892737708,9312.724693763124,102.35618433815588,102.50964268863184,155.25198299525985,hispanic,9672.842503785172
1999,male,74,7591.232113582432,553.977396503209,8576.382235755365,87.77259426944,90.362599446906,186.37887311474915,white,52808.192386622555
1999,male,74,7591.232113582432,553.977396503209,8576.382235755365,87.77259426944,90.362599446906,186.37887311474915,black,3489.6327097678045
1999,male,74,7591.232113582432,553.977396503209,8576.382235755365,87.77259426944,90.362599446906,186.37887311474915,hispanic,8940.89630258646
1999,male,75,7121.371722485777,488.46688219192606,8294.31537377733,97.69105183063795,103.4808194906556,163.69406826874192,white,50626.1322386216
1999,male,75,7121.371722485777,488.46688219192606,8294.31537377733,97.69105183063795,103.4808194906556,163.69406826874192,black,3094.708410724452
1999,male,75,7121.371722485777,488.46688219192606,8294.31537377733,97.69105183063795,103.4808194906556,163.69406826874192,hispanic,8659.181313367366
1999,male,76,6662.119704073439,406.9205969932914,7491.813823981663,89.89338309532984,86.04584203473561,158.89337323091453,white,48015.97098511358
1999,male,76,6662.119704073439,406.9205969932914,7491.813823981663,89.89338309532984,86.04584203473561,158.89337323091453,black,2891.527695325052
1999,male,76,6662.119704073439,406.9205969932914,7491.813823981663,89.89338309532984,86.04584203473561,158.89337323091453,hispanic,7826.646422342643
1999,male,77,5867.949164731836,416.3183682977324,6510.54740127124,77.65447329060272,81.96987735491057,132.20829392050956,white,48046.11161648924
1999,male,77,5867.949164731836,416.3183682977324,6510.54740127124,77.65447329060272,81.96987735491057,132.20829392050956,black,2701.43341871877
1999,male,77,5867.949164731836,416.3183682977324,6510.54740127124,77.65447329060272,81.96987735491057,132.20829392050956,hispanic,6802.380045837263
1999,male,78,5144.16382233573,355.83351484333747,5575.822602021983,66.33502245362739,49.477579667996835,98.03910526615692,white,44207.177567495455
1999,male,78,5144.16382233573,355.83351484333747,5575.822602021983,66.33502245362739,49.477579667996835,98.03910526615692,black,2439.4654853306556
1999,male,78,5144.16382233573,355.83351484333747,5575.822602021983,66.33502245362739,49.477579667996835,98.03910526615692,hispanic,5789.674309409764
1999,male,79,4980.912414848174,333.3487632322543,4949.990511527064,50.510724264738805,82.27128151281102,100.68316290621082,white,38691.19826216994
1999,male,79,4980.912414848174,333.3487632322543,4949.990511527064,50.510724264738805,82.27128151281102,100.68316290621082,black,2258.368300098906
1999,male,79,4980.912414848174,333.3487632322543,4949.990511527064,50.510724264738805,82.27128151281102,100.68316290621082,hispanic,5183.4556802108245
1999,male,80,3858.05826776707,256.1506091207336,3775.288543298267,43.57167973786307,57.174781972589784,81.12073221176837,white,34099.41409882832
1999,male,80,3858.05826776707,256.1506091207336,3775.288543298267,43.57167973786307,57.174781972589784,81.12073221176837,black,1787.6214737563405
1999,male,80,3858.05826776707,256.1506091207336,3775.288543298267,43.57167973786307,57.174781972589784,81.12073221176837,hispanic,3957.1557372204884
1999,male,81,3359.454753232377,210.56614813160888,3467.549559890183,32.51991666228992,32.219968561154865,74.20229898728074,white,31208.496629687063
1999,male,81,3359.454753232377,210.56614813160888,3467.549559890183,32.51991666228992,32.219968561154865,74.20229898728074,black,1526.2154412177483
1999,male,81,3359.454753232377,210.56614813160888,3467.549559890183,32.51991666228992,32.219968561154865,74.20229898728074,hispanic,3606.491744100909
1999,male,82,3033.337272473088,186.18796569137888,2697.4620609045037,30.99012089589244,28.809192714986448,44.90373023170022,white,27081.341849472217
1999,male,82,3033.337272473088,186.18796569137888,2697.4620609045037,30.99012089589244,28.809192714986448,44.90373023170022,black,1404.5188073142224
1999,male,82,3033.337272473088,186.18796569137888,2697.4620609045037,30.99012089589244,28.809192714986448,44.90373023170022,hispanic,2802.1651047470823
1999,male,83,2538.647699686815,174.3865458060976,2574.625785437867,23.81305774800901,25.98571794519776,43.44572095601153,white,24393.746193004252
1999,male,83,2538.647699686815,174.3865458060976,2574.625785437867,23.81305774800901,25.98571794519776,43.44572095601153,black,1138.9779879453702
1999,male,83,2538.647699686815,174.3865458060976,2574.625785437867,23.81305774800901,25.98571794519776,43.44572095601153,hispanic,2667.8702820870853
1999,male,84,2351.6391292214144,432.4758260566631,2219.2095633730905,205.18703810237088,34.5980674657382,49.59452566412571,white,24021.0763029826
1999,male,84,2351.6391292214144,432.4758260566631,2219.2095633730905,205.18703810237088,34.5980674657382,49.59452566412571,black,1120.8477017685984
1999,male,84,2351.6391292214144,432.4758260566631,2219.2095633730905,205.18703810237088,34.5980674657382,49.59452566412571,hispanic,2508.5891946053252
1999,male,85,1941.4401569262627,351.16135814797633,1885.3587815559672,159.48107405029904,46.70675045849811,28.00058947440851,white,20147.726044548544
1999,male,85,1941.4401569262627,351.16135814797633,1885.3587815559672,159.48107405029904,46.70675045849811,28.00058947440851,black,958.7848236101289
1999,male,85,1941.4401569262627,351.16135814797633,1885.3587815559672,159.48107405029904,46.70675045849811,28.00058947440851,hispanic,2119.547195539173
1999,male,86,1670.044675812553,249.99075365475605,1696.520897932543,129.02860024629103,35.36460697023971,32.92218667883399,white,16850.56384122347
1999,male,86,1670.044675812553,249.99075365475605,1696.520897932543,129.02860024629103,35.36460697023971,32.92218667883399,black,760.836074983419
1999,male,86,1670.044675812553,249.99075365475605,1696.520897932543,129.02860024629103,35.36460697023971,32.92218667883399,hispanic,1893.8362918279076
1999,male,87,1421.7707992264568,231.1920119347647,1442.3648211606712,128.65063125592488,17.166780659839763,28.12022214619588,white,13567.932346194006
1999,male,87,1421.7707992264568,231.1920119347647,1442.3648211606712,128.65063125592488,17.166780659839763,28.12022214619588,black,660.1759861140022
1999,male,87,1421.7707992264568,231.1920119347647,1442.3648211606712,128.65063125592488,17.166780659839763,28.12022214619588,hispanic,1616.3024552226318
1999,male,88,1233.8349977800972,257.29785795350756,1118.7789540561753,113.69497250951255,18.84400095403504,21.256947650484953,white,10770.317769237365
1999,male,88,1233.8349977800972,257.29785795350756,1118.7789540561753,113.69497250951255,18.84400095403504,21.256947650484953,black,605.5492948387641
1999,male,88,1233.8349977800972,257.29785795350756,1118.7789540561753,113.69497250951255,18.84400095403504,21.256947650484953,hispanic,1272.5748751702079
1999,male,89,945.6347064979866,180.06176990303862,869.4755831291776,76.18526682493525,15.6017365292225,23.95281698301752,white,8631.738921923092
1999,male,89,945.6347064979866,180.06176990303862,869.4755831291776,76.18526682493525,15.6017365292225,23.95281698301752,black,447.7153596054315
1999,male,89,945.6347064979866,180.06176990303862,869.4755831291776,76.18526682493525,15.6017365292225,23.95281698301752,hispanic,985.215403466353
1999,male,90,741.567986468311,135.2699022370823,742.5606743230926,62.066719758968866,15.297101830722182,5.406903675796772,white,6893.801243142715
1999,male,90,741.567986468311,135.2699022370823,742.5606743230926,62.066719758968866,15.297101830722182,5.406903675796772,black,320.9572950486063
1999,male,90,741.567986468311,135.2699022370823,742.5606743230926,62.066719758968866,15.297101830722182,5.406903675796772,hispanic,825.3313995885804
1999,male,91,597.5120874455196,78.37340041419182,658.7757247262203,73.760785937532,9.171458477431397,11.283657547907326,white,5192.043093339788
1999,male,91,597.5120874455196,78.37340041419182,658.7757247262203,73.760785937532,9.171458477431397,11.283657547907326,black,278.53083302471754
1999,male,91,597.5120874455196,78.37340041419182,658.7757247262203,73.760785937532,9.171458477431397,11.283657547907326,hispanic,752.991626689091
1999,male,92,433.2562480377098,65.58556797653536,483.3411372928838,65.33867055923184,7.060971656642995,7.261596482592751,white,3893.0345173716746
1999,male,92,433.2562480377098,65.58556797653536,483.3411372928838,65.33867055923184,7.060971656642995,7.261596482592751,black,223.5144357369589
1999,male,92,433.2562480377098,65.58556797653536,483.3411372928838,65.33867055923184,7.060971656642995,7.261596482592751,hispanic,563.0023759913513
1999,male,93,374.7047466433126,62.605084459196696,391.4811925275598,37.95539306576565,6.874493436306668,12.207400476651928,white,2950.3511773576
1999,male,93,374.7047466433126,62.605084459196696,391.4811925275598,37.95539306576565,6.874493436306668,12.207400476651928,black,177.50749530997638
1999,male,93,374.7047466433126,62.605084459196696,391.4811925275598,37.95539306576565,6.874493436306668,12.207400476651928,hispanic,448.51847950628405
1999,male,94,236.1344478342096,39.58133224049618,294.5380564347461,19.3973314013436,3.82557000718024,3.2702540682958317,white,2149.7067020949444
1999,male,94,236.1344478342096,39.58133224049618,294.5380564347461,19.3973314013436,3.82557000718024,3.2702540682958317,black,132.29179953669114
1999,male,94,236.1344478342096,39.58133224049618,294.5380564347461,19.3973314013436,3.82557000718024,3.2702540682958317,hispanic,321.03121191156583
1999,male,95,167.1487090409917,27.781388049343697,203.8657705460033,20.918865332684312,0.5820158995041185,3.2021767974500537,white,1571.4234499063116
1999,male,95,167.1487090409917,27.781388049343697,203.8657705460033,20.918865332684312,0.5820158995041185,3.2021767974500537,black,112.71183301430908
1999,male,95,167.1487090409917,27.781388049343697,203.8657705460033,20.918865332684312,0.5820158995041185,3.2021767974500537,hispanic,228.56882857564176
1999,male,96,137.59078019703398,26.518605967488963,161.91326937762778,26.66613665838629,2.370127388676812,3.1253866912256485,white,1113.196758124809
1999,male,96,137.59078019703398,26.518605967488963,161.91326937762778,26.66613665838629,2.370127388676812,3.1253866912256485,black,74.70256769098673
1999,male,96,137.59078019703398,26.518605967488963,161.91326937762778,26.66613665838629,2.370127388676812,3.1253866912256485,hispanic,194.07492011591654
1999,male,97,95.30750804529461,16.002062800514953,128.95735984118025,24.72773077208464,2.496519592201319,4.105994489832135,white,766.9394173660211
1999,male,97,95.30750804529461,16.002062800514953,128.95735984118025,24.72773077208464,2.496519592201319,4.105994489832135,black,58.57479931619864
1999,male,97,95.30750804529461,16.002062800514953,128.95735984118025,24.72773077208464,2.496519592201319,4.105994489832135,hispanic,160.28760469529834
1999,male,98,70.03344843962961,11.288958343359194,93.67843250636936,12.502157995552508,0.46518536512491465,1.1648414701283865,white,585.5240537925081
1999,male,98,70.03344843962961,11.288958343359194,93.67843250636936,12.502157995552508,0.46518536512491465,1.1648414701283865,black,56.467735456335674
1999,male,98,70.03344843962961,11.288958343359194,93.67843250636936,12.502157995552508,0.46518536512491465,1.1648414701283865,hispanic,107.81061733717516
1999,male,99,124.47493031577514,43.885619528248824,201.5967414328883,34.39681067550539,7.305918118039135,6.957903117262603,white,851.3647563444449
1999,male,99,124.47493031577514,43.885619528248824,201.5967414328883,34.39681067550539,7.305918118039135,6.957903117262603,black,133.69775735256042
1999,male,99,124.47493031577514,43.885619528248824,201.5967414328883,34.39681067550539,7.305918118039135,6.957903117262603,hispanic,250.25737334369546
1999,male,100,20.44198233856323,1.3362831229214427,35.34167814726783,2.082398013091748,0.9393459980734052,0.29450751986162993,white,384.569536741346
1999,male,100,20.44198233856323,1.3362831229214427,35.34167814726783,2.082398013091748,0.9393459980734052,0.29450751986162993,black,18.776880301442937
1999,male,100,20.44198233856323,1.3362831229214427,35.34167814726783,2.082398013091748,0.9393459980734052,0.29450751986162993,hispanic,38.657929678294614
2000,female,0,NA,NA,NA,NA,NA,NA,black,14906
2000,female,1,NA,NA,NA,NA,NA,NA,black,15528
2000,female,2,NA,NA,NA,NA,NA,NA,black,15798
2000,female,3,NA,NA,NA,NA,NA,NA,black,16683
2000,female,4,NA,NA,NA,NA,NA,NA,black,17443
2000,female,5,NA,NA,NA,NA,NA,NA,black,18421
2000,female,6,NA,NA,NA,NA,NA,NA,black,19046
2000,female,7,NA,NA,NA,NA,NA,NA,black,19452
2000,female,8,NA,NA,NA,NA,NA,NA,black,20185
2000,female,9,NA,NA,NA,NA,NA,NA,black,20638
2000,female,10,NA,NA,NA,NA,NA,NA,black,21044
2000,female,11,NA,NA,NA,NA,NA,NA,black,19961
2000,female,12,NA,NA,NA,NA,NA,NA,black,19344
2000,female,13,NA,NA,NA,NA,NA,NA,black,18391
2000,female,14,NA,NA,NA,NA,NA,NA,black,18422
2000,female,15,NA,NA,NA,NA,NA,NA,black,17546
2000,female,16,NA,NA,NA,NA,NA,NA,black,16873
2000,female,17,NA,NA,NA,NA,NA,NA,black,16558
2000,female,18,NA,NA,NA,NA,NA,NA,black,15961
2000,female,19,NA,NA,NA,NA,NA,NA,black,15595
2000,female,20,NA,NA,NA,NA,NA,NA,black,15867
2000,female,21,NA,NA,NA,NA,NA,NA,black,15190
2000,female,22,NA,NA,NA,NA,NA,NA,black,14572
2000,female,23,NA,NA,NA,NA,NA,NA,black,14549
2000,female,24,NA,NA,NA,NA,NA,NA,black,14692
2000,female,25,NA,NA,NA,NA,NA,NA,black,14884
2000,female,26,NA,NA,NA,NA,NA,NA,black,14306
2000,female,27,NA,NA,NA,NA,NA,NA,black,14942
2000,female,28,NA,NA,NA,NA,NA,NA,black,15824
2000,female,29,NA,NA,NA,NA,NA,NA,black,17821
2000,female,30,NA,NA,NA,NA,NA,NA,black,18825
2000,female,31,NA,NA,NA,NA,NA,NA,black,16763
2000,female,32,NA,NA,NA,NA,NA,NA,black,16887
2000,female,33,NA,NA,NA,NA,NA,NA,black,17460
2000,female,34,NA,NA,NA,NA,NA,NA,black,18479
2000,female,35,NA,NA,NA,NA,NA,NA,black,20453
2000,female,36,NA,NA,NA,NA,NA,NA,black,19344
2000,female,37,NA,NA,NA,NA,NA,NA,black,19470
2000,female,38,NA,NA,NA,NA,NA,NA,black,19876
2000,female,39,NA,NA,NA,NA,NA,NA,black,19898
2000,female,40,NA,NA,NA,NA,NA,NA,black,20769
2000,female,41,NA,NA,NA,NA,NA,NA,black,18466
2000,female,42,NA,NA,NA,NA,NA,NA,black,18611
2000,female,43,NA,NA,NA,NA,NA,NA,black,17920
2000,female,44,NA,NA,NA,NA,NA,NA,black,17182
2000,female,45,NA,NA,NA,NA,NA,NA,black,17382
2000,female,46,NA,NA,NA,NA,NA,NA,black,15415
2000,female,47,NA,NA,NA,NA,NA,NA,black,15380
2000,female,48,NA,NA,NA,NA,NA,NA,black,14531
2000,female,49,NA,NA,NA,NA,NA,NA,black,14573
2000,female,50,NA,NA,NA,NA,NA,NA,black,14915
2000,female,51,NA,NA,NA,NA,NA,NA,black,13547
2000,female,52,NA,NA,NA,NA,NA,NA,black,12973
2000,female,53,NA,NA,NA,NA,NA,NA,black,12093
2000,female,54,NA,NA,NA,NA,NA,NA,black,10211
2000,female,55,NA,NA,NA,NA,NA,NA,black,10254
2000,female,56,NA,NA,NA,NA,NA,NA,black,9949
2000,female,57,NA,NA,NA,NA,NA,NA,black,9711
2000,female,58,NA,NA,NA,NA,NA,NA,black,8896
2000,female,59,NA,NA,NA,NA,NA,NA,black,8584
2000,female,60,NA,NA,NA,NA,NA,NA,black,8861
2000,female,61,NA,NA,NA,NA,NA,NA,black,8064
2000,female,62,NA,NA,NA,NA,NA,NA,black,7794
2000,female,63,NA,NA,NA,NA,NA,NA,black,7378
2000,female,64,NA,NA,NA,NA,NA,NA,black,7271
2000,female,65,NA,NA,NA,NA,NA,NA,black,7348
2000,female,66,NA,NA,NA,NA,NA,NA,black,6579
2000,female,67,NA,NA,NA,NA,NA,NA,black,6462
2000,female,68,NA,NA,NA,NA,NA,NA,black,5626
2000,female,69,NA,NA,NA,NA,NA,NA,black,5775
2000,female,70,NA,NA,NA,NA,NA,NA,black,5898
2000,female,71,NA,NA,NA,NA,NA,NA,black,5171
2000,female,72,NA,NA,NA,NA,NA,NA,black,5231
2000,female,73,NA,NA,NA,NA,NA,NA,black,5074
2000,female,74,NA,NA,NA,NA,NA,NA,black,5037
2000,female,75,NA,NA,NA,NA,NA,NA,black,4898
2000,female,76,NA,NA,NA,NA,NA,NA,black,4531
2000,female,77,NA,NA,NA,NA,NA,NA,black,4299
2000,female,78,NA,NA,NA,NA,NA,NA,black,4032
2000,female,79,NA,NA,NA,NA,NA,NA,black,3687
2000,female,80,NA,NA,NA,NA,NA,NA,black,3725
2000,female,81,NA,NA,NA,NA,NA,NA,black,2970
2000,female,82,NA,NA,NA,NA,NA,NA,black,2861
2000,female,83,NA,NA,NA,NA,NA,NA,black,2615
2000,female,84,NA,NA,NA,NA,NA,NA,black,2248
2000,female,85,NA,NA,NA,NA,NA,NA,black,2176
2000,female,86,NA,NA,NA,NA,NA,NA,black,1974
2000,female,87,NA,NA,NA,NA,NA,NA,black,1663
2000,female,88,NA,NA,NA,NA,NA,NA,black,1386
2000,female,89,NA,NA,NA,NA,NA,NA,black,1262
2000,female,90,NA,NA,NA,NA,NA,NA,black,1013
2000,female,91,NA,NA,NA,NA,NA,NA,black,875
2000,female,92,NA,NA,NA,NA,NA,NA,black,699
2000,female,93,NA,NA,NA,NA,NA,NA,black,577
2000,female,94,NA,NA,NA,NA,NA,NA,black,495
2000,female,95,NA,NA,NA,NA,NA,NA,black,394
2000,female,96,NA,NA,NA,NA,NA,NA,black,279
2000,female,97,NA,NA,NA,NA,NA,NA,black,223
2000,female,98,NA,NA,NA,NA,NA,NA,black,157
2000,female,99,NA,NA,NA,NA,NA,NA,black,147
2000,female,100,NA,NA,NA,NA,NA,NA,black,313
2000,male,0,NA,NA,NA,NA,NA,NA,black,15392
2000,male,1,NA,NA,NA,NA,NA,NA,black,15986
2000,male,2,NA,NA,NA,NA,NA,NA,black,16391
2000,male,3,NA,NA,NA,NA,NA,NA,black,17272
2000,male,4,NA,NA,NA,NA,NA,NA,black,18139
2000,male,5,NA,NA,NA,NA,NA,NA,black,19128
2000,male,6,NA,NA,NA,NA,NA,NA,black,19490
2000,male,7,NA,NA,NA,NA,NA,NA,black,20045
2000,male,8,NA,NA,NA,NA,NA,NA,black,20706
2000,male,9,NA,NA,NA,NA,NA,NA,black,21521
2000,male,10,NA,NA,NA,NA,NA,NA,black,21848
2000,male,11,NA,NA,NA,NA,NA,NA,black,20451
2000,male,12,NA,NA,NA,NA,NA,NA,black,19973
2000,male,13,NA,NA,NA,NA,NA,NA,black,19115
2000,male,14,NA,NA,NA,NA,NA,NA,black,18977
2000,male,15,NA,NA,NA,NA,NA,NA,black,18410
2000,male,16,NA,NA,NA,NA,NA,NA,black,17807
2000,male,17,NA,NA,NA,NA,NA,NA,black,17991
2000,male,18,NA,NA,NA,NA,NA,NA,black,17058
2000,male,19,NA,NA,NA,NA,NA,NA,black,16886
2000,male,20,NA,NA,NA,NA,NA,NA,black,16933
2000,male,21,NA,NA,NA,NA,NA,NA,black,15956
2000,male,22,NA,NA,NA,NA,NA,NA,black,15240
2000,male,23,NA,NA,NA,NA,NA,NA,black,14975
2000,male,24,NA,NA,NA,NA,NA,NA,black,14517
2000,male,25,NA,NA,NA,NA,NA,NA,black,14812
2000,male,26,NA,NA,NA,NA,NA,NA,black,14284
2000,male,27,NA,NA,NA,NA,NA,NA,black,15014
2000,male,28,NA,NA,NA,NA,NA,NA,black,15789
2000,male,29,NA,NA,NA,NA,NA,NA,black,17388
2000,male,30,NA,NA,NA,NA,NA,NA,black,18817
2000,male,31,NA,NA,NA,NA,NA,NA,black,16792
2000,male,32,NA,NA,NA,NA,NA,NA,black,16761
2000,male,33,NA,NA,NA,NA,NA,NA,black,17441
2000,male,34,NA,NA,NA,NA,NA,NA,black,18507
2000,male,35,NA,NA,NA,NA,NA,NA,black,20267
2000,male,36,NA,NA,NA,NA,NA,NA,black,19110
2000,male,37,NA,NA,NA,NA,NA,NA,black,19289
2000,male,38,NA,NA,NA,NA,NA,NA,black,19471
2000,male,39,NA,NA,NA,NA,NA,NA,black,19907
2000,male,40,NA,NA,NA,NA,NA,NA,black,20727
2000,male,41,NA,NA,NA,NA,NA,NA,black,18164
2000,male,42,NA,NA,NA,NA,NA,NA,black,18321
2000,male,43,NA,NA,NA,NA,NA,NA,black,17336
2000,male,44,NA,NA,NA,NA,NA,NA,black,16958
2000,male,45,NA,NA,NA,NA,NA,NA,black,16957
2000,male,46,NA,NA,NA,NA,NA,NA,black,15026
2000,male,47,NA,NA,NA,NA,NA,NA,black,13996
2000,male,48,NA,NA,NA,NA,NA,NA,black,13373
2000,male,49,NA,NA,NA,NA,NA,NA,black,13421
2000,male,50,NA,NA,NA,NA,NA,NA,black,14016
2000,male,51,NA,NA,NA,NA,NA,NA,black,12040
2000,male,52,NA,NA,NA,NA,NA,NA,black,11763
2000,male,53,NA,NA,NA,NA,NA,NA,black,10471
2000,male,54,NA,NA,NA,NA,NA,NA,black,8983
2000,male,55,NA,NA,NA,NA,NA,NA,black,9084
2000,male,56,NA,NA,NA,NA,NA,NA,black,8686
2000,male,57,NA,NA,NA,NA,NA,NA,black,8292
2000,male,58,NA,NA,NA,NA,NA,NA,black,7772
2000,male,59,NA,NA,NA,NA,NA,NA,black,7395
2000,male,60,NA,NA,NA,NA,NA,NA,black,7662
2000,male,61,NA,NA,NA,NA,NA,NA,black,7014
2000,male,62,NA,NA,NA,NA,NA,NA,black,6985
2000,male,63,NA,NA,NA,NA,NA,NA,black,6655
2000,male,64,NA,NA,NA,NA,NA,NA,black,6433
2000,male,65,NA,NA,NA,NA,NA,NA,black,6429
2000,male,66,NA,NA,NA,NA,NA,NA,black,5426
2000,male,67,NA,NA,NA,NA,NA,NA,black,5451
2000,male,68,NA,NA,NA,NA,NA,NA,black,4723
2000,male,69,NA,NA,NA,NA,NA,NA,black,4581
2000,male,70,NA,NA,NA,NA,NA,NA,black,4481
2000,male,71,NA,NA,NA,NA,NA,NA,black,3859
2000,male,72,NA,NA,NA,NA,NA,NA,black,3861
2000,male,73,NA,NA,NA,NA,NA,NA,black,3591
2000,male,74,NA,NA,NA,NA,NA,NA,black,3393
2000,male,75,NA,NA,NA,NA,NA,NA,black,3400
2000,male,76,NA,NA,NA,NA,NA,NA,black,3012
2000,male,77,NA,NA,NA,NA,NA,NA,black,2814
2000,male,78,NA,NA,NA,NA,NA,NA,black,2623
2000,male,79,NA,NA,NA,NA,NA,NA,black,2361
2000,male,80,NA,NA,NA,NA,NA,NA,black,2187
2000,male,81,NA,NA,NA,NA,NA,NA,black,1717
2000,male,82,NA,NA,NA,NA,NA,NA,black,1463
2000,male,83,NA,NA,NA,NA,NA,NA,black,1351
2000,male,84,NA,NA,NA,NA,NA,NA,black,1086
2000,male,85,NA,NA,NA,NA,NA,NA,black,983
2000,male,86,NA,NA,NA,NA,NA,NA,black,853
2000,male,87,NA,NA,NA,NA,NA,NA,black,667
2000,male,88,NA,NA,NA,NA,NA,NA,black,572
2000,male,89,NA,NA,NA,NA,NA,NA,black,525
2000,male,90,NA,NA,NA,NA,NA,NA,black,382
2000,male,91,NA,NA,NA,NA,NA,NA,black,269
2000,male,92,NA,NA,NA,NA,NA,NA,black,240
2000,male,93,NA,NA,NA,NA,NA,NA,black,195
2000,male,94,NA,NA,NA,NA,NA,NA,black,152
2000,male,95,NA,NA,NA,NA,NA,NA,black,112
2000,male,96,NA,NA,NA,NA,NA,NA,black,95
2000,male,97,NA,NA,NA,NA,NA,NA,black,61
2000,male,98,NA,NA,NA,NA,NA,NA,black,50
2000,male,99,NA,NA,NA,NA,NA,NA,black,47
2000,male,100,NA,NA,NA,NA,NA,NA,black,121
2000,female,0,NA,NA,NA,NA,NA,NA,hispanic,114259
2000,female,1,NA,NA,NA,NA,NA,NA,hispanic,114004
2000,female,2,NA,NA,NA,NA,NA,NA,hispanic,114582
2000,female,3,NA,NA,NA,NA,NA,NA,hispanic,117642
2000,female,4,NA,NA,NA,NA,NA,NA,hispanic,120834
2000,female,5,NA,NA,NA,NA,NA,NA,hispanic,121366
2000,female,6,NA,NA,NA,NA,NA,NA,hispanic,121034
2000,female,7,NA,NA,NA,NA,NA,NA,hispanic,121986
2000,female,8,NA,NA,NA,NA,NA,NA,hispanic,120991
2000,female,9,NA,NA,NA,NA,NA,NA,hispanic,119297
2000,female,10,NA,NA,NA,NA,NA,NA,hispanic,112738
2000,female,11,NA,NA,NA,NA,NA,NA,hispanic,103971
2000,female,12,NA,NA,NA,NA,NA,NA,hispanic,101516
2000,female,13,NA,NA,NA,NA,NA,NA,hispanic,96862
2000,female,14,NA,NA,NA,NA,NA,NA,hispanic,95220
2000,female,15,NA,NA,NA,NA,NA,NA,hispanic,92924
2000,female,16,NA,NA,NA,NA,NA,NA,hispanic,91593
2000,female,17,NA,NA,NA,NA,NA,NA,hispanic,94487
2000,female,18,NA,NA,NA,NA,NA,NA,hispanic,94844
2000,female,19,NA,NA,NA,NA,NA,NA,hispanic,95028
2000,female,20,NA,NA,NA,NA,NA,NA,hispanic,94008
2000,female,21,NA,NA,NA,NA,NA,NA,hispanic,91000
2000,female,22,NA,NA,NA,NA,NA,NA,hispanic,93183
2000,female,23,NA,NA,NA,NA,NA,NA,hispanic,95118
2000,female,24,NA,NA,NA,NA,NA,NA,hispanic,96852
2000,female,25,NA,NA,NA,NA,NA,NA,hispanic,98676
2000,female,26,NA,NA,NA,NA,NA,NA,hispanic,95964
2000,female,27,NA,NA,NA,NA,NA,NA,hispanic,98666
2000,female,28,NA,NA,NA,NA,NA,NA,hispanic,97063
2000,female,29,NA,NA,NA,NA,NA,NA,hispanic,98970
2000,female,30,NA,NA,NA,NA,NA,NA,hispanic,100439
2000,female,31,NA,NA,NA,NA,NA,NA,hispanic,93068
2000,female,32,NA,NA,NA,NA,NA,NA,hispanic,92378
2000,female,33,NA,NA,NA,NA,NA,NA,hispanic,89333
2000,female,34,NA,NA,NA,NA,NA,NA,hispanic,88735
2000,female,35,NA,NA,NA,NA,NA,NA,hispanic,90471
2000,female,36,NA,NA,NA,NA,NA,NA,hispanic,86812
2000,female,37,NA,NA,NA,NA,NA,NA,hispanic,83473
2000,female,38,NA,NA,NA,NA,NA,NA,hispanic,79904
2000,female,39,NA,NA,NA,NA,NA,NA,hispanic,78590
2000,female,40,NA,NA,NA,NA,NA,NA,hispanic,77954
2000,female,41,NA,NA,NA,NA,NA,NA,hispanic,70332
2000,female,42,NA,NA,NA,NA,NA,NA,hispanic,70101
2000,female,43,NA,NA,NA,NA,NA,NA,hispanic,65836
2000,female,44,NA,NA,NA,NA,NA,NA,hispanic,63577
2000,female,45,NA,NA,NA,NA,NA,NA,hispanic,61850
2000,female,46,NA,NA,NA,NA,NA,NA,hispanic,56193
2000,female,47,NA,NA,NA,NA,NA,NA,hispanic,52959
2000,female,48,NA,NA,NA,NA,NA,NA,hispanic,49626
2000,female,49,NA,NA,NA,NA,NA,NA,hispanic,47733
2000,female,50,NA,NA,NA,NA,NA,NA,hispanic,47064
2000,female,51,NA,NA,NA,NA,NA,NA,hispanic,41917
2000,female,52,NA,NA,NA,NA,NA,NA,hispanic,40433
2000,female,53,NA,NA,NA,NA,NA,NA,hispanic,37194
2000,female,54,NA,NA,NA,NA,NA,NA,hispanic,33839
2000,female,55,NA,NA,NA,NA,NA,NA,hispanic,32172
2000,female,56,NA,NA,NA,NA,NA,NA,hispanic,30107
2000,female,57,NA,NA,NA,NA,NA,NA,hispanic,28777
2000,female,58,NA,NA,NA,NA,NA,NA,hispanic,25833
2000,female,59,NA,NA,NA,NA,NA,NA,hispanic,25001
2000,female,60,NA,NA,NA,NA,NA,NA,hispanic,24647
2000,female,61,NA,NA,NA,NA,NA,NA,hispanic,22522
2000,female,62,NA,NA,NA,NA,NA,NA,hispanic,21891
2000,female,63,NA,NA,NA,NA,NA,NA,hispanic,20770
2000,female,64,NA,NA,NA,NA,NA,NA,hispanic,20734
2000,female,65,NA,NA,NA,NA,NA,NA,hispanic,20208
2000,female,66,NA,NA,NA,NA,NA,NA,hispanic,18036
2000,female,67,NA,NA,NA,NA,NA,NA,hispanic,17863
2000,female,68,NA,NA,NA,NA,NA,NA,hispanic,17055
2000,female,69,NA,NA,NA,NA,NA,NA,hispanic,17586
2000,female,70,NA,NA,NA,NA,NA,NA,hispanic,17651
2000,female,71,NA,NA,NA,NA,NA,NA,hispanic,15578
2000,female,72,NA,NA,NA,NA,NA,NA,hispanic,15144
2000,female,73,NA,NA,NA,NA,NA,NA,hispanic,14086
2000,female,74,NA,NA,NA,NA,NA,NA,hispanic,13565
2000,female,75,NA,NA,NA,NA,NA,NA,hispanic,12575
2000,female,76,NA,NA,NA,NA,NA,NA,hispanic,11289
2000,female,77,NA,NA,NA,NA,NA,NA,hispanic,10239
2000,female,78,NA,NA,NA,NA,NA,NA,hispanic,9492
2000,female,79,NA,NA,NA,NA,NA,NA,hispanic,8751
2000,female,80,NA,NA,NA,NA,NA,NA,hispanic,7841
2000,female,81,NA,NA,NA,NA,NA,NA,hispanic,6372
2000,female,82,NA,NA,NA,NA,NA,NA,hispanic,5882
2000,female,83,NA,NA,NA,NA,NA,NA,hispanic,4864
2000,female,84,NA,NA,NA,NA,NA,NA,hispanic,4495
2000,female,85,NA,NA,NA,NA,NA,NA,hispanic,4197
2000,female,86,NA,NA,NA,NA,NA,NA,hispanic,3806
2000,female,87,NA,NA,NA,NA,NA,NA,hispanic,3277
2000,female,88,NA,NA,NA,NA,NA,NA,hispanic,2787
2000,female,89,NA,NA,NA,NA,NA,NA,hispanic,2518
2000,female,90,NA,NA,NA,NA,NA,NA,hispanic,1932
2000,female,91,NA,NA,NA,NA,NA,NA,hispanic,1586
2000,female,92,NA,NA,NA,NA,NA,NA,hispanic,1343
2000,female,93,NA,NA,NA,NA,NA,NA,hispanic,1093
2000,female,94,NA,NA,NA,NA,NA,NA,hispanic,852
2000,female,95,NA,NA,NA,NA,NA,NA,hispanic,670
2000,female,96,NA,NA,NA,NA,NA,NA,hispanic,494
2000,female,97,NA,NA,NA,NA,NA,NA,hispanic,366
2000,female,98,NA,NA,NA,NA,NA,NA,hispanic,296
2000,female,99,NA,NA,NA,NA,NA,NA,hispanic,222
2000,female,100,NA,NA,NA,NA,NA,NA,hispanic,453
2000,male,0,NA,NA,NA,NA,NA,NA,hispanic,120164
2000,male,1,NA,NA,NA,NA,NA,NA,hispanic,118381
2000,male,2,NA,NA,NA,NA,NA,NA,hispanic,119006
2000,male,3,NA,NA,NA,NA,NA,NA,hispanic,122639
2000,male,4,NA,NA,NA,NA,NA,NA,hispanic,126410
2000,male,5,NA,NA,NA,NA,NA,NA,hispanic,126604
2000,male,6,NA,NA,NA,NA,NA,NA,hispanic,126858
2000,male,7,NA,NA,NA,NA,NA,NA,hispanic,127585
2000,male,8,NA,NA,NA,NA,NA,NA,hispanic,126209
2000,male,9,NA,NA,NA,NA,NA,NA,hispanic,125054
2000,male,10,NA,NA,NA,NA,NA,NA,hispanic,117513
2000,male,11,NA,NA,NA,NA,NA,NA,hispanic,108480
2000,male,12,NA,NA,NA,NA,NA,NA,hispanic,106196
2000,male,13,NA,NA,NA,NA,NA,NA,hispanic,100709
2000,male,14,NA,NA,NA,NA,NA,NA,hispanic,100228
2000,male,15,NA,NA,NA,NA,NA,NA,hispanic,97639
2000,male,16,NA,NA,NA,NA,NA,NA,hispanic,99036
2000,male,17,NA,NA,NA,NA,NA,NA,hispanic,105806
2000,male,18,NA,NA,NA,NA,NA,NA,hispanic,107509
2000,male,19,NA,NA,NA,NA,NA,NA,hispanic,110634
2000,male,20,NA,NA,NA,NA,NA,NA,hispanic,111705
2000,male,21,NA,NA,NA,NA,NA,NA,hispanic,107730
2000,male,22,NA,NA,NA,NA,NA,NA,hispanic,110244
2000,male,23,NA,NA,NA,NA,NA,NA,hispanic,110188
2000,male,24,NA,NA,NA,NA,NA,NA,hispanic,111664
2000,male,25,NA,NA,NA,NA,NA,NA,hispanic,112879
2000,male,26,NA,NA,NA,NA,NA,NA,hispanic,107945
2000,male,27,NA,NA,NA,NA,NA,NA,hispanic,111532
2000,male,28,NA,NA,NA,NA,NA,NA,hispanic,109406
2000,male,29,NA,NA,NA,NA,NA,NA,hispanic,112635
2000,male,30,NA,NA,NA,NA,NA,NA,hispanic,115922
2000,male,31,NA,NA,NA,NA,NA,NA,hispanic,106272
2000,male,32,NA,NA,NA,NA,NA,NA,hispanic,105235
2000,male,33,NA,NA,NA,NA,NA,NA,hispanic,100849
2000,male,34,NA,NA,NA,NA,NA,NA,hispanic,101023
2000,male,35,NA,NA,NA,NA,NA,NA,hispanic,101186
2000,male,36,NA,NA,NA,NA,NA,NA,hispanic,94384
2000,male,37,NA,NA,NA,NA,NA,NA,hispanic,89528
2000,male,38,NA,NA,NA,NA,NA,NA,hispanic,86857
2000,male,39,NA,NA,NA,NA,NA,NA,hispanic,83175
2000,male,40,NA,NA,NA,NA,NA,NA,hispanic,83431
2000,male,41,NA,NA,NA,NA,NA,NA,hispanic,72637
2000,male,42,NA,NA,NA,NA,NA,NA,hispanic,72503
2000,male,43,NA,NA,NA,NA,NA,NA,hispanic,66574
2000,male,44,NA,NA,NA,NA,NA,NA,hispanic,64118
2000,male,45,NA,NA,NA,NA,NA,NA,hispanic,63097
2000,male,46,NA,NA,NA,NA,NA,NA,hispanic,55164
2000,male,47,NA,NA,NA,NA,NA,NA,hispanic,51816
2000,male,48,NA,NA,NA,NA,NA,NA,hispanic,48230
2000,male,49,NA,NA,NA,NA,NA,NA,hispanic,46655
2000,male,50,NA,NA,NA,NA,NA,NA,hispanic,45372
2000,male,51,NA,NA,NA,NA,NA,NA,hispanic,39387
2000,male,52,NA,NA,NA,NA,NA,NA,hispanic,38251
2000,male,53,NA,NA,NA,NA,NA,NA,hispanic,34842
2000,male,54,NA,NA,NA,NA,NA,NA,hispanic,31260
2000,male,55,NA,NA,NA,NA,NA,NA,hispanic,29211
2000,male,56,NA,NA,NA,NA,NA,NA,hispanic,27237
2000,male,57,NA,NA,NA,NA,NA,NA,hispanic,24962
2000,male,58,NA,NA,NA,NA,NA,NA,hispanic,23229
2000,male,59,NA,NA,NA,NA,NA,NA,hispanic,21974
2000,male,60,NA,NA,NA,NA,NA,NA,hispanic,21286
2000,male,61,NA,NA,NA,NA,NA,NA,hispanic,19747
2000,male,62,NA,NA,NA,NA,NA,NA,hispanic,18477
2000,male,63,NA,NA,NA,NA,NA,NA,hispanic,17562
2000,male,64,NA,NA,NA,NA,NA,NA,hispanic,16872
2000,male,65,NA,NA,NA,NA,NA,NA,hispanic,16674
2000,male,66,NA,NA,NA,NA,NA,NA,hispanic,14560
2000,male,67,NA,NA,NA,NA,NA,NA,hispanic,14120
2000,male,68,NA,NA,NA,NA,NA,NA,hispanic,13706
2000,male,69,NA,NA,NA,NA,NA,NA,hispanic,13720
2000,male,70,NA,NA,NA,NA,NA,NA,hispanic,13440
2000,male,71,NA,NA,NA,NA,NA,NA,hispanic,11830
2000,male,72,NA,NA,NA,NA,NA,NA,hispanic,11175
2000,male,73,NA,NA,NA,NA,NA,NA,hispanic,10360
2000,male,74,NA,NA,NA,NA,NA,NA,hispanic,9671
2000,male,75,NA,NA,NA,NA,NA,NA,hispanic,8939
2000,male,76,NA,NA,NA,NA,NA,NA,hispanic,8650
2000,male,77,NA,NA,NA,NA,NA,NA,hispanic,7814
2000,male,78,NA,NA,NA,NA,NA,NA,hispanic,6775
2000,male,79,NA,NA,NA,NA,NA,NA,hispanic,5768
2000,male,80,NA,NA,NA,NA,NA,NA,hispanic,5159
2000,male,81,NA,NA,NA,NA,NA,NA,hispanic,3924
2000,male,82,NA,NA,NA,NA,NA,NA,hispanic,3559
2000,male,83,NA,NA,NA,NA,NA,NA,hispanic,2768
2000,male,84,NA,NA,NA,NA,NA,NA,hispanic,2634
2000,male,85,NA,NA,NA,NA,NA,NA,hispanic,2284
2000,male,86,NA,NA,NA,NA,NA,NA,hispanic,1932
2000,male,87,NA,NA,NA,NA,NA,NA,hispanic,1728
2000,male,88,NA,NA,NA,NA,NA,NA,hispanic,1465
2000,male,89,NA,NA,NA,NA,NA,NA,hispanic,1147
2000,male,90,NA,NA,NA,NA,NA,NA,hispanic,878
2000,male,91,NA,NA,NA,NA,NA,NA,hispanic,735
2000,male,92,NA,NA,NA,NA,NA,NA,hispanic,667
2000,male,93,NA,NA,NA,NA,NA,NA,hispanic,488
2000,male,94,NA,NA,NA,NA,NA,NA,hispanic,386
2000,male,95,NA,NA,NA,NA,NA,NA,hispanic,276
2000,male,96,NA,NA,NA,NA,NA,NA,hispanic,183
2000,male,97,NA,NA,NA,NA,NA,NA,hispanic,157
2000,male,98,NA,NA,NA,NA,NA,NA,hispanic,123
2000,male,99,NA,NA,NA,NA,NA,NA,hispanic,85
2000,male,100,NA,NA,NA,NA,NA,NA,hispanic,210
2000,female,0,NA,NA,NA,NA,NA,NA,white,75037
2000,female,1,NA,NA,NA,NA,NA,NA,white,77027
2000,female,2,NA,NA,NA,NA,NA,NA,white,77029
2000,female,3,NA,NA,NA,NA,NA,NA,white,79452
2000,female,4,NA,NA,NA,NA,NA,NA,white,83654
2000,female,5,NA,NA,NA,NA,NA,NA,white,85243
2000,female,6,NA,NA,NA,NA,NA,NA,white,87624
2000,female,7,NA,NA,NA,NA,NA,NA,white,89482
2000,female,8,NA,NA,NA,NA,NA,NA,white,94581
2000,female,9,NA,NA,NA,NA,NA,NA,white,97924
2000,female,10,NA,NA,NA,NA,NA,NA,white,98655
2000,female,11,NA,NA,NA,NA,NA,NA,white,95701
2000,female,12,NA,NA,NA,NA,NA,NA,white,94624
2000,female,13,NA,NA,NA,NA,NA,NA,white,93140
2000,female,14,NA,NA,NA,NA,NA,NA,white,93745
2000,female,15,NA,NA,NA,NA,NA,NA,white,93221
2000,female,16,NA,NA,NA,NA,NA,NA,white,90309
2000,female,17,NA,NA,NA,NA,NA,NA,white,90466
2000,female,18,NA,NA,NA,NA,NA,NA,white,88136
2000,female,19,NA,NA,NA,NA,NA,NA,white,88746
2000,female,20,NA,NA,NA,NA,NA,NA,white,86266
2000,female,21,NA,NA,NA,NA,NA,NA,white,81802
2000,female,22,NA,NA,NA,NA,NA,NA,white,81702
2000,female,23,NA,NA,NA,NA,NA,NA,white,83404
2000,female,24,NA,NA,NA,NA,NA,NA,white,83479
2000,female,25,NA,NA,NA,NA,NA,NA,white,87886
2000,female,26,NA,NA,NA,NA,NA,NA,white,84381
2000,female,27,NA,NA,NA,NA,NA,NA,white,89524
2000,female,28,NA,NA,NA,NA,NA,NA,white,96993
2000,female,29,NA,NA,NA,NA,NA,NA,white,109796
2000,female,30,NA,NA,NA,NA,NA,NA,white,116756
2000,female,31,NA,NA,NA,NA,NA,NA,white,107968
2000,female,32,NA,NA,NA,NA,NA,NA,white,107240
2000,female,33,NA,NA,NA,NA,NA,NA,white,108890
2000,female,34,NA,NA,NA,NA,NA,NA,white,112683
2000,female,35,NA,NA,NA,NA,NA,NA,white,127687
2000,female,36,NA,NA,NA,NA,NA,NA,white,129582
2000,female,37,NA,NA,NA,NA,NA,NA,white,131964
2000,female,38,NA,NA,NA,NA,NA,NA,white,135905
2000,female,39,NA,NA,NA,NA,NA,NA,white,138450
2000,female,40,NA,NA,NA,NA,NA,NA,white,142794
2000,female,41,NA,NA,NA,NA,NA,NA,white,134628
2000,female,42,NA,NA,NA,NA,NA,NA,white,139562
2000,female,43,NA,NA,NA,NA,NA,NA,white,137435
2000,female,44,NA,NA,NA,NA,NA,NA,white,135023
2000,female,45,NA,NA,NA,NA,NA,NA,white,138082
2000,female,46,NA,NA,NA,NA,NA,NA,white,132406
2000,female,47,NA,NA,NA,NA,NA,NA,white,131530
2000,female,48,NA,NA,NA,NA,NA,NA,white,127540
2000,female,49,NA,NA,NA,NA,NA,NA,white,124308
2000,female,50,NA,NA,NA,NA,NA,NA,white,127953
2000,female,51,NA,NA,NA,NA,NA,NA,white,122432
2000,female,52,NA,NA,NA,NA,NA,NA,white,127895
2000,female,53,NA,NA,NA,NA,NA,NA,white,129081
2000,female,54,NA,NA,NA,NA,NA,NA,white,98884
2000,female,55,NA,NA,NA,NA,NA,NA,white,100729
2000,female,56,NA,NA,NA,NA,NA,NA,white,97766
2000,female,57,NA,NA,NA,NA,NA,NA,white,99916
2000,female,58,NA,NA,NA,NA,NA,NA,white,86184
2000,female,59,NA,NA,NA,NA,NA,NA,white,80166
2000,female,60,NA,NA,NA,NA,NA,NA,white,78902
2000,female,61,NA,NA,NA,NA,NA,NA,white,75512
2000,female,62,NA,NA,NA,NA,NA,NA,white,73472
2000,female,63,NA,NA,NA,NA,NA,NA,white,69701
2000,female,64,NA,NA,NA,NA,NA,NA,white,68382
2000,female,65,NA,NA,NA,NA,NA,NA,white,69122
2000,female,66,NA,NA,NA,NA,NA,NA,white,64173
2000,female,67,NA,NA,NA,NA,NA,NA,white,65238
2000,female,68,NA,NA,NA,NA,NA,NA,white,64945
2000,female,69,NA,NA,NA,NA,NA,NA,white,67132
2000,female,70,NA,NA,NA,NA,NA,NA,white,67988
2000,female,71,NA,NA,NA,NA,NA,NA,white,65479
2000,female,72,NA,NA,NA,NA,NA,NA,white,67762
2000,female,73,NA,NA,NA,NA,NA,NA,white,68153
2000,female,74,NA,NA,NA,NA,NA,NA,white,69573
2000,female,75,NA,NA,NA,NA,NA,NA,white,70787
2000,female,76,NA,NA,NA,NA,NA,NA,white,68306
2000,female,77,NA,NA,NA,NA,NA,NA,white,65732
2000,female,78,NA,NA,NA,NA,NA,NA,white,65564
2000,female,79,NA,NA,NA,NA,NA,NA,white,61011
2000,female,80,NA,NA,NA,NA,NA,NA,white,55714
2000,female,81,NA,NA,NA,NA,NA,NA,white,50487
2000,female,82,NA,NA,NA,NA,NA,NA,white,46216
2000,female,83,NA,NA,NA,NA,NA,NA,white,42609
2000,female,84,NA,NA,NA,NA,NA,NA,white,39647
2000,female,85,NA,NA,NA,NA,NA,NA,white,37218
2000,female,86,NA,NA,NA,NA,NA,NA,white,33331
2000,female,87,NA,NA,NA,NA,NA,NA,white,29291
2000,female,88,NA,NA,NA,NA,NA,NA,white,25150
2000,female,89,NA,NA,NA,NA,NA,NA,white,21794
2000,female,90,NA,NA,NA,NA,NA,NA,white,18474
2000,female,91,NA,NA,NA,NA,NA,NA,white,15226
2000,female,92,NA,NA,NA,NA,NA,NA,white,12888
2000,female,93,NA,NA,NA,NA,NA,NA,white,10124
2000,female,94,NA,NA,NA,NA,NA,NA,white,7770
2000,female,95,NA,NA,NA,NA,NA,NA,white,5840
2000,female,96,NA,NA,NA,NA,NA,NA,white,4574
2000,female,97,NA,NA,NA,NA,NA,NA,white,3294
2000,female,98,NA,NA,NA,NA,NA,NA,white,2269
2000,female,99,NA,NA,NA,NA,NA,NA,white,1712
2000,female,100,NA,NA,NA,NA,NA,NA,white,3008
2000,male,0,NA,NA,NA,NA,NA,NA,white,79342
2000,male,1,NA,NA,NA,NA,NA,NA,white,81475
2000,male,2,NA,NA,NA,NA,NA,NA,white,80965
2000,male,3,NA,NA,NA,NA,NA,NA,white,83861
2000,male,4,NA,NA,NA,NA,NA,NA,white,88554
2000,male,5,NA,NA,NA,NA,NA,NA,white,90429
2000,male,6,NA,NA,NA,NA,NA,NA,white,92918
2000,male,7,NA,NA,NA,NA,NA,NA,white,95287
2000,male,8,NA,NA,NA,NA,NA,NA,white,99901
2000,male,9,NA,NA,NA,NA,NA,NA,white,103717
2000,male,10,NA,NA,NA,NA,NA,NA,white,104764
2000,male,11,NA,NA,NA,NA,NA,NA,white,100524
2000,male,12,NA,NA,NA,NA,NA,NA,white,100065
2000,male,13,NA,NA,NA,NA,NA,NA,white,98775
2000,male,14,NA,NA,NA,NA,NA,NA,white,98716
2000,male,15,NA,NA,NA,NA,NA,NA,white,98062
2000,male,16,NA,NA,NA,NA,NA,NA,white,96348
2000,male,17,NA,NA,NA,NA,NA,NA,white,96868
2000,male,18,NA,NA,NA,NA,NA,NA,white,93555
2000,male,19,NA,NA,NA,NA,NA,NA,white,94684
2000,male,20,NA,NA,NA,NA,NA,NA,white,93710
2000,male,21,NA,NA,NA,NA,NA,NA,white,89021
2000,male,22,NA,NA,NA,NA,NA,NA,white,87357
2000,male,23,NA,NA,NA,NA,NA,NA,white,87189
2000,male,24,NA,NA,NA,NA,NA,NA,white,87127
2000,male,25,NA,NA,NA,NA,NA,NA,white,92773
2000,male,26,NA,NA,NA,NA,NA,NA,white,89253
2000,male,27,NA,NA,NA,NA,NA,NA,white,93931
2000,male,28,NA,NA,NA,NA,NA,NA,white,102085
2000,male,29,NA,NA,NA,NA,NA,NA,white,114188
2000,male,30,NA,NA,NA,NA,NA,NA,white,122614
2000,male,31,NA,NA,NA,NA,NA,NA,white,112404
2000,male,32,NA,NA,NA,NA,NA,NA,white,112937
2000,male,33,NA,NA,NA,NA,NA,NA,white,114235
2000,male,34,NA,NA,NA,NA,NA,NA,white,118977
2000,male,35,NA,NA,NA,NA,NA,NA,white,134052
2000,male,36,NA,NA,NA,NA,NA,NA,white,134718
2000,male,37,NA,NA,NA,NA,NA,NA,white,137495
2000,male,38,NA,NA,NA,NA,NA,NA,white,141724
2000,male,39,NA,NA,NA,NA,NA,NA,white,143287
2000,male,40,NA,NA,NA,NA,NA,NA,white,150411
2000,male,41,NA,NA,NA,NA,NA,NA,white,139776
2000,male,42,NA,NA,NA,NA,NA,NA,white,145115
2000,male,43,NA,NA,NA,NA,NA,NA,white,141295
2000,male,44,NA,NA,NA,NA,NA,NA,white,138566
2000,male,45,NA,NA,NA,NA,NA,NA,white,141398
2000,male,46,NA,NA,NA,NA,NA,NA,white,133418
2000,male,47,NA,NA,NA,NA,NA,NA,white,132242
2000,male,48,NA,NA,NA,NA,NA,NA,white,127738
2000,male,49,NA,NA,NA,NA,NA,NA,white,124004
2000,male,50,NA,NA,NA,NA,NA,NA,white,129324
2000,male,51,NA,NA,NA,NA,NA,NA,white,121300
2000,male,52,NA,NA,NA,NA,NA,NA,white,127556
2000,male,53,NA,NA,NA,NA,NA,NA,white,128951
2000,male,54,NA,NA,NA,NA,NA,NA,white,97850
2000,male,55,NA,NA,NA,NA,NA,NA,white,99400
2000,male,56,NA,NA,NA,NA,NA,NA,white,96354
2000,male,57,NA,NA,NA,NA,NA,NA,white,97031
2000,male,58,NA,NA,NA,NA,NA,NA,white,83388
2000,male,59,NA,NA,NA,NA,NA,NA,white,77409
2000,male,60,NA,NA,NA,NA,NA,NA,white,75963
2000,male,61,NA,NA,NA,NA,NA,NA,white,72038
2000,male,62,NA,NA,NA,NA,NA,NA,white,70003
2000,male,63,NA,NA,NA,NA,NA,NA,white,64419
2000,male,64,NA,NA,NA,NA,NA,NA,white,63112
2000,male,65,NA,NA,NA,NA,NA,NA,white,63499
2000,male,66,NA,NA,NA,NA,NA,NA,white,58259
2000,male,67,NA,NA,NA,NA,NA,NA,white,58794
2000,male,68,NA,NA,NA,NA,NA,NA,white,59044
2000,male,69,NA,NA,NA,NA,NA,NA,white,59944
2000,male,70,NA,NA,NA,NA,NA,NA,white,59292
2000,male,71,NA,NA,NA,NA,NA,NA,white,55212
2000,male,72,NA,NA,NA,NA,NA,NA,white,54985
2000,male,73,NA,NA,NA,NA,NA,NA,white,52755
2000,male,74,NA,NA,NA,NA,NA,NA,white,52229
2000,male,75,NA,NA,NA,NA,NA,NA,white,52111
2000,male,76,NA,NA,NA,NA,NA,NA,white,49925
2000,male,77,NA,NA,NA,NA,NA,NA,white,47295
2000,male,78,NA,NA,NA,NA,NA,NA,white,47334
2000,male,79,NA,NA,NA,NA,NA,NA,white,43459
2000,male,80,NA,NA,NA,NA,NA,NA,white,37989
2000,male,81,NA,NA,NA,NA,NA,NA,white,33418
2000,male,82,NA,NA,NA,NA,NA,NA,white,30555
2000,male,83,NA,NA,NA,NA,NA,NA,white,26440
2000,male,84,NA,NA,NA,NA,NA,NA,white,23768
2000,male,85,NA,NA,NA,NA,NA,NA,white,21124
2000,male,86,NA,NA,NA,NA,NA,NA,white,17713
2000,male,87,NA,NA,NA,NA,NA,NA,white,14756
2000,male,88,NA,NA,NA,NA,NA,NA,white,11790
2000,male,89,NA,NA,NA,NA,NA,NA,white,9268
2000,male,90,NA,NA,NA,NA,NA,NA,white,7390
2000,male,91,NA,NA,NA,NA,NA,NA,white,5857
2000,male,92,NA,NA,NA,NA,NA,NA,white,4348
2000,male,93,NA,NA,NA,NA,NA,NA,white,3199
2000,male,94,NA,NA,NA,NA,NA,NA,white,2408
2000,male,95,NA,NA,NA,NA,NA,NA,white,1715
2000,male,96,NA,NA,NA,NA,NA,NA,white,1207
2000,male,97,NA,NA,NA,NA,NA,NA,white,834
2000,male,98,NA,NA,NA,NA,NA,NA,white,555
2000,male,99,NA,NA,NA,NA,NA,NA,white,416
2000,male,100,NA,NA,NA,NA,NA,NA,white,687
2001,female,0,NA,NA,NA,NA,NA,NA,black,14403.880796781
2001,female,1,NA,NA,NA,NA,NA,NA,black,14845.678792246
2001,female,2,NA,NA,NA,NA,NA,NA,black,15518.477851171
2001,female,3,NA,NA,NA,NA,NA,NA,black,15889.926723394
2001,female,4,NA,NA,NA,NA,NA,NA,black,16600.862287718
2001,female,5,NA,NA,NA,NA,NA,NA,black,17425.958761925
2001,female,6,NA,NA,NA,NA,NA,NA,black,18339.920085228
2001,female,7,NA,NA,NA,NA,NA,NA,black,18971.381813347
2001,female,8,NA,NA,NA,NA,NA,NA,black,19393.745337878
2001,female,9,NA,NA,NA,NA,NA,NA,black,19940.200995666
2001,female,10,NA,NA,NA,NA,NA,NA,black,20396.68437616
2001,female,11,NA,NA,NA,NA,NA,NA,black,20591.425754423
2001,female,12,NA,NA,NA,NA,NA,NA,black,19847.741929433
2001,female,13,NA,NA,NA,NA,NA,NA,black,19063.853575792
2001,female,14,NA,NA,NA,NA,NA,NA,black,18268.022191304
2001,female,15,NA,NA,NA,NA,NA,NA,black,18084.401121511
2001,female,16,NA,NA,NA,NA,NA,NA,black,17332.222927883
2001,female,17,NA,NA,NA,NA,NA,NA,black,16647.069076703
2001,female,18,NA,NA,NA,NA,NA,NA,black,16258.549390802
2001,female,19,NA,NA,NA,NA,NA,NA,black,15758.756145118
2001,female,20,NA,NA,NA,NA,NA,NA,black,15482.638663308
2001,female,21,NA,NA,NA,NA,NA,NA,black,15414.409923231
2001,female,22,NA,NA,NA,NA,NA,NA,black,15022.139900629
2001,female,23,NA,NA,NA,NA,NA,NA,black,14326.266473543
2001,female,24,NA,NA,NA,NA,NA,NA,black,14189.495885153
2001,female,25,NA,NA,NA,NA,NA,NA,black,14359.00182149
2001,female,26,NA,NA,NA,NA,NA,NA,black,14476.565006602
2001,female,27,NA,NA,NA,NA,NA,NA,black,14209.450238184
2001,female,28,NA,NA,NA,NA,NA,NA,black,14686.500721306
2001,female,29,NA,NA,NA,NA,NA,NA,black,15627.983210429
2001,female,30,NA,NA,NA,NA,NA,NA,black,17410.471698538
2001,female,31,NA,NA,NA,NA,NA,NA,black,18303.616208467
2001,female,32,NA,NA,NA,NA,NA,NA,black,17088.074396826
2001,female,33,NA,NA,NA,NA,NA,NA,black,16780.72808791
2001,female,34,NA,NA,NA,NA,NA,NA,black,17292.07156809
2001,female,35,NA,NA,NA,NA,NA,NA,black,18255.05218901
2001,female,36,NA,NA,NA,NA,NA,NA,black,19695.407662585
2001,female,37,NA,NA,NA,NA,NA,NA,black,19380.856297638
2001,female,38,NA,NA,NA,NA,NA,NA,black,19229.50470047
2001,female,39,NA,NA,NA,NA,NA,NA,black,19569.086545245
2001,female,40,NA,NA,NA,NA,NA,NA,black,19761.964902847
2001,female,41,NA,NA,NA,NA,NA,NA,black,20158.253638686
2001,female,42,NA,NA,NA,NA,NA,NA,black,18774.251322673
2001,female,43,NA,NA,NA,NA,NA,NA,black,18286.368824341
2001,female,44,NA,NA,NA,NA,NA,NA,black,17796.580028086
2001,female,45,NA,NA,NA,NA,NA,NA,black,17112.819329391
2001,female,46,NA,NA,NA,NA,NA,NA,black,16900.612710984
2001,female,47,NA,NA,NA,NA,NA,NA,black,15608.433363837
2001,female,48,NA,NA,NA,NA,NA,NA,black,15061.793255157
2001,female,49,NA,NA,NA,NA,NA,NA,black,14506.325638115
2001,female,50,NA,NA,NA,NA,NA,NA,black,14393.522159929
2001,female,51,NA,NA,NA,NA,NA,NA,black,14555.434838023
2001,female,52,NA,NA,NA,NA,NA,NA,black,13667.806796136
2001,female,53,NA,NA,NA,NA,NA,NA,black,12886.327102023
2001,female,54,NA,NA,NA,NA,NA,NA,black,11967.331055618
2001,female,55,NA,NA,NA,NA,NA,NA,black,10528.427751163
2001,female,56,NA,NA,NA,NA,NA,NA,black,10069.066738759
2001,female,57,NA,NA,NA,NA,NA,NA,black,9888.511431119
2001,female,58,NA,NA,NA,NA,NA,NA,black,9555.840177774
2001,female,59,NA,NA,NA,NA,NA,NA,black,8903.727998641
2001,female,60,NA,NA,NA,NA,NA,NA,black,8529.556439855
2001,female,61,NA,NA,NA,NA,NA,NA,black,8580.140884017
2001,female,62,NA,NA,NA,NA,NA,NA,black,8044.059640232
2001,female,63,NA,NA,NA,NA,NA,NA,black,7670.115062535
2001,female,64,NA,NA,NA,NA,NA,NA,black,7282.242716717
2001,female,65,NA,NA,NA,NA,NA,NA,black,7137.704470776
2001,female,66,NA,NA,NA,NA,NA,NA,black,7109.9283507870005
2001,female,67,NA,NA,NA,NA,NA,NA,black,6580.828998822
2001,female,68,NA,NA,NA,NA,NA,NA,black,6247.948821016
2001,female,69,NA,NA,NA,NA,NA,NA,black,5652.772007911
2001,female,70,NA,NA,NA,NA,NA,NA,black,5556.996817218
2001,female,71,NA,NA,NA,NA,NA,NA,black,5648.539228937
2001,female,72,NA,NA,NA,NA,NA,NA,black,5163.736159769
2001,female,73,NA,NA,NA,NA,NA,NA,black,5035.438625866
2001,female,74,NA,NA,NA,NA,NA,NA,black,4926.374584618
2001,female,75,NA,NA,NA,NA,NA,NA,black,4840.179757035
2001,female,76,NA,NA,NA,NA,NA,NA,black,4683.280470893
2001,female,77,NA,NA,NA,NA,NA,NA,black,4389.175066497
2001,female,78,NA,NA,NA,NA,NA,NA,black,4130.531086515
2001,female,79,NA,NA,NA,NA,NA,NA,black,3842.845790572
2001,female,80,NA,NA,NA,NA,NA,NA,black,3540.283690156
2001,female,81,NA,NA,NA,NA,NA,NA,black,3440.471574693
2001,female,82,NA,NA,NA,NA,NA,NA,black,2921.12793039
2001,female,83,NA,NA,NA,NA,NA,NA,black,2647.98678119
2001,female,84,NA,NA,NA,NA,NA,NA,black,2463.125642546
2001,female,85,NA,NA,NA,NA,NA,NA,black,2142.474905753
2001,female,86,NA,NA,NA,NA,NA,NA,black,1948.141245402
2001,female,87,NA,NA,NA,NA,NA,NA,black,1790.754480064
2001,female,88,NA,NA,NA,NA,NA,NA,black,1545.026377749
2001,female,89,NA,NA,NA,NA,NA,NA,black,1261.261177199
2001,female,90,NA,NA,NA,NA,NA,NA,black,1093.355623226
2001,female,91,NA,NA,NA,NA,NA,NA,black,904.25410495
2001,female,92,NA,NA,NA,NA,NA,NA,black,756.803340363
2001,female,93,NA,NA,NA,NA,NA,NA,black,600.490118296
2001,female,94,NA,NA,NA,NA,NA,NA,black,475.237560643
2001,female,95,NA,NA,NA,NA,NA,NA,black,404.373606764
2001,female,96,NA,NA,NA,NA,NA,NA,black,310.213098436
2001,female,97,NA,NA,NA,NA,NA,NA,black,222.195766896
2001,female,98,NA,NA,NA,NA,NA,NA,black,154.010356877
2001,female,99,NA,NA,NA,NA,NA,NA,black,125.343500969
2001,female,100,NA,NA,NA,NA,NA,NA,black,67.864178161
2001,male,0,NA,NA,NA,NA,NA,NA,black,14402.284046171
2001,male,1,NA,NA,NA,NA,NA,NA,black,15215.55751088
2001,male,2,NA,NA,NA,NA,NA,NA,black,16010.565875957
2001,male,3,NA,NA,NA,NA,NA,NA,black,16437.385798777
2001,male,4,NA,NA,NA,NA,NA,NA,black,17206.894522409
2001,male,5,NA,NA,NA,NA,NA,NA,black,18098.067014175
2001,male,6,NA,NA,NA,NA,NA,NA,black,19031.696484617
2001,male,7,NA,NA,NA,NA,NA,NA,black,19554.813865527
2001,male,8,NA,NA,NA,NA,NA,NA,black,20027.817462429
2001,male,9,NA,NA,NA,NA,NA,NA,black,20568.5317283
2001,male,10,NA,NA,NA,NA,NA,NA,black,21243.987181675
2001,male,11,NA,NA,NA,NA,NA,NA,black,21409.775831869
2001,male,12,NA,NA,NA,NA,NA,NA,black,20423.672908828
2001,male,13,NA,NA,NA,NA,NA,NA,black,19663.321606447
2001,male,14,NA,NA,NA,NA,NA,NA,black,18895.845492397
2001,male,15,NA,NA,NA,NA,NA,NA,black,18669.241486514
2001,male,16,NA,NA,NA,NA,NA,NA,black,18144.663584935
2001,male,17,NA,NA,NA,NA,NA,NA,black,17532.116740476
2001,male,18,NA,NA,NA,NA,NA,NA,black,17432.037965287
2001,male,19,NA,NA,NA,NA,NA,NA,black,16799.422160416
2001,male,20,NA,NA,NA,NA,NA,NA,black,16943.845148901
2001,male,21,NA,NA,NA,NA,NA,NA,black,16551.640988883
2001,male,22,NA,NA,NA,NA,NA,NA,black,16140.058203424
2001,male,23,NA,NA,NA,NA,NA,NA,black,15381.055962426
2001,male,24,NA,NA,NA,NA,NA,NA,black,14677.354762881
2001,male,25,NA,NA,NA,NA,NA,NA,black,14389.830079591
2001,male,26,NA,NA,NA,NA,NA,NA,black,14426.487305147
2001,male,27,NA,NA,NA,NA,NA,NA,black,14189.544970778
2001,male,28,NA,NA,NA,NA,NA,NA,black,14727.518139524
2001,male,29,NA,NA,NA,NA,NA,NA,black,15607.029539576
2001,male,30,NA,NA,NA,NA,NA,NA,black,17081.7378077
2001,male,31,NA,NA,NA,NA,NA,NA,black,18197.043200937
2001,male,32,NA,NA,NA,NA,NA,NA,black,17107.064301084
2001,male,33,NA,NA,NA,NA,NA,NA,black,16613.035755015
2001,male,34,NA,NA,NA,NA,NA,NA,black,17237.482694046
2001,male,35,NA,NA,NA,NA,NA,NA,black,18249.008228668
2001,male,36,NA,NA,NA,NA,NA,NA,black,19603.841237575
2001,male,37,NA,NA,NA,NA,NA,NA,black,19188.710772897
2001,male,38,NA,NA,NA,NA,NA,NA,black,19079.316222362
2001,male,39,NA,NA,NA,NA,NA,NA,black,19298.68795768
2001,male,40,NA,NA,NA,NA,NA,NA,black,19703.796912918
2001,male,41,NA,NA,NA,NA,NA,NA,black,20118.142335598
2001,male,42,NA,NA,NA,NA,NA,NA,black,18548.478819663
2001,male,43,NA,NA,NA,NA,NA,NA,black,17962.379769041
2001,male,44,NA,NA,NA,NA,NA,NA,black,17290.91243991
2001,male,45,NA,NA,NA,NA,NA,NA,black,16816.223292107
2001,male,46,NA,NA,NA,NA,NA,NA,black,16575.163074589
2001,male,47,NA,NA,NA,NA,NA,NA,black,15152.933894364
2001,male,48,NA,NA,NA,NA,NA,NA,black,13947.838230501
2001,male,49,NA,NA,NA,NA,NA,NA,black,13305.055925278
2001,male,50,NA,NA,NA,NA,NA,NA,black,13265.945858708
2001,male,51,NA,NA,NA,NA,NA,NA,black,13551.803603732
2001,male,52,NA,NA,NA,NA,NA,NA,black,12324.877880343
2001,male,53,NA,NA,NA,NA,NA,NA,black,11617.961310618
2001,male,54,NA,NA,NA,NA,NA,NA,black,10528.846404416
2001,male,55,NA,NA,NA,NA,NA,NA,black,9209.270064901
2001,male,56,NA,NA,NA,NA,NA,NA,black,8968.71354803
2001,male,57,NA,NA,NA,NA,NA,NA,black,8711.493183942
2001,male,58,NA,NA,NA,NA,NA,NA,black,8227.752599084
2001,male,59,NA,NA,NA,NA,NA,NA,black,7739.387255896
2001,male,60,NA,NA,NA,NA,NA,NA,black,7405.430755794
2001,male,61,NA,NA,NA,NA,NA,NA,black,7423.438032601
2001,male,62,NA,NA,NA,NA,NA,NA,black,7013.983668602
2001,male,63,NA,NA,NA,NA,NA,NA,black,6821.482034269
2001,male,64,NA,NA,NA,NA,NA,NA,black,6522.146837672
2001,male,65,NA,NA,NA,NA,NA,NA,black,6295.071156428
2001,male,66,NA,NA,NA,NA,NA,NA,black,6186.451514087
2001,male,67,NA,NA,NA,NA,NA,NA,black,5476.705711984
2001,male,68,NA,NA,NA,NA,NA,NA,black,5174.635338204
2001,male,69,NA,NA,NA,NA,NA,NA,black,4672.465646015
2001,male,70,NA,NA,NA,NA,NA,NA,black,4410.566371182
2001,male,71,NA,NA,NA,NA,NA,NA,black,4228.255814241
2001,male,72,NA,NA,NA,NA,NA,NA,black,3801.425115152
2001,male,73,NA,NA,NA,NA,NA,NA,black,3649.568476442
2001,male,74,NA,NA,NA,NA,NA,NA,black,3430.258713016
2001,male,75,NA,NA,NA,NA,NA,NA,black,3208.610407295
2001,male,76,NA,NA,NA,NA,NA,NA,black,3151.938825207
2001,male,77,NA,NA,NA,NA,NA,NA,black,2862.774304621
2001,male,78,NA,NA,NA,NA,NA,NA,black,2636.905340563
2001,male,79,NA,NA,NA,NA,NA,NA,black,2423.012833263
2001,male,80,NA,NA,NA,NA,NA,NA,black,2197.838874743
2001,male,81,NA,NA,NA,NA,NA,NA,black,1984.585802334
2001,male,82,NA,NA,NA,NA,NA,NA,black,1641.117048679
2001,male,83,NA,NA,NA,NA,NA,NA,black,1355.477047654
2001,male,84,NA,NA,NA,NA,NA,NA,black,1187.07910483
2001,male,85,NA,NA,NA,NA,NA,NA,black,991.049890692
2001,male,86,NA,NA,NA,NA,NA,NA,black,875.805155798
2001,male,87,NA,NA,NA,NA,NA,NA,black,728.680556713
2001,male,88,NA,NA,NA,NA,NA,NA,black,587.610146851
2001,male,89,NA,NA,NA,NA,NA,NA,black,481.929931414
2001,male,90,NA,NA,NA,NA,NA,NA,black,424.289977061
2001,male,91,NA,NA,NA,NA,NA,NA,black,316.178760639
2001,male,92,NA,NA,NA,NA,NA,NA,black,225.385315818
2001,male,93,NA,NA,NA,NA,NA,NA,black,182.879902825
2001,male,94,NA,NA,NA,NA,NA,NA,black,140.40507229
2001,male,95,NA,NA,NA,NA,NA,NA,black,100.711768457
2001,male,96,NA,NA,NA,NA,NA,NA,black,76.566898864
2001,male,97,NA,NA,NA,NA,NA,NA,black,65.099201306
2001,male,98,NA,NA,NA,NA,NA,NA,black,40.701955997
2001,male,99,NA,NA,NA,NA,NA,NA,black,28.483318948
2001,male,100,NA,NA,NA,NA,NA,NA,black,22.806014861
2001,female,0,NA,NA,NA,NA,NA,NA,hispanic,126983.721919365
2001,female,1,NA,NA,NA,NA,NA,NA,hispanic,116732.346810291
2001,female,2,NA,NA,NA,NA,NA,NA,hispanic,115202.2871064
2001,female,3,NA,NA,NA,NA,NA,NA,hispanic,115649.856870827
2001,female,4,NA,NA,NA,NA,NA,NA,hispanic,118077.085606376
2001,female,5,NA,NA,NA,NA,NA,NA,hispanic,121189.348580034
2001,female,6,NA,NA,NA,NA,NA,NA,hispanic,122529.088226255
2001,female,7,NA,NA,NA,NA,NA,NA,hispanic,122779.80001368
2001,female,8,NA,NA,NA,NA,NA,NA,hispanic,123731.781740229
2001,female,9,NA,NA,NA,NA,NA,NA,hispanic,123555.291955837
2001,female,10,NA,NA,NA,NA,NA,NA,hispanic,122192.380038434
2001,female,11,NA,NA,NA,NA,NA,NA,hispanic,116914.819155602
2001,female,12,NA,NA,NA,NA,NA,NA,hispanic,109397.451420698
2001,female,13,NA,NA,NA,NA,NA,NA,hispanic,105431.783510201
2001,female,14,NA,NA,NA,NA,NA,NA,hispanic,101706.454182532
2001,female,15,NA,NA,NA,NA,NA,NA,hispanic,99548.042517801
2001,female,16,NA,NA,NA,NA,NA,NA,hispanic,97150.861698429
2001,female,17,NA,NA,NA,NA,NA,NA,hispanic,95863.748607827
2001,female,18,NA,NA,NA,NA,NA,NA,hispanic,98184.316503399
2001,female,19,NA,NA,NA,NA,NA,NA,hispanic,99044.671420782
2001,female,20,NA,NA,NA,NA,NA,NA,hispanic,99680.10714074
2001,female,21,NA,NA,NA,NA,NA,NA,hispanic,98422.871695161
2001,female,22,NA,NA,NA,NA,NA,NA,hispanic,96736.851002498
2001,female,23,NA,NA,NA,NA,NA,NA,hispanic,97296.476702141
2001,female,24,NA,NA,NA,NA,NA,NA,hispanic,99202.998736275
2001,female,25,NA,NA,NA,NA,NA,NA,hispanic,101324.18224751
2001,female,26,NA,NA,NA,NA,NA,NA,hispanic,102798.670717814
2001,female,27,NA,NA,NA,NA,NA,NA,hispanic,101223.653813216
2001,female,28,NA,NA,NA,NA,NA,NA,hispanic,102331.624127975
2001,female,29,NA,NA,NA,NA,NA,NA,hispanic,101741.719920703
2001,female,30,NA,NA,NA,NA,NA,NA,hispanic,102802.323918838
2001,female,31,NA,NA,NA,NA,NA,NA,hispanic,103141.00139233
2001,female,32,NA,NA,NA,NA,NA,NA,hispanic,97832.43855518
2001,female,33,NA,NA,NA,NA,NA,NA,hispanic,94925.981364698
2001,female,34,NA,NA,NA,NA,NA,NA,hispanic,92420.627742411
2001,female,35,NA,NA,NA,NA,NA,NA,hispanic,91174.000546997
2001,female,36,NA,NA,NA,NA,NA,NA,hispanic,91737.866581429
2001,female,37,NA,NA,NA,NA,NA,NA,hispanic,89137.433768422
2001,female,38,NA,NA,NA,NA,NA,NA,hispanic,85503.265319536
2001,female,39,NA,NA,NA,NA,NA,NA,hispanic,82154.382917643
2001,female,40,NA,NA,NA,NA,NA,NA,hispanic,80299.090750457
2001,female,41,NA,NA,NA,NA,NA,NA,hispanic,78747.185489044
2001,female,42,NA,NA,NA,NA,NA,NA,hispanic,73109.440029153
2001,female,43,NA,NA,NA,NA,NA,NA,hispanic,70712.919901777
2001,female,44,NA,NA,NA,NA,NA,NA,hispanic,67554.954714995
2001,female,45,NA,NA,NA,NA,NA,NA,hispanic,64796.001119721
2001,female,46,NA,NA,NA,NA,NA,NA,hispanic,62470.689880003
2001,female,47,NA,NA,NA,NA,NA,NA,hispanic,57855.068003102
2001,female,48,NA,NA,NA,NA,NA,NA,hispanic,54021.774788174
2001,female,49,NA,NA,NA,NA,NA,NA,hispanic,50840.276507061
2001,female,50,NA,NA,NA,NA,NA,NA,hispanic,48650.186393514
2001,female,51,NA,NA,NA,NA,NA,NA,hispanic,47369.423986
2001,female,52,NA,NA,NA,NA,NA,NA,hispanic,43509.525377499
2001,female,53,NA,NA,NA,NA,NA,NA,hispanic,41020.882992739
2001,female,54,NA,NA,NA,NA,NA,NA,hispanic,38198.501504711
2001,female,55,NA,NA,NA,NA,NA,NA,hispanic,35041.255126613
2001,female,56,NA,NA,NA,NA,NA,NA,hispanic,32866.774784178
2001,female,57,NA,NA,NA,NA,NA,NA,hispanic,30895.449824082
2001,female,58,NA,NA,NA,NA,NA,NA,hispanic,29170.486049374
2001,female,59,NA,NA,NA,NA,NA,NA,hispanic,26744.207739794
2001,female,60,NA,NA,NA,NA,NA,NA,hispanic,25402.307423823
2001,female,61,NA,NA,NA,NA,NA,NA,hispanic,24801.363497874
2001,female,62,NA,NA,NA,NA,NA,NA,hispanic,23181.001223566
2001,female,63,NA,NA,NA,NA,NA,NA,hispanic,22210.370736381
2001,female,64,NA,NA,NA,NA,NA,NA,hispanic,21192.580257533
2001,female,65,NA,NA,NA,NA,NA,NA,hispanic,20854.75707584
2001,female,66,NA,NA,NA,NA,NA,NA,hispanic,20340.560473671
2001,female,67,NA,NA,NA,NA,NA,NA,hispanic,18664.067177731
2001,female,68,NA,NA,NA,NA,NA,NA,hispanic,17976.182133776
2001,female,69,NA,NA,NA,NA,NA,NA,hispanic,17398.936863203
2001,female,70,NA,NA,NA,NA,NA,NA,hispanic,17523.710932411
2001,female,71,NA,NA,NA,NA,NA,NA,hispanic,17457.424985383
2001,female,72,NA,NA,NA,NA,NA,NA,hispanic,15975.797811207
2001,female,73,NA,NA,NA,NA,NA,NA,hispanic,15115.479995942
2001,female,74,NA,NA,NA,NA,NA,NA,hispanic,14185.310649149
2001,female,75,NA,NA,NA,NA,NA,NA,hispanic,13454.825029179
2001,female,76,NA,NA,NA,NA,NA,NA,hispanic,12552.272950624
2001,female,77,NA,NA,NA,NA,NA,NA,hispanic,11340.667379209
2001,female,78,NA,NA,NA,NA,NA,NA,hispanic,10245.056114152
2001,female,79,NA,NA,NA,NA,NA,NA,hispanic,9390.789441141
2001,female,80,NA,NA,NA,NA,NA,NA,hispanic,8613.881638788
2001,female,81,NA,NA,NA,NA,NA,NA,hispanic,7638.707279688
2001,female,82,NA,NA,NA,NA,NA,NA,hispanic,6379.642419707
2001,female,83,NA,NA,NA,NA,NA,NA,hispanic,5641.23757803
2001,female,84,NA,NA,NA,NA,NA,NA,hispanic,4776.440574484
2001,female,85,NA,NA,NA,NA,NA,NA,hispanic,4214.529386215
2001,female,86,NA,NA,NA,NA,NA,NA,hispanic,3880.164891236
2001,female,87,NA,NA,NA,NA,NA,NA,hispanic,3526.624813024
2001,female,88,NA,NA,NA,NA,NA,NA,hispanic,3006.973316581
2001,female,89,NA,NA,NA,NA,NA,NA,hispanic,2519.695086852
2001,female,90,NA,NA,NA,NA,NA,NA,hispanic,2146.125397036
2001,female,91,NA,NA,NA,NA,NA,NA,hispanic,1692.614391856
2001,female,92,NA,NA,NA,NA,NA,NA,hispanic,1319.72607928
2001,female,93,NA,NA,NA,NA,NA,NA,hispanic,1060.159445272
2001,female,94,NA,NA,NA,NA,NA,NA,hispanic,829.979187095
2001,female,95,NA,NA,NA,NA,NA,NA,hispanic,638.973994907
2001,female,96,NA,NA,NA,NA,NA,NA,hispanic,477.559805012
2001,female,97,NA,NA,NA,NA,NA,NA,hispanic,313.408040561
2001,female,98,NA,NA,NA,NA,NA,NA,hispanic,213.568191529
2001,female,99,NA,NA,NA,NA,NA,NA,hispanic,181.703617843
2001,female,100,NA,NA,NA,NA,NA,NA,hispanic,125.796757568
2001,male,0,NA,NA,NA,NA,NA,NA,hispanic,132575.278532497
2001,male,1,NA,NA,NA,NA,NA,NA,hispanic,122352.690710773
2001,male,2,NA,NA,NA,NA,NA,NA,hispanic,119946.775274807
2001,male,3,NA,NA,NA,NA,NA,NA,hispanic,120156.673773305
2001,male,4,NA,NA,NA,NA,NA,NA,hispanic,123094.109410253
2001,male,5,NA,NA,NA,NA,NA,NA,hispanic,126708.570803393
2001,male,6,NA,NA,NA,NA,NA,NA,hispanic,128073.963170515
2001,male,7,NA,NA,NA,NA,NA,NA,hispanic,128783.645077962
2001,male,8,NA,NA,NA,NA,NA,NA,hispanic,129803.521624665
2001,male,9,NA,NA,NA,NA,NA,NA,hispanic,129386.898046267
2001,male,10,NA,NA,NA,NA,NA,NA,hispanic,128564.606470562
2001,male,11,NA,NA,NA,NA,NA,NA,hispanic,122839.491452539
2001,male,12,NA,NA,NA,NA,NA,NA,hispanic,114977.973508236
2001,male,13,NA,NA,NA,NA,NA,NA,hispanic,111062.177055427
2001,male,14,NA,NA,NA,NA,NA,NA,hispanic,107031.117332597
2001,male,15,NA,NA,NA,NA,NA,NA,hispanic,105446.75624208
2001,male,16,NA,NA,NA,NA,NA,NA,hispanic,103066.938370757
2001,male,17,NA,NA,NA,NA,NA,NA,hispanic,103534.202642763
2001,male,18,NA,NA,NA,NA,NA,NA,hispanic,109024.374349205
2001,male,19,NA,NA,NA,NA,NA,NA,hispanic,111914.239243284
2001,male,20,NA,NA,NA,NA,NA,NA,hispanic,115210.244366287
2001,male,21,NA,NA,NA,NA,NA,NA,hispanic,116017.804476113
2001,male,22,NA,NA,NA,NA,NA,NA,hispanic,114042.523791565
2001,male,23,NA,NA,NA,NA,NA,NA,hispanic,114576.043791378
2001,male,24,NA,NA,NA,NA,NA,NA,hispanic,115189.361272848
2001,male,25,NA,NA,NA,NA,NA,NA,hispanic,116311.111541533
2001,male,26,NA,NA,NA,NA,NA,NA,hispanic,116686.181713092
2001,male,27,NA,NA,NA,NA,NA,NA,hispanic,112758.649161372
2001,male,28,NA,NA,NA,NA,NA,NA,hispanic,113488.484501122
2001,male,29,NA,NA,NA,NA,NA,NA,hispanic,112272.06995915
2001,male,30,NA,NA,NA,NA,NA,NA,hispanic,114187.046674775
2001,male,31,NA,NA,NA,NA,NA,NA,hispanic,115583.15694239
2001,male,32,NA,NA,NA,NA,NA,NA,hispanic,109210.122762427
2001,male,33,NA,NA,NA,NA,NA,NA,hispanic,105307.789779878
2001,male,34,NA,NA,NA,NA,NA,NA,hispanic,101933.399411385
2001,male,35,NA,NA,NA,NA,NA,NA,hispanic,101066.363355459
2001,male,36,NA,NA,NA,NA,NA,NA,hispanic,100304.391256613
2001,male,37,NA,NA,NA,NA,NA,NA,hispanic,95066.038133646
2001,male,38,NA,NA,NA,NA,NA,NA,hispanic,89763.681245113
2001,male,39,NA,NA,NA,NA,NA,NA,hispanic,86586.310711923
2001,male,40,NA,NA,NA,NA,NA,NA,hispanic,83624.096946119
2001,male,41,NA,NA,NA,NA,NA,NA,hispanic,81883.001010881
2001,male,42,NA,NA,NA,NA,NA,NA,hispanic,74461.228796262
2001,male,43,NA,NA,NA,NA,NA,NA,hispanic,71473.011289929
2001,male,44,NA,NA,NA,NA,NA,NA,hispanic,67218.805632767
2001,male,45,NA,NA,NA,NA,NA,NA,hispanic,64113.510470679
2001,male,46,NA,NA,NA,NA,NA,NA,hispanic,62126.779749307
2001,male,47,NA,NA,NA,NA,NA,NA,hispanic,56124.258354948
2001,male,48,NA,NA,NA,NA,NA,NA,hispanic,51855.138596457
2001,male,49,NA,NA,NA,NA,NA,NA,hispanic,48546.741509314
2001,male,50,NA,NA,NA,NA,NA,NA,hispanic,46576.848686873
2001,male,51,NA,NA,NA,NA,NA,NA,hispanic,44853.310592508
2001,male,52,NA,NA,NA,NA,NA,NA,hispanic,40496.42614812
2001,male,53,NA,NA,NA,NA,NA,NA,hispanic,38110.182255967
2001,male,54,NA,NA,NA,NA,NA,NA,hispanic,35190.475774799
2001,male,55,NA,NA,NA,NA,NA,NA,hispanic,31777.14243262
2001,male,56,NA,NA,NA,NA,NA,NA,hispanic,29367.63929433
2001,male,57,NA,NA,NA,NA,NA,NA,hispanic,27324.055983993
2001,male,58,NA,NA,NA,NA,NA,NA,hispanic,25169.468438055
2001,male,59,NA,NA,NA,NA,NA,NA,hispanic,23253.341973494
2001,male,60,NA,NA,NA,NA,NA,NA,hispanic,21984.321554118
2001,male,61,NA,NA,NA,NA,NA,NA,hispanic,21050.568658871
2001,male,62,NA,NA,NA,NA,NA,NA,hispanic,19803.362238937
2001,male,63,NA,NA,NA,NA,NA,NA,hispanic,18494.582010404
2001,male,64,NA,NA,NA,NA,NA,NA,hispanic,17507.01394909
2001,male,65,NA,NA,NA,NA,NA,NA,hispanic,16779.694098253
2001,male,66,NA,NA,NA,NA,NA,NA,hispanic,16288.049391962
2001,male,67,NA,NA,NA,NA,NA,NA,hispanic,14760.955523069
2001,male,68,NA,NA,NA,NA,NA,NA,hispanic,13960.346389908
2001,male,69,NA,NA,NA,NA,NA,NA,hispanic,13569.822796822
2001,male,70,NA,NA,NA,NA,NA,NA,hispanic,13445.982143856
2001,male,71,NA,NA,NA,NA,NA,NA,hispanic,13108.550205839
2001,male,72,NA,NA,NA,NA,NA,NA,hispanic,11813.856377568
2001,male,73,NA,NA,NA,NA,NA,NA,hispanic,10949.674643294
2001,male,74,NA,NA,NA,NA,NA,NA,hispanic,10189.132141417
2001,male,75,NA,NA,NA,NA,NA,NA,hispanic,9519.603194858
2001,male,76,NA,NA,NA,NA,NA,NA,hispanic,8792.356394524
2001,male,77,NA,NA,NA,NA,NA,NA,hispanic,8391.903388117
2001,male,78,NA,NA,NA,NA,NA,NA,hispanic,7630.729776384
2001,male,79,NA,NA,NA,NA,NA,NA,hispanic,6692.97049221
2001,male,80,NA,NA,NA,NA,NA,NA,hispanic,5689.105297361
2001,male,81,NA,NA,NA,NA,NA,NA,hispanic,4939.845366487
2001,male,82,NA,NA,NA,NA,NA,NA,hispanic,3915.642151348
2001,male,83,NA,NA,NA,NA,NA,NA,hispanic,3326.028546043
2001,male,84,NA,NA,NA,NA,NA,NA,hispanic,2711.969435933
2001,male,85,NA,NA,NA,NA,NA,NA,hispanic,2405.340961147
2001,male,86,NA,NA,NA,NA,NA,NA,hispanic,2086.676679179
2001,male,87,NA,NA,NA,NA,NA,NA,hispanic,1753.999931645
2001,male,88,NA,NA,NA,NA,NA,NA,hispanic,1540.380415179
2001,male,89,NA,NA,NA,NA,NA,NA,hispanic,1283.847910044
2001,male,90,NA,NA,NA,NA,NA,NA,hispanic,970.386885169
2001,male,91,NA,NA,NA,NA,NA,NA,hispanic,718.512097762
2001,male,92,NA,NA,NA,NA,NA,NA,hispanic,578.410031249
2001,male,93,NA,NA,NA,NA,NA,NA,hispanic,483.990959982
2001,male,94,NA,NA,NA,NA,NA,NA,hispanic,364.185426327
2001,male,95,NA,NA,NA,NA,NA,NA,hispanic,261.638132643
2001,male,96,NA,NA,NA,NA,NA,NA,hispanic,177.951911775
2001,male,97,NA,NA,NA,NA,NA,NA,hispanic,109.257691316
2001,male,98,NA,NA,NA,NA,NA,NA,hispanic,74.441860588
2001,male,99,NA,NA,NA,NA,NA,NA,hispanic,64.968930122
2001,male,100,NA,NA,NA,NA,NA,NA,hispanic,55.022866411
2001,female,0,NA,NA,NA,NA,NA,NA,white,74561.093990344
2001,female,1,NA,NA,NA,NA,NA,NA,white,74530.574346327
2001,female,2,NA,NA,NA,NA,NA,NA,white,74993.580387412
2001,female,3,NA,NA,NA,NA,NA,NA,white,75596.811492635
2001,female,4,NA,NA,NA,NA,NA,NA,white,77448.604513549
2001,female,5,NA,NA,NA,NA,NA,NA,white,81053.092307201
2001,female,6,NA,NA,NA,NA,NA,NA,white,83301.760961969
2001,female,7,NA,NA,NA,NA,NA,NA,white,85404.541464554
2001,female,8,NA,NA,NA,NA,NA,NA,white,87652.821882531
2001,female,9,NA,NA,NA,NA,NA,NA,white,91769.045700326
2001,female,10,NA,NA,NA,NA,NA,NA,white,95429.488297843
2001,female,11,NA,NA,NA,NA,NA,NA,white,96506.686095738
2001,female,12,NA,NA,NA,NA,NA,NA,white,94598.24169694
2001,female,13,NA,NA,NA,NA,NA,NA,white,93330.408389951
2001,female,14,NA,NA,NA,NA,NA,NA,white,92379.041098922
2001,female,15,NA,NA,NA,NA,NA,NA,white,92465.751394703
2001,female,16,NA,NA,NA,NA,NA,NA,white,91742.53754984
2001,female,17,NA,NA,NA,NA,NA,NA,white,88435.774389949
2001,female,18,NA,NA,NA,NA,NA,NA,white,88002.062248234
2001,female,19,NA,NA,NA,NA,NA,NA,white,86741.754156334
2001,female,20,NA,NA,NA,NA,NA,NA,white,87175.583886655
2001,female,21,NA,NA,NA,NA,NA,NA,white,84610.931864507
2001,female,22,NA,NA,NA,NA,NA,NA,white,83386.428672056
2001,female,23,NA,NA,NA,NA,NA,NA,white,81131.91922138
2001,female,24,NA,NA,NA,NA,NA,NA,white,81971.146073021
2001,female,25,NA,NA,NA,NA,NA,NA,white,83406.649458529
2001,female,26,NA,NA,NA,NA,NA,NA,white,86285.8463545
2001,female,27,NA,NA,NA,NA,NA,NA,white,86055.575798908
2001,female,28,NA,NA,NA,NA,NA,NA,white,89362.67933912
2001,female,29,NA,NA,NA,NA,NA,NA,white,96708.630701907
2001,female,30,NA,NA,NA,NA,NA,NA,white,108726.948804409
2001,female,31,NA,NA,NA,NA,NA,NA,white,115392.674178455
2001,female,32,NA,NA,NA,NA,NA,NA,white,110217.727465938
2001,female,33,NA,NA,NA,NA,NA,NA,white,107405.140590969
2001,female,34,NA,NA,NA,NA,NA,NA,white,107351.395056638
2001,female,35,NA,NA,NA,NA,NA,NA,white,112113.857113396
2001,female,36,NA,NA,NA,NA,NA,NA,white,122645.29548543
2001,female,37,NA,NA,NA,NA,NA,NA,white,127990.332471614
2001,female,38,NA,NA,NA,NA,NA,NA,white,130261.726439381
2001,female,39,NA,NA,NA,NA,NA,NA,white,133707.004489935
2001,female,40,NA,NA,NA,NA,NA,NA,white,136620.269098187
2001,female,41,NA,NA,NA,NA,NA,NA,white,139359.619934049
2001,female,42,NA,NA,NA,NA,NA,NA,white,135112.940702336
2001,female,43,NA,NA,NA,NA,NA,NA,white,136497.435308492
2001,female,44,NA,NA,NA,NA,NA,NA,white,135902.182962825
2001,female,45,NA,NA,NA,NA,NA,NA,white,133960.778788211
2001,female,46,NA,NA,NA,NA,NA,NA,white,134961.912296499
2001,female,47,NA,NA,NA,NA,NA,NA,white,131716.83268189
2001,female,48,NA,NA,NA,NA,NA,NA,white,129465.587297254
2001,female,49,NA,NA,NA,NA,NA,NA,white,126193.928131181
2001,female,50,NA,NA,NA,NA,NA,NA,white,123357.356693675
2001,female,51,NA,NA,NA,NA,NA,NA,white,124742.625918751
2001,female,52,NA,NA,NA,NA,NA,NA,white,122459.728796864
2001,female,53,NA,NA,NA,NA,NA,NA,white,125079.177110762
2001,female,54,NA,NA,NA,NA,NA,NA,white,124094.376272408
2001,female,55,NA,NA,NA,NA,NA,NA,white,103912.237465873
2001,female,56,NA,NA,NA,NA,NA,NA,white,98237.884382107
2001,female,57,NA,NA,NA,NA,NA,NA,white,96788.98210816
2001,female,58,NA,NA,NA,NA,NA,NA,white,96114.228520364
2001,female,59,NA,NA,NA,NA,NA,NA,white,86543.590368959
2001,female,60,NA,NA,NA,NA,NA,NA,white,79248.834549474
2001,female,61,NA,NA,NA,NA,NA,NA,white,76807.692366954
2001,female,62,NA,NA,NA,NA,NA,NA,white,74039.326151636
2001,female,63,NA,NA,NA,NA,NA,NA,white,71604.783934896
2001,female,64,NA,NA,NA,NA,NA,NA,white,68334.18954138
2001,female,65,NA,NA,NA,NA,NA,NA,white,66635.117890336
2001,female,66,NA,NA,NA,NA,NA,NA,white,66479.26345545
2001,female,67,NA,NA,NA,NA,NA,NA,white,63502.731513542
2001,female,68,NA,NA,NA,NA,NA,NA,white,63050.529268468
2001,female,69,NA,NA,NA,NA,NA,NA,white,63231.203644596
2001,female,70,NA,NA,NA,NA,NA,NA,white,64664.74750064
2001,female,71,NA,NA,NA,NA,NA,NA,white,65620.477723405
2001,female,72,NA,NA,NA,NA,NA,NA,white,64171.637204327
2001,female,73,NA,NA,NA,NA,NA,NA,white,65092.439501933
2001,female,74,NA,NA,NA,NA,NA,NA,white,65793.227683162
2001,female,75,NA,NA,NA,NA,NA,NA,white,66818.342548244
2001,female,76,NA,NA,NA,NA,NA,NA,white,67599.970219563
2001,female,77,NA,NA,NA,NA,NA,NA,white,65814.327777966
2001,female,78,NA,NA,NA,NA,NA,NA,white,63321.324897499
2001,female,79,NA,NA,NA,NA,NA,NA,white,62146.420753257
2001,female,80,NA,NA,NA,NA,NA,NA,white,58343.732415892
2001,female,81,NA,NA,NA,NA,NA,NA,white,53067.444690021
2001,female,82,NA,NA,NA,NA,NA,NA,white,47959.443275317
2001,female,83,NA,NA,NA,NA,NA,NA,white,43579.314086462
2001,female,84,NA,NA,NA,NA,NA,NA,white,39648.98456767
2001,female,85,NA,NA,NA,NA,NA,NA,white,36466.685308159
2001,female,86,NA,NA,NA,NA,NA,NA,white,33690.475863868
2001,female,87,NA,NA,NA,NA,NA,NA,white,30094.871676145
2001,female,88,NA,NA,NA,NA,NA,NA,white,26102.779535468
2001,female,89,NA,NA,NA,NA,NA,NA,white,22087.056637635
2001,female,90,NA,NA,NA,NA,NA,NA,white,18549.732661781
2001,female,91,NA,NA,NA,NA,NA,NA,white,15377.584138294
2001,female,92,NA,NA,NA,NA,NA,NA,white,12469.244629429
2001,female,93,NA,NA,NA,NA,NA,NA,white,10244.810172279
2001,female,94,NA,NA,NA,NA,NA,NA,white,7881.920341773
2001,female,95,NA,NA,NA,NA,NA,NA,white,5816.496180414
2001,female,96,NA,NA,NA,NA,NA,NA,white,4148.755573317
2001,female,97,NA,NA,NA,NA,NA,NA,white,2976.228648911
2001,female,98,NA,NA,NA,NA,NA,NA,white,2093.309233633
2001,female,99,NA,NA,NA,NA,NA,NA,white,1457.346189757
2001,female,100,NA,NA,NA,NA,NA,NA,white,800.813747579
2001,male,0,NA,NA,NA,NA,NA,NA,white,78853.226999457
2001,male,1,NA,NA,NA,NA,NA,NA,white,78536.431257961
2001,male,2,NA,NA,NA,NA,NA,NA,white,79197.247657299
2001,male,3,NA,NA,NA,NA,NA,NA,white,79635.165086151
2001,male,4,NA,NA,NA,NA,NA,NA,white,81764.88407299
2001,male,5,NA,NA,NA,NA,NA,NA,white,85769.939176211
2001,male,6,NA,NA,NA,NA,NA,NA,white,88343.774583918
2001,male,7,NA,NA,NA,NA,NA,NA,white,90651.024119652
2001,male,8,NA,NA,NA,NA,NA,NA,white,93329.788330034
2001,male,9,NA,NA,NA,NA,NA,NA,white,97234.637301327
2001,male,10,NA,NA,NA,NA,NA,NA,white,101330.463784564
2001,male,11,NA,NA,NA,NA,NA,NA,white,102366.32964662
2001,male,12,NA,NA,NA,NA,NA,NA,white,99791.149460882
2001,male,13,NA,NA,NA,NA,NA,NA,white,98822.776029451
2001,male,14,NA,NA,NA,NA,NA,NA,white,98153.329194398
2001,male,15,NA,NA,NA,NA,NA,NA,white,97898.658943911
2001,male,16,NA,NA,NA,NA,NA,NA,white,97170.500392523
2001,male,17,NA,NA,NA,NA,NA,NA,white,93529.697488604
2001,male,18,NA,NA,NA,NA,NA,NA,white,95191.800608676
2001,male,19,NA,NA,NA,NA,NA,NA,white,91033.353798718
2001,male,20,NA,NA,NA,NA,NA,NA,white,94942.157294115
2001,male,21,NA,NA,NA,NA,NA,NA,white,93631.492377136
2001,male,22,NA,NA,NA,NA,NA,NA,white,91024.579442384
2001,male,23,NA,NA,NA,NA,NA,NA,white,88738.078113947
2001,male,24,NA,NA,NA,NA,NA,NA,white,86623.77438462
2001,male,25,NA,NA,NA,NA,NA,NA,white,86428.802429716
2001,male,26,NA,NA,NA,NA,NA,NA,white,91531.088864403
2001,male,27,NA,NA,NA,NA,NA,NA,white,91169.731011374
2001,male,28,NA,NA,NA,NA,NA,NA,white,94269.728734441
2001,male,29,NA,NA,NA,NA,NA,NA,white,101837.268011214
2001,male,30,NA,NA,NA,NA,NA,NA,white,113616.770988821
2001,male,31,NA,NA,NA,NA,NA,NA,white,120899.491033683
2001,male,32,NA,NA,NA,NA,NA,NA,white,115177.252209143
2001,male,33,NA,NA,NA,NA,NA,NA,white,112909.670780642
2001,male,34,NA,NA,NA,NA,NA,NA,white,113008.819967224
2001,male,35,NA,NA,NA,NA,NA,NA,white,118301.695932738
2001,male,36,NA,NA,NA,NA,NA,NA,white,129040.995021173
2001,male,37,NA,NA,NA,NA,NA,NA,white,133476.57820381
2001,male,38,NA,NA,NA,NA,NA,NA,white,135727.093712033
2001,male,39,NA,NA,NA,NA,NA,NA,white,139342.08882508
2001,male,40,NA,NA,NA,NA,NA,NA,white,141789.77301866
2001,male,41,NA,NA,NA,NA,NA,NA,white,146009.800131786
2001,male,42,NA,NA,NA,NA,NA,NA,white,140647.283658826
2001,male,43,NA,NA,NA,NA,NA,NA,white,141534.593654882
2001,male,44,NA,NA,NA,NA,NA,NA,white,139767.485639567
2001,male,45,NA,NA,NA,NA,NA,NA,white,137205.196058698
2001,male,46,NA,NA,NA,NA,NA,NA,white,137806.934686804
2001,male,47,NA,NA,NA,NA,NA,NA,white,132900.897709216
2001,male,48,NA,NA,NA,NA,NA,NA,white,129857.914678498
2001,male,49,NA,NA,NA,NA,NA,NA,white,126167.16539462
2001,male,50,NA,NA,NA,NA,NA,NA,white,122976.569595976
2001,male,51,NA,NA,NA,NA,NA,NA,white,125246.713783027
2001,male,52,NA,NA,NA,NA,NA,NA,white,121621.323561985
2001,male,53,NA,NA,NA,NA,NA,NA,white,124259.618727331
2001,male,54,NA,NA,NA,NA,NA,NA,white,123617.77858263
2001,male,55,NA,NA,NA,NA,NA,NA,white,102728.822502437
2001,male,56,NA,NA,NA,NA,NA,NA,white,96690.212514132
2001,male,57,NA,NA,NA,NA,NA,NA,white,95030.889658751
2001,male,58,NA,NA,NA,NA,NA,NA,white,93361.356424155
2001,male,59,NA,NA,NA,NA,NA,NA,white,83466.50381554
2001,male,60,NA,NA,NA,NA,NA,NA,white,76143.518195517
2001,male,61,NA,NA,NA,NA,NA,NA,white,73587.623888517
2001,male,62,NA,NA,NA,NA,NA,NA,white,70339.373391037
2001,male,63,NA,NA,NA,NA,NA,NA,white,67610.388451732
2001,male,64,NA,NA,NA,NA,NA,NA,white,63048.703017951
2001,male,65,NA,NA,NA,NA,NA,NA,white,60920.727366699
2001,male,66,NA,NA,NA,NA,NA,NA,white,60394.629385858
2001,male,67,NA,NA,NA,NA,NA,NA,white,57186.320972599
2001,male,68,NA,NA,NA,NA,NA,NA,white,56276.066371818
2001,male,69,NA,NA,NA,NA,NA,NA,white,56583.530134359
2001,male,70,NA,NA,NA,NA,NA,NA,white,57055.952413611
2001,male,71,NA,NA,NA,NA,NA,NA,white,56501.979318182
2001,male,72,NA,NA,NA,NA,NA,NA,white,53404.95566054
2001,male,73,NA,NA,NA,NA,NA,NA,white,52252.600894445
2001,male,74,NA,NA,NA,NA,NA,NA,white,50482.717258851
2001,male,75,NA,NA,NA,NA,NA,NA,white,49438.779561684
2001,male,76,NA,NA,NA,NA,NA,NA,white,48996.481404329
2001,male,77,NA,NA,NA,NA,NA,NA,white,47174.654267705
2001,male,78,NA,NA,NA,NA,NA,NA,white,44723.391838551
2001,male,79,NA,NA,NA,NA,NA,NA,white,43819.43900248
2001,male,80,NA,NA,NA,NA,NA,NA,white,40660.111455424
2001,male,81,NA,NA,NA,NA,NA,NA,white,35667.594015858
2001,male,82,NA,NA,NA,NA,NA,NA,white,31153.031401659
2001,male,83,NA,NA,NA,NA,NA,NA,white,27925.450109778
2001,male,84,NA,NA,NA,NA,NA,NA,white,24255.952505133
2001,male,85,NA,NA,NA,NA,NA,NA,white,21317.647442479
2001,male,86,NA,NA,NA,NA,NA,NA,white,18735.965408586
2001,male,87,NA,NA,NA,NA,NA,NA,white,15647.131011883
2001,male,88,NA,NA,NA,NA,NA,NA,white,12677.542160711
2001,male,89,NA,NA,NA,NA,NA,NA,white,9915.110668422
2001,male,90,NA,NA,NA,NA,NA,NA,white,7501.919059454
2001,male,91,NA,NA,NA,NA,NA,NA,white,5702.006394779
2001,male,92,NA,NA,NA,NA,NA,NA,white,4249.397478828
2001,male,93,NA,NA,NA,NA,NA,NA,white,3103.462075009
2001,male,94,NA,NA,NA,NA,NA,NA,white,2186.05203685
2001,male,95,NA,NA,NA,NA,NA,NA,white,1458.624681085
2001,male,96,NA,NA,NA,NA,NA,NA,white,946.947676883
2001,male,97,NA,NA,NA,NA,NA,NA,white,577.403514951
2001,male,98,NA,NA,NA,NA,NA,NA,white,342.751617037
2001,male,99,NA,NA,NA,NA,NA,NA,white,227.590723546
2001,male,100,NA,NA,NA,NA,NA,NA,white,193.034437783
2002,female,0,NA,NA,NA,NA,NA,NA,black,13696.776011128
2002,female,1,NA,NA,NA,NA,NA,NA,black,14488.299887477
2002,female,2,NA,NA,NA,NA,NA,NA,black,14899.479086238
2002,female,3,NA,NA,NA,NA,NA,NA,black,15539.336533348
2002,female,4,NA,NA,NA,NA,NA,NA,black,15913.59691216
2002,female,5,NA,NA,NA,NA,NA,NA,black,16608.065957826
2002,female,6,NA,NA,NA,NA,NA,NA,black,17466.122101593
2002,female,7,NA,NA,NA,NA,NA,NA,black,18353.909511302
2002,female,8,NA,NA,NA,NA,NA,NA,black,18951.159472932
2002,female,9,NA,NA,NA,NA,NA,NA,black,19342.453930971
2002,female,10,NA,NA,NA,NA,NA,NA,black,19855.699710311
2002,female,11,NA,NA,NA,NA,NA,NA,black,20235.699486677
2002,female,12,NA,NA,NA,NA,NA,NA,black,20360.026610331
2002,female,13,NA,NA,NA,NA,NA,NA,black,19559.537502534
2002,female,14,NA,NA,NA,NA,NA,NA,black,18815.239421412
2002,female,15,NA,NA,NA,NA,NA,NA,black,18111.718594996
2002,female,16,NA,NA,NA,NA,NA,NA,black,17840.107267868
2002,female,17,NA,NA,NA,NA,NA,NA,black,17146.817621371
2002,female,18,NA,NA,NA,NA,NA,NA,black,16542.10511974
2002,female,19,NA,NA,NA,NA,NA,NA,black,16225.031863633
2002,female,20,NA,NA,NA,NA,NA,NA,black,15789.123449388
2002,female,21,NA,NA,NA,NA,NA,NA,black,15622.066409735
2002,female,22,NA,NA,NA,NA,NA,NA,black,15439.428412236
2002,female,23,NA,NA,NA,NA,NA,NA,black,14900.80095354
2002,female,24,NA,NA,NA,NA,NA,NA,black,14338.679781576
2002,female,25,NA,NA,NA,NA,NA,NA,black,14217.357207238
2002,female,26,NA,NA,NA,NA,NA,NA,black,14411.860514463
2002,female,27,NA,NA,NA,NA,NA,NA,black,14481.606942557
2002,female,28,NA,NA,NA,NA,NA,NA,black,14295.700762993
2002,female,29,NA,NA,NA,NA,NA,NA,black,14781.826925946
2002,female,30,NA,NA,NA,NA,NA,NA,black,15823.409138023
2002,female,31,NA,NA,NA,NA,NA,NA,black,17435.736406288
2002,female,32,NA,NA,NA,NA,NA,NA,black,18075.509020788
2002,female,33,NA,NA,NA,NA,NA,NA,black,16961.572284877
2002,female,34,NA,NA,NA,NA,NA,NA,black,16793.514712742
2002,female,35,NA,NA,NA,NA,NA,NA,black,17305.183835881
2002,female,36,NA,NA,NA,NA,NA,NA,black,18283.031614199
2002,female,37,NA,NA,NA,NA,NA,NA,black,19528.470437902
2002,female,38,NA,NA,NA,NA,NA,NA,black,19266.646492824
2002,female,39,NA,NA,NA,NA,NA,NA,black,19161.183451683
2002,female,40,NA,NA,NA,NA,NA,NA,black,19542.100250475
2002,female,41,NA,NA,NA,NA,NA,NA,black,19709.11714769
2002,female,42,NA,NA,NA,NA,NA,NA,black,19990.776421661
2002,female,43,NA,NA,NA,NA,NA,NA,black,18678.411928643
2002,female,44,NA,NA,NA,NA,NA,NA,black,18208.286756648
2002,female,45,NA,NA,NA,NA,NA,NA,black,17692.681528155
2002,female,46,NA,NA,NA,NA,NA,NA,black,17036.368480101
2002,female,47,NA,NA,NA,NA,NA,NA,black,16760.362056501
2002,female,48,NA,NA,NA,NA,NA,NA,black,15533.763142452
2002,female,49,NA,NA,NA,NA,NA,NA,black,14998.784296891
2002,female,50,NA,NA,NA,NA,NA,NA,black,14478.563282314
2002,female,51,NA,NA,NA,NA,NA,NA,black,14356.712804989
2002,female,52,NA,NA,NA,NA,NA,NA,black,14413.695311804
2002,female,53,NA,NA,NA,NA,NA,NA,black,13540.571878405
2002,female,54,NA,NA,NA,NA,NA,NA,black,12719.622654895
2002,female,55,NA,NA,NA,NA,NA,NA,black,11741.615574144
2002,female,56,NA,NA,NA,NA,NA,NA,black,10387.248171742
2002,female,57,NA,NA,NA,NA,NA,NA,black,9982.325294393
2002,female,58,NA,NA,NA,NA,NA,NA,black,9751.210216433
2002,female,59,NA,NA,NA,NA,NA,NA,black,9417.963412198
2002,female,60,NA,NA,NA,NA,NA,NA,black,8804.031815662
2002,female,61,NA,NA,NA,NA,NA,NA,black,8425.426204863
2002,female,62,NA,NA,NA,NA,NA,NA,black,8446.692603795
2002,female,63,NA,NA,NA,NA,NA,NA,black,7906.388650023
2002,female,64,NA,NA,NA,NA,NA,NA,black,7527.183919891
2002,female,65,NA,NA,NA,NA,NA,NA,black,7151.975853197
2002,female,66,NA,NA,NA,NA,NA,NA,black,7009.749191506
2002,female,67,NA,NA,NA,NA,NA,NA,black,6942.945441594
2002,female,68,NA,NA,NA,NA,NA,NA,black,6407.008015013
2002,female,69,NA,NA,NA,NA,NA,NA,black,6081.096063316
2002,female,70,NA,NA,NA,NA,NA,NA,black,5511.78681189
2002,female,71,NA,NA,NA,NA,NA,NA,black,5431.304165783
2002,female,72,NA,NA,NA,NA,NA,NA,black,5454.925464758
2002,female,73,NA,NA,NA,NA,NA,NA,black,4997.782761335
2002,female,74,NA,NA,NA,NA,NA,NA,black,4885.874417579
2002,female,75,NA,NA,NA,NA,NA,NA,black,4767.366625472
2002,female,76,NA,NA,NA,NA,NA,NA,black,4647.949763684
2002,female,77,NA,NA,NA,NA,NA,NA,black,4473.241730277
2002,female,78,NA,NA,NA,NA,NA,NA,black,4198.354571382
2002,female,79,NA,NA,NA,NA,NA,NA,black,3903.07235958
2002,female,80,NA,NA,NA,NA,NA,NA,black,3638.322044292
2002,female,81,NA,NA,NA,NA,NA,NA,black,3341.248971021
2002,female,82,NA,NA,NA,NA,NA,NA,black,3213.62021152
2002,female,83,NA,NA,NA,NA,NA,NA,black,2719.214281269
2002,female,84,NA,NA,NA,NA,NA,NA,black,2440.874749462
2002,female,85,NA,NA,NA,NA,NA,NA,black,2254.356739248
2002,female,86,NA,NA,NA,NA,NA,NA,black,1951.343650908
2002,female,87,NA,NA,NA,NA,NA,NA,black,1767.833490304
2002,female,88,NA,NA,NA,NA,NA,NA,black,1597.121033507
2002,female,89,NA,NA,NA,NA,NA,NA,black,1377.385866464
2002,female,90,NA,NA,NA,NA,NA,NA,black,1112.473416075
2002,female,91,NA,NA,NA,NA,NA,NA,black,951.316138987
2002,female,92,NA,NA,NA,NA,NA,NA,black,781.287406985
2002,female,93,NA,NA,NA,NA,NA,NA,black,634.954116537
2002,female,94,NA,NA,NA,NA,NA,NA,black,494.099168823
2002,female,95,NA,NA,NA,NA,NA,NA,black,391.262966469
2002,female,96,NA,NA,NA,NA,NA,NA,black,324.758275237
2002,female,97,NA,NA,NA,NA,NA,NA,black,249.036668665
2002,female,98,NA,NA,NA,NA,NA,NA,black,177.167048921
2002,female,99,NA,NA,NA,NA,NA,NA,black,117.749074751
2002,female,100,NA,NA,NA,NA,NA,NA,black,53.618001985
2002,male,0,NA,NA,NA,NA,NA,NA,black,14043.889036639
2002,male,1,NA,NA,NA,NA,NA,NA,black,14545.609557228
2002,male,2,NA,NA,NA,NA,NA,NA,black,15320.278078152
2002,male,3,NA,NA,NA,NA,NA,NA,black,16052.486580796
2002,male,4,NA,NA,NA,NA,NA,NA,black,16453.364786116
2002,male,5,NA,NA,NA,NA,NA,NA,black,17221.829362897
2002,male,6,NA,NA,NA,NA,NA,NA,black,18152.945308855
2002,male,7,NA,NA,NA,NA,NA,NA,black,19064.444096306
2002,male,8,NA,NA,NA,NA,NA,NA,black,19578.546182317
2002,male,9,NA,NA,NA,NA,NA,NA,black,20037.173346403
2002,male,10,NA,NA,NA,NA,NA,NA,black,20525.206423965
2002,male,11,NA,NA,NA,NA,NA,NA,black,21081.744474872
2002,male,12,NA,NA,NA,NA,NA,NA,black,21114.09359766
2002,male,13,NA,NA,NA,NA,NA,NA,black,20077.94752283
2002,male,14,NA,NA,NA,NA,NA,NA,black,19326.643248328
2002,male,15,NA,NA,NA,NA,NA,NA,black,18756.965810153
2002,male,16,NA,NA,NA,NA,NA,NA,black,18399.915672819
2002,male,17,NA,NA,NA,NA,NA,NA,black,17735.507939723
2002,male,18,NA,NA,NA,NA,NA,NA,black,17229.856009458
2002,male,19,NA,NA,NA,NA,NA,NA,black,17450.184701438
2002,male,20,NA,NA,NA,NA,NA,NA,black,17074.558223752
2002,male,21,NA,NA,NA,NA,NA,NA,black,17055.445257845
2002,male,22,NA,NA,NA,NA,NA,NA,black,17001.441188544
2002,male,23,NA,NA,NA,NA,NA,NA,black,16009.106880724
2002,male,24,NA,NA,NA,NA,NA,NA,black,14989.928857803
2002,male,25,NA,NA,NA,NA,NA,NA,black,14654.494637874
2002,male,26,NA,NA,NA,NA,NA,NA,black,14460.190853038
2002,male,27,NA,NA,NA,NA,NA,NA,black,14420.188528298
2002,male,28,NA,NA,NA,NA,NA,NA,black,14295.095034896
2002,male,29,NA,NA,NA,NA,NA,NA,black,14823.966225037
2002,male,30,NA,NA,NA,NA,NA,NA,black,15812.652568771
2002,male,31,NA,NA,NA,NA,NA,NA,black,17171.987882753
2002,male,32,NA,NA,NA,NA,NA,NA,black,17964.35434908
2002,male,33,NA,NA,NA,NA,NA,NA,black,16969.366079641
2002,male,34,NA,NA,NA,NA,NA,NA,black,16694.399892704
2002,male,35,NA,NA,NA,NA,NA,NA,black,17253.90481207
2002,male,36,NA,NA,NA,NA,NA,NA,black,18259.990441519
2002,male,37,NA,NA,NA,NA,NA,NA,black,19469.554990684
2002,male,38,NA,NA,NA,NA,NA,NA,black,19096.847921344
2002,male,39,NA,NA,NA,NA,NA,NA,black,19033.38463556
2002,male,40,NA,NA,NA,NA,NA,NA,black,19301.412659829
2002,male,41,NA,NA,NA,NA,NA,NA,black,19628.132616071
2002,male,42,NA,NA,NA,NA,NA,NA,black,19914.411891756
2002,male,43,NA,NA,NA,NA,NA,NA,black,18441.829298757
2002,male,44,NA,NA,NA,NA,NA,NA,black,17888.026163966
2002,male,45,NA,NA,NA,NA,NA,NA,black,17249.345604737
2002,male,46,NA,NA,NA,NA,NA,NA,black,16772.822452667
2002,male,47,NA,NA,NA,NA,NA,NA,black,16408.509020524
2002,male,48,NA,NA,NA,NA,NA,NA,black,15021.831034107
2002,male,49,NA,NA,NA,NA,NA,NA,black,13850.504356949
2002,male,50,NA,NA,NA,NA,NA,NA,black,13272.291749026
2002,male,51,NA,NA,NA,NA,NA,NA,black,13226.065770128
2002,male,52,NA,NA,NA,NA,NA,NA,black,13387.216295868
2002,male,53,NA,NA,NA,NA,NA,NA,black,12188.680715518
2002,male,54,NA,NA,NA,NA,NA,NA,black,11469.063109922
2002,male,55,NA,NA,NA,NA,NA,NA,black,10318.431918752
2002,male,56,NA,NA,NA,NA,NA,NA,black,9063.471588174
2002,male,57,NA,NA,NA,NA,NA,NA,black,8859.036114646
2002,male,58,NA,NA,NA,NA,NA,NA,black,8527.146421445
2002,male,59,NA,NA,NA,NA,NA,NA,black,8061.225180949
2002,male,60,NA,NA,NA,NA,NA,NA,black,7559.504368126
2002,male,61,NA,NA,NA,NA,NA,NA,black,7267.634676176
2002,male,62,NA,NA,NA,NA,NA,NA,black,7247.963334401
2002,male,63,NA,NA,NA,NA,NA,NA,black,6839.922788983
2002,male,64,NA,NA,NA,NA,NA,NA,black,6666.546030452
2002,male,65,NA,NA,NA,NA,NA,NA,black,6359.092538749
2002,male,66,NA,NA,NA,NA,NA,NA,black,6114.355098869
2002,male,67,NA,NA,NA,NA,NA,NA,black,5964.753803498
2002,male,68,NA,NA,NA,NA,NA,NA,black,5270.934673135
2002,male,69,NA,NA,NA,NA,NA,NA,black,4963.203259896
2002,male,70,NA,NA,NA,NA,NA,NA,black,4487.423797473
2002,male,71,NA,NA,NA,NA,NA,NA,black,4243.662436223
2002,male,72,NA,NA,NA,NA,NA,NA,black,4040.877564382
2002,male,73,NA,NA,NA,NA,NA,NA,black,3613.158674267
2002,male,74,NA,NA,NA,NA,NA,NA,black,3455.825609478
2002,male,75,NA,NA,NA,NA,NA,NA,black,3250.475576282
2002,male,76,NA,NA,NA,NA,NA,NA,black,3008.26113066
2002,male,77,NA,NA,NA,NA,NA,NA,black,2973.048418822
2002,male,78,NA,NA,NA,NA,NA,NA,black,2672.398325657
2002,male,79,NA,NA,NA,NA,NA,NA,black,2437.74698352
2002,male,80,NA,NA,NA,NA,NA,NA,black,2230.616542854
2002,male,81,NA,NA,NA,NA,NA,NA,black,1999.50655522
2002,male,82,NA,NA,NA,NA,NA,NA,black,1792.439862757
2002,male,83,NA,NA,NA,NA,NA,NA,black,1474.390414382
2002,male,84,NA,NA,NA,NA,NA,NA,black,1228.733541714
2002,male,85,NA,NA,NA,NA,NA,NA,black,1056.558469814
2002,male,86,NA,NA,NA,NA,NA,NA,black,870.308938065
2002,male,87,NA,NA,NA,NA,NA,NA,black,755.146873513
2002,male,88,NA,NA,NA,NA,NA,NA,black,622.491044481
2002,male,89,NA,NA,NA,NA,NA,NA,black,498.219401513
2002,male,90,NA,NA,NA,NA,NA,NA,black,393.249876184
2002,male,91,NA,NA,NA,NA,NA,NA,black,356.27366691
2002,male,92,NA,NA,NA,NA,NA,NA,black,261.553205496
2002,male,93,NA,NA,NA,NA,NA,NA,black,177.008823158
2002,male,94,NA,NA,NA,NA,NA,NA,black,142.773081468
2002,male,95,NA,NA,NA,NA,NA,NA,black,111.754193754
2002,male,96,NA,NA,NA,NA,NA,NA,black,80.466223523
2002,male,97,NA,NA,NA,NA,NA,NA,black,57.209377011
2002,male,98,NA,NA,NA,NA,NA,NA,black,46.3326007
2002,male,99,NA,NA,NA,NA,NA,NA,black,29.463454591
2002,male,100,NA,NA,NA,NA,NA,NA,black,25.082040678
2002,female,0,NA,NA,NA,NA,NA,NA,hispanic,129146.685765321
2002,female,1,NA,NA,NA,NA,NA,NA,hispanic,126635.280301513
2002,female,2,NA,NA,NA,NA,NA,NA,hispanic,118148.765279194
2002,female,3,NA,NA,NA,NA,NA,NA,hispanic,116990.763463938
2002,female,4,NA,NA,NA,NA,NA,NA,hispanic,117678.696363745
2002,female,5,NA,NA,NA,NA,NA,NA,hispanic,120005.847719426
2002,female,6,NA,NA,NA,NA,NA,NA,hispanic,122902.67571048
2002,female,7,NA,NA,NA,NA,NA,NA,hispanic,124295.688179684
2002,female,8,NA,NA,NA,NA,NA,NA,hispanic,124705.877212714
2002,female,9,NA,NA,NA,NA,NA,NA,hispanic,125709.003397742
2002,female,10,NA,NA,NA,NA,NA,NA,hispanic,125163.751109814
2002,female,11,NA,NA,NA,NA,NA,NA,hispanic,123030.822585155
2002,female,12,NA,NA,NA,NA,NA,NA,hispanic,117285.398653049
2002,female,13,NA,NA,NA,NA,NA,NA,hispanic,110086.473222901
2002,female,14,NA,NA,NA,NA,NA,NA,hispanic,106299.881087935
2002,female,15,NA,NA,NA,NA,NA,NA,hispanic,102686.023076036
2002,female,16,NA,NA,NA,NA,NA,NA,hispanic,100579.83836028
2002,female,17,NA,NA,NA,NA,NA,NA,hispanic,98829.003369795
2002,female,18,NA,NA,NA,NA,NA,NA,hispanic,98579.130197852
2002,female,19,NA,NA,NA,NA,NA,NA,hispanic,100427.860118667
2002,female,20,NA,NA,NA,NA,NA,NA,hispanic,101528.682151722
2002,female,21,NA,NA,NA,NA,NA,NA,hispanic,102157.99463006
2002,female,22,NA,NA,NA,NA,NA,NA,hispanic,100199.20204426
2002,female,23,NA,NA,NA,NA,NA,NA,hispanic,97850.957200151
2002,female,24,NA,NA,NA,NA,NA,NA,hispanic,98707.713663302
2002,female,25,NA,NA,NA,NA,NA,NA,hispanic,100574.030654689
2002,female,26,NA,NA,NA,NA,NA,NA,hispanic,102560.778626641
2002,female,27,NA,NA,NA,NA,NA,NA,hispanic,103317.586326948
2002,female,28,NA,NA,NA,NA,NA,NA,hispanic,101920.830090152
2002,female,29,NA,NA,NA,NA,NA,NA,hispanic,102683.004604362
2002,female,30,NA,NA,NA,NA,NA,NA,hispanic,102321.775824565
2002,female,31,NA,NA,NA,NA,NA,NA,hispanic,103162.296467124
2002,female,32,NA,NA,NA,NA,NA,NA,hispanic,102640.071561779
2002,female,33,NA,NA,NA,NA,NA,NA,hispanic,97439.53942151
2002,female,34,NA,NA,NA,NA,NA,NA,hispanic,95002.413968308
2002,female,35,NA,NA,NA,NA,NA,NA,hispanic,92320.933318719
2002,female,36,NA,NA,NA,NA,NA,NA,hispanic,91332.067287603
2002,female,37,NA,NA,NA,NA,NA,NA,hispanic,91596.204961556
2002,female,38,NA,NA,NA,NA,NA,NA,hispanic,88896.130367477
2002,female,39,NA,NA,NA,NA,NA,NA,hispanic,85304.375362519
2002,female,40,NA,NA,NA,NA,NA,NA,hispanic,82188.133030827
2002,female,41,NA,NA,NA,NA,NA,NA,hispanic,80399.351826731
2002,female,42,NA,NA,NA,NA,NA,NA,hispanic,78350.473613032
2002,female,43,NA,NA,NA,NA,NA,NA,hispanic,73109.227503338
2002,female,44,NA,NA,NA,NA,NA,NA,hispanic,70617.66512466
2002,female,45,NA,NA,NA,NA,NA,NA,hispanic,67620.331141467
2002,female,46,NA,NA,NA,NA,NA,NA,hispanic,64893.288399823
2002,female,47,NA,NA,NA,NA,NA,NA,hispanic,62298.002156004
2002,female,48,NA,NA,NA,NA,NA,NA,hispanic,57730.796729818
2002,female,49,NA,NA,NA,NA,NA,NA,hispanic,53919.024447126
2002,female,50,NA,NA,NA,NA,NA,NA,hispanic,50786.618841083
2002,female,51,NA,NA,NA,NA,NA,NA,hispanic,48619.389792846
2002,female,52,NA,NA,NA,NA,NA,NA,hispanic,47087.381212424
2002,female,53,NA,NA,NA,NA,NA,NA,hispanic,43418.826245386
2002,female,54,NA,NA,NA,NA,NA,NA,hispanic,40935.935579596
2002,female,55,NA,NA,NA,NA,NA,NA,hispanic,37908.335268918
2002,female,56,NA,NA,NA,NA,NA,NA,hispanic,34945.854002298
2002,female,57,NA,NA,NA,NA,NA,NA,hispanic,32705.552754114
2002,female,58,NA,NA,NA,NA,NA,NA,hispanic,30793.387497335
2002,female,59,NA,NA,NA,NA,NA,NA,hispanic,28989.088817449
2002,female,60,NA,NA,NA,NA,NA,NA,hispanic,26687.019243618
2002,female,61,NA,NA,NA,NA,NA,NA,hispanic,25392.517467555
2002,female,62,NA,NA,NA,NA,NA,NA,hispanic,24693.288598589
2002,female,63,NA,NA,NA,NA,NA,NA,hispanic,23107.780726598
2002,female,64,NA,NA,NA,NA,NA,NA,hispanic,22082.075472525
2002,female,65,NA,NA,NA,NA,NA,NA,hispanic,21140.71888387
2002,female,66,NA,NA,NA,NA,NA,NA,hispanic,20751.066558598
2002,female,67,NA,NA,NA,NA,NA,NA,hispanic,20133.383237328
2002,female,68,NA,NA,NA,NA,NA,NA,hispanic,18473.010733444
2002,female,69,NA,NA,NA,NA,NA,NA,hispanic,17798.566952449
2002,female,70,NA,NA,NA,NA,NA,NA,hispanic,17278.142244645
2002,female,71,NA,NA,NA,NA,NA,NA,hispanic,17368.776187477
2002,female,72,NA,NA,NA,NA,NA,NA,hispanic,17104.211674315
2002,female,73,NA,NA,NA,NA,NA,NA,hispanic,15690.623936424
2002,female,74,NA,NA,NA,NA,NA,NA,hispanic,14816.218270678
2002,female,75,NA,NA,NA,NA,NA,NA,hispanic,13852.491453115
2002,female,76,NA,NA,NA,NA,NA,NA,hispanic,13114.234087834
2002,female,77,NA,NA,NA,NA,NA,NA,hispanic,12168.289725776
2002,female,78,NA,NA,NA,NA,NA,NA,hispanic,10982.739540444
2002,female,79,NA,NA,NA,NA,NA,NA,hispanic,9862.40628511
2002,female,80,NA,NA,NA,NA,NA,NA,hispanic,9008.369215411
2002,female,81,NA,NA,NA,NA,NA,NA,hispanic,8185.726474229
2002,female,82,NA,NA,NA,NA,NA,NA,hispanic,7210.637108621
2002,female,83,NA,NA,NA,NA,NA,NA,hispanic,6006.161186783
2002,female,84,NA,NA,NA,NA,NA,NA,hispanic,5291.616671288
2002,female,85,NA,NA,NA,NA,NA,NA,hispanic,4435.820252083
2002,female,86,NA,NA,NA,NA,NA,NA,hispanic,3899.754233145
2002,female,87,NA,NA,NA,NA,NA,NA,hispanic,3562.904397926
2002,female,88,NA,NA,NA,NA,NA,NA,hispanic,3192.477474725
2002,female,89,NA,NA,NA,NA,NA,NA,hispanic,2730.169214633
2002,female,90,NA,NA,NA,NA,NA,NA,hispanic,2225.955747877
2002,female,91,NA,NA,NA,NA,NA,NA,hispanic,1897.211775451
2002,female,92,NA,NA,NA,NA,NA,NA,hispanic,1469.078136984
2002,female,93,NA,NA,NA,NA,NA,NA,hispanic,1119.22601575
2002,female,94,NA,NA,NA,NA,NA,NA,hispanic,874.300315839
2002,female,95,NA,NA,NA,NA,NA,NA,hispanic,678.193828991
2002,female,96,NA,NA,NA,NA,NA,NA,hispanic,494.159953329
2002,female,97,NA,NA,NA,NA,NA,NA,hispanic,355.775244531
2002,female,98,NA,NA,NA,NA,NA,NA,hispanic,244.92600174
2002,female,99,NA,NA,NA,NA,NA,NA,hispanic,168.194581524
2002,female,100,NA,NA,NA,NA,NA,NA,hispanic,135.490084425
2002,male,0,NA,NA,NA,NA,NA,NA,hispanic,133063.543406242
2002,male,1,NA,NA,NA,NA,NA,NA,hispanic,132359.063741809
2002,male,2,NA,NA,NA,NA,NA,NA,hispanic,123814.599665145
2002,male,3,NA,NA,NA,NA,NA,NA,hispanic,121719.621805918
2002,male,4,NA,NA,NA,NA,NA,NA,hispanic,122248.833827895
2002,male,5,NA,NA,NA,NA,NA,NA,hispanic,125106.640360353
2002,male,6,NA,NA,NA,NA,NA,NA,hispanic,128435.900780101
2002,male,7,NA,NA,NA,NA,NA,NA,hispanic,130002.559179575
2002,male,8,NA,NA,NA,NA,NA,NA,hispanic,130969.307712235
2002,male,9,NA,NA,NA,NA,NA,NA,hispanic,132052.604631957
2002,male,10,NA,NA,NA,NA,NA,NA,hispanic,131373.797687699
2002,male,11,NA,NA,NA,NA,NA,NA,hispanic,129785.678190148
2002,male,12,NA,NA,NA,NA,NA,NA,hispanic,123764.757810349
2002,male,13,NA,NA,NA,NA,NA,NA,hispanic,116386.683284531
2002,male,14,NA,NA,NA,NA,NA,NA,hispanic,112774.829434402
2002,male,15,NA,NA,NA,NA,NA,NA,hispanic,109171.228893497
2002,male,16,NA,NA,NA,NA,NA,NA,hispanic,107451.877877919
2002,male,17,NA,NA,NA,NA,NA,NA,hispanic,105543.260180351
2002,male,18,NA,NA,NA,NA,NA,NA,hispanic,106940.362771615
2002,male,19,NA,NA,NA,NA,NA,NA,hispanic,111404.51231605
2002,male,20,NA,NA,NA,NA,NA,NA,hispanic,114315.916068103
2002,male,21,NA,NA,NA,NA,NA,NA,hispanic,117613.862887194
2002,male,22,NA,NA,NA,NA,NA,NA,hispanic,116849.016563926
2002,male,23,NA,NA,NA,NA,NA,NA,hispanic,114052.330592412
2002,male,24,NA,NA,NA,NA,NA,NA,hispanic,114663.716419522
2002,male,25,NA,NA,NA,NA,NA,NA,hispanic,115067.791366057
2002,male,26,NA,NA,NA,NA,NA,NA,hispanic,116055.409326504
2002,male,27,NA,NA,NA,NA,NA,NA,hispanic,115405.268656145
2002,male,28,NA,NA,NA,NA,NA,NA,hispanic,111981.74751772
2002,male,29,NA,NA,NA,NA,NA,NA,hispanic,112575.311867647
2002,male,30,NA,NA,NA,NA,NA,NA,hispanic,111759.283098745
2002,male,31,NA,NA,NA,NA,NA,NA,hispanic,113707.223156775
2002,male,32,NA,NA,NA,NA,NA,NA,hispanic,114229.761037874
2002,male,33,NA,NA,NA,NA,NA,NA,hispanic,108112.039539213
2002,male,34,NA,NA,NA,NA,NA,NA,hispanic,104817.690843595
2002,male,35,NA,NA,NA,NA,NA,NA,hispanic,101531.006596412
2002,male,36,NA,NA,NA,NA,NA,NA,hispanic,100622.138782578
2002,male,37,NA,NA,NA,NA,NA,NA,hispanic,99433.320504023
2002,male,38,NA,NA,NA,NA,NA,NA,hispanic,94333.201785832
2002,male,39,NA,NA,NA,NA,NA,NA,hispanic,89223.655970429
2002,male,40,NA,NA,NA,NA,NA,NA,hispanic,86250.809802871
2002,male,41,NA,NA,NA,NA,NA,NA,hispanic,83426.0355351
2002,male,42,NA,NA,NA,NA,NA,NA,hispanic,81150.86419106
2002,male,43,NA,NA,NA,NA,NA,NA,hispanic,74143.956788245
2002,male,44,NA,NA,NA,NA,NA,NA,hispanic,71104.213644225
2002,male,45,NA,NA,NA,NA,NA,NA,hispanic,67114.335135248
2002,male,46,NA,NA,NA,NA,NA,NA,hispanic,63968.590809796
2002,male,47,NA,NA,NA,NA,NA,NA,hispanic,61600.271478484
2002,male,48,NA,NA,NA,NA,NA,NA,hispanic,55816.260069937
2002,male,49,NA,NA,NA,NA,NA,NA,hispanic,51651.494924715
2002,male,50,NA,NA,NA,NA,NA,NA,hispanic,48388.967586766
2002,male,51,NA,NA,NA,NA,NA,NA,hispanic,46278.463259078
2002,male,52,NA,NA,NA,NA,NA,NA,hispanic,44416.800499753
2002,male,53,NA,NA,NA,NA,NA,NA,hispanic,40239.948559059
2002,male,54,NA,NA,NA,NA,NA,NA,hispanic,37877.876618005
2002,male,55,NA,NA,NA,NA,NA,NA,hispanic,34781.719123038
2002,male,56,NA,NA,NA,NA,NA,NA,hispanic,31446.24567065
2002,male,57,NA,NA,NA,NA,NA,NA,hispanic,29044.828157947
2002,male,58,NA,NA,NA,NA,NA,NA,hispanic,27014.832084216
2002,male,59,NA,NA,NA,NA,NA,NA,hispanic,24853.221475279
2002,male,60,NA,NA,NA,NA,NA,NA,hispanic,23024.783299846
2002,male,61,NA,NA,NA,NA,NA,NA,hispanic,21793.133077822
2002,male,62,NA,NA,NA,NA,NA,NA,hispanic,20806.927519643
2002,male,63,NA,NA,NA,NA,NA,NA,hispanic,19542.902118796
2002,male,64,NA,NA,NA,NA,NA,NA,hispanic,18252.389083321
2002,male,65,NA,NA,NA,NA,NA,NA,hispanic,17311.934623139
2002,male,66,NA,NA,NA,NA,NA,NA,hispanic,16553.670418853
2002,male,67,NA,NA,NA,NA,NA,NA,hispanic,15950.199883004
2002,male,68,NA,NA,NA,NA,NA,NA,hispanic,14506.092973235
2002,male,69,NA,NA,NA,NA,NA,NA,hispanic,13758.633251791
2002,male,70,NA,NA,NA,NA,NA,NA,hispanic,13392.202566508
2002,male,71,NA,NA,NA,NA,NA,NA,hispanic,13228.987826477
2002,male,72,NA,NA,NA,NA,NA,NA,hispanic,12779.203931741
2002,male,73,NA,NA,NA,NA,NA,NA,hispanic,11485.970335943
2002,male,74,NA,NA,NA,NA,NA,NA,hispanic,10629.688638959
2002,male,75,NA,NA,NA,NA,NA,NA,hispanic,9868.831347288
2002,male,76,NA,NA,NA,NA,NA,NA,hispanic,9174.613411234
2002,male,77,NA,NA,NA,NA,NA,NA,hispanic,8472.495209204
2002,male,78,NA,NA,NA,NA,NA,NA,hispanic,8054.414151604
2002,male,79,NA,NA,NA,NA,NA,NA,hispanic,7257.778127546
2002,male,80,NA,NA,NA,NA,NA,NA,hispanic,6307.046445489
2002,male,81,NA,NA,NA,NA,NA,NA,hispanic,5314.632917084
2002,male,82,NA,NA,NA,NA,NA,NA,hispanic,4576.927454281
2002,male,83,NA,NA,NA,NA,NA,NA,hispanic,3644.858733416
2002,male,84,NA,NA,NA,NA,NA,NA,hispanic,3069.05501991
2002,male,85,NA,NA,NA,NA,NA,NA,hispanic,2445.179391596
2002,male,86,NA,NA,NA,NA,NA,NA,hispanic,2181.840907132
2002,male,87,NA,NA,NA,NA,NA,NA,hispanic,1858.237334473
2002,male,88,NA,NA,NA,NA,NA,NA,hispanic,1577.162015375
2002,male,89,NA,NA,NA,NA,NA,NA,hispanic,1346.333622204
2002,male,90,NA,NA,NA,NA,NA,NA,hispanic,1099.812576054
2002,male,91,NA,NA,NA,NA,NA,NA,hispanic,822.616743515
2002,male,92,NA,NA,NA,NA,NA,NA,hispanic,626.923261939
2002,male,93,NA,NA,NA,NA,NA,NA,hispanic,464.396963618
2002,male,94,NA,NA,NA,NA,NA,NA,hispanic,405.019909502
2002,male,95,NA,NA,NA,NA,NA,NA,hispanic,285.12906826
2002,male,96,NA,NA,NA,NA,NA,NA,hispanic,193.34600506
2002,male,97,NA,NA,NA,NA,NA,NA,hispanic,133.607989798
2002,male,98,NA,NA,NA,NA,NA,NA,hispanic,79.735224008
2002,male,99,NA,NA,NA,NA,NA,NA,hispanic,60.605437576999996
2002,male,100,NA,NA,NA,NA,NA,NA,hispanic,62.048576753
2002,female,0,NA,NA,NA,NA,NA,NA,white,72751.234444426
2002,female,1,NA,NA,NA,NA,NA,NA,white,74288.805602327
2002,female,2,NA,NA,NA,NA,NA,NA,white,74433.708975528
2002,female,3,NA,NA,NA,NA,NA,NA,white,74983.174584879
2002,female,4,NA,NA,NA,NA,NA,NA,white,75717.406816241
2002,female,5,NA,NA,NA,NA,NA,NA,white,77612.838197398
2002,female,6,NA,NA,NA,NA,NA,NA,white,81191.740337247
2002,female,7,NA,NA,NA,NA,NA,NA,white,83481.46578249
2002,female,8,NA,NA,NA,NA,NA,NA,white,85671.241750379
2002,female,9,NA,NA,NA,NA,NA,NA,white,88032.278835737
2002,female,10,NA,NA,NA,NA,NA,NA,white,91952.34761618
2002,female,11,NA,NA,NA,NA,NA,NA,white,94964.427526174
2002,female,12,NA,NA,NA,NA,NA,NA,white,95752.333104404
2002,female,13,NA,NA,NA,NA,NA,NA,white,93948.573984408
2002,female,14,NA,NA,NA,NA,NA,NA,white,92473.528807742
2002,female,15,NA,NA,NA,NA,NA,NA,white,91756.700828472
2002,female,16,NA,NA,NA,NA,NA,NA,white,91293.67491843
2002,female,17,NA,NA,NA,NA,NA,NA,white,90224.949756762
2002,female,18,NA,NA,NA,NA,NA,NA,white,89453.020099229
2002,female,19,NA,NA,NA,NA,NA,NA,white,89250.549149818
2002,female,20,NA,NA,NA,NA,NA,NA,white,87939.926565877
2002,female,21,NA,NA,NA,NA,NA,NA,white,89414.598245566
2002,female,22,NA,NA,NA,NA,NA,NA,white,87629.265337378
2002,female,23,NA,NA,NA,NA,NA,NA,white,82933.220316611
2002,female,24,NA,NA,NA,NA,NA,NA,white,81636.791356263
2002,female,25,NA,NA,NA,NA,NA,NA,white,82913.82738821
2002,female,26,NA,NA,NA,NA,NA,NA,white,84494.516605244
2002,female,27,NA,NA,NA,NA,NA,NA,white,86873.714847854
2002,female,28,NA,NA,NA,NA,NA,NA,white,85847.546462826
2002,female,29,NA,NA,NA,NA,NA,NA,white,90176.394430835
2002,female,30,NA,NA,NA,NA,NA,NA,white,98666.321907064
2002,female,31,NA,NA,NA,NA,NA,NA,white,108765.701006685
2002,female,32,NA,NA,NA,NA,NA,NA,white,114045.467325746
2002,female,33,NA,NA,NA,NA,NA,NA,white,108226.756551925
2002,female,34,NA,NA,NA,NA,NA,NA,white,105802.352794863
2002,female,35,NA,NA,NA,NA,NA,NA,white,107354.42583746
2002,female,36,NA,NA,NA,NA,NA,NA,white,111939.11804581
2002,female,37,NA,NA,NA,NA,NA,NA,white,123055.375715979
2002,female,38,NA,NA,NA,NA,NA,NA,white,127706.473688836
2002,female,39,NA,NA,NA,NA,NA,NA,white,130114.416804819
2002,female,40,NA,NA,NA,NA,NA,NA,white,133655.844197503
2002,female,41,NA,NA,NA,NA,NA,NA,white,136494.000646457
2002,female,42,NA,NA,NA,NA,NA,NA,white,138641.438401132
2002,female,43,NA,NA,NA,NA,NA,NA,white,135025.208252582
2002,female,44,NA,NA,NA,NA,NA,NA,white,136254.661875252
2002,female,45,NA,NA,NA,NA,NA,NA,white,135663.246022992
2002,female,46,NA,NA,NA,NA,NA,NA,white,133860.896889365
2002,female,47,NA,NA,NA,NA,NA,NA,white,134544.704535722
2002,female,48,NA,NA,NA,NA,NA,NA,white,131376.955295322
2002,female,49,NA,NA,NA,NA,NA,NA,white,128941.060726544
2002,female,50,NA,NA,NA,NA,NA,NA,white,125690.739177451
2002,female,51,NA,NA,NA,NA,NA,NA,white,123067.880052459
2002,female,52,NA,NA,NA,NA,NA,NA,white,124150.478602375
2002,female,53,NA,NA,NA,NA,NA,NA,white,122352.932648142
2002,female,54,NA,NA,NA,NA,NA,NA,white,124540.509789509
2002,female,55,NA,NA,NA,NA,NA,NA,white,121440.539283616
2002,female,56,NA,NA,NA,NA,NA,NA,white,102733.799772454
2002,female,57,NA,NA,NA,NA,NA,NA,white,97486.985973752
2002,female,58,NA,NA,NA,NA,NA,NA,white,95980.768835086
2002,female,59,NA,NA,NA,NA,NA,NA,white,94414.010492758
2002,female,60,NA,NA,NA,NA,NA,NA,white,85173.409333969
2002,female,61,NA,NA,NA,NA,NA,NA,white,78435.532413883
2002,female,62,NA,NA,NA,NA,NA,NA,white,75870.656447637
2002,female,63,NA,NA,NA,NA,NA,NA,white,73140.4943179
2002,female,64,NA,NA,NA,NA,NA,NA,white,70560.749092679
2002,female,65,NA,NA,NA,NA,NA,NA,white,67635.869395933
2002,female,66,NA,NA,NA,NA,NA,NA,white,65886.421945148
2002,female,67,NA,NA,NA,NA,NA,NA,white,65593.655239304
2002,female,68,NA,NA,NA,NA,NA,NA,white,62699.244842422
2002,female,69,NA,NA,NA,NA,NA,NA,white,62362.954032867
2002,female,70,NA,NA,NA,NA,NA,NA,white,62537.536393197
2002,female,71,NA,NA,NA,NA,NA,NA,white,63813.831257717
2002,female,72,NA,NA,NA,NA,NA,NA,white,64366.927877852
2002,female,73,NA,NA,NA,NA,NA,NA,white,63085.44270539
2002,female,74,NA,NA,NA,NA,NA,NA,white,63774.159927859
2002,female,75,NA,NA,NA,NA,NA,NA,white,64341.70032073
2002,female,76,NA,NA,NA,NA,NA,NA,white,65132.282133261
2002,female,77,NA,NA,NA,NA,NA,NA,white,65521.205442415
2002,female,78,NA,NA,NA,NA,NA,NA,white,63575.591147462
2002,female,79,NA,NA,NA,NA,NA,NA,white,60920.619860258
2002,female,80,NA,NA,NA,NA,NA,NA,white,59299.345427393
2002,female,81,NA,NA,NA,NA,NA,NA,white,55294.139605175
2002,female,82,NA,NA,NA,NA,NA,NA,white,49914.795331997
2002,female,83,NA,NA,NA,NA,NA,NA,white,44878.375127234
2002,female,84,NA,NA,NA,NA,NA,NA,white,40413.293799582
2002,female,85,NA,NA,NA,NA,NA,NA,white,36482.861992286
2002,female,86,NA,NA,NA,NA,NA,NA,white,33332.820758187
2002,female,87,NA,NA,NA,NA,NA,NA,white,30331.6843095
2002,female,88,NA,NA,NA,NA,NA,NA,white,26799.978602778
2002,female,89,NA,NA,NA,NA,NA,NA,white,22941.020956613
2002,female,90,NA,NA,NA,NA,NA,NA,white,19148.23160822
2002,female,91,NA,NA,NA,NA,NA,NA,white,15895.973513579
2002,female,92,NA,NA,NA,NA,NA,NA,white,13091.964074933
2002,female,93,NA,NA,NA,NA,NA,NA,white,10378.638968188
2002,female,94,NA,NA,NA,NA,NA,NA,white,8334.458513365
2002,female,95,NA,NA,NA,NA,NA,NA,white,6260.272295241
2002,female,96,NA,NA,NA,NA,NA,NA,white,4575.933456061
2002,female,97,NA,NA,NA,NA,NA,NA,white,3103.819086747
2002,female,98,NA,NA,NA,NA,NA,NA,white,2275.422260626
2002,female,99,NA,NA,NA,NA,NA,NA,white,1660.889197232
2002,female,100,NA,NA,NA,NA,NA,NA,white,1154.717439549
2002,male,0,NA,NA,NA,NA,NA,NA,white,77412.526742762
2002,male,1,NA,NA,NA,NA,NA,NA,white,78587.815547306
2002,male,2,NA,NA,NA,NA,NA,NA,white,78365.598288771
2002,male,3,NA,NA,NA,NA,NA,NA,white,79129.907420114
2002,male,4,NA,NA,NA,NA,NA,NA,white,79807.197700896
2002,male,5,NA,NA,NA,NA,NA,NA,white,81980.559215656
2002,male,6,NA,NA,NA,NA,NA,NA,white,85909.480665322
2002,male,7,NA,NA,NA,NA,NA,NA,white,88494.03868719
2002,male,8,NA,NA,NA,NA,NA,NA,white,90984.043309481
2002,male,9,NA,NA,NA,NA,NA,NA,white,93782.597378246
2002,male,10,NA,NA,NA,NA,NA,NA,white,97549.837842705
2002,male,11,NA,NA,NA,NA,NA,NA,white,101168.231364462
2002,male,12,NA,NA,NA,NA,NA,NA,white,101627.662419884
2002,male,13,NA,NA,NA,NA,NA,NA,white,99323.814818089
2002,male,14,NA,NA,NA,NA,NA,NA,white,98303.612314618
2002,male,15,NA,NA,NA,NA,NA,NA,white,97933.45867769
2002,male,16,NA,NA,NA,NA,NA,NA,white,96281.047415531
2002,male,17,NA,NA,NA,NA,NA,NA,white,95240.973812757
2002,male,18,NA,NA,NA,NA,NA,NA,white,94546.540840706
2002,male,19,NA,NA,NA,NA,NA,NA,white,95435.342966816
2002,male,20,NA,NA,NA,NA,NA,NA,white,96718.640868843
2002,male,21,NA,NA,NA,NA,NA,NA,white,97552.868953039
2002,male,22,NA,NA,NA,NA,NA,NA,white,96043.967943025
2002,male,23,NA,NA,NA,NA,NA,NA,white,91277.394410757
2002,male,24,NA,NA,NA,NA,NA,NA,white,86793.224272276
2002,male,25,NA,NA,NA,NA,NA,NA,white,86483.498969459
2002,male,26,NA,NA,NA,NA,NA,NA,white,89152.582558336
2002,male,27,NA,NA,NA,NA,NA,NA,white,91977.347505437
2002,male,28,NA,NA,NA,NA,NA,NA,white,91049.170450691
2002,male,29,NA,NA,NA,NA,NA,NA,white,95053.211787925
2002,male,30,NA,NA,NA,NA,NA,NA,white,103733.849159581
2002,male,31,NA,NA,NA,NA,NA,NA,white,113783.231577843
2002,male,32,NA,NA,NA,NA,NA,NA,white,119387.840614561
2002,male,33,NA,NA,NA,NA,NA,NA,white,113196.084910586
2002,male,34,NA,NA,NA,NA,NA,NA,white,111265.686458443
2002,male,35,NA,NA,NA,NA,NA,NA,white,112871.438653817
2002,male,36,NA,NA,NA,NA,NA,NA,white,117955.554107832
2002,male,37,NA,NA,NA,NA,NA,NA,white,129180.813502538
2002,male,38,NA,NA,NA,NA,NA,NA,white,132984.201161244
2002,male,39,NA,NA,NA,NA,NA,NA,white,135360.909487534
2002,male,40,NA,NA,NA,NA,NA,NA,white,139042.003203724
2002,male,41,NA,NA,NA,NA,NA,NA,white,141499.29200896
2002,male,42,NA,NA,NA,NA,NA,NA,white,145000.65182145
2002,male,43,NA,NA,NA,NA,NA,NA,white,140242.494412096
2002,male,44,NA,NA,NA,NA,NA,NA,white,140943.949941562
2002,male,45,NA,NA,NA,NA,NA,NA,white,139228.682815177
2002,male,46,NA,NA,NA,NA,NA,NA,white,136796.387024867
2002,male,47,NA,NA,NA,NA,NA,NA,white,137010.517777158
2002,male,48,NA,NA,NA,NA,NA,NA,white,132285.220219253
2002,male,49,NA,NA,NA,NA,NA,NA,white,129096.32212558
2002,male,50,NA,NA,NA,NA,NA,NA,white,125559.719551177
2002,male,51,NA,NA,NA,NA,NA,NA,white,122505.443303908
2002,male,52,NA,NA,NA,NA,NA,NA,white,124362.193320147
2002,male,53,NA,NA,NA,NA,NA,NA,white,121335.86607502
2002,male,54,NA,NA,NA,NA,NA,NA,white,123471.603923689
2002,male,55,NA,NA,NA,NA,NA,NA,white,120790.537588065
2002,male,56,NA,NA,NA,NA,NA,NA,white,101255.88482018
2002,male,57,NA,NA,NA,NA,NA,NA,white,95625.142902569
2002,male,58,NA,NA,NA,NA,NA,NA,white,93843.354093727
2002,male,59,NA,NA,NA,NA,NA,NA,white,91270.1301414
2002,male,60,NA,NA,NA,NA,NA,NA,white,81756.051808435
2002,male,61,NA,NA,NA,NA,NA,NA,white,74956.003897757
2002,male,62,NA,NA,NA,NA,NA,NA,white,72297.637521198
2002,male,63,NA,NA,NA,NA,NA,NA,white,69022.942580391
2002,male,64,NA,NA,NA,NA,NA,NA,white,66085.290320936
2002,male,65,NA,NA,NA,NA,NA,NA,white,61921.339167838
2002,male,66,NA,NA,NA,NA,NA,NA,white,59834.810510903
2002,male,67,NA,NA,NA,NA,NA,NA,white,59165.129956504
2002,male,68,NA,NA,NA,NA,NA,NA,white,56012.7729343
2002,male,69,NA,NA,NA,NA,NA,NA,white,55234.419876667
2002,male,70,NA,NA,NA,NA,NA,NA,white,55430.485755257
2002,male,71,NA,NA,NA,NA,NA,NA,white,55676.601154601
2002,male,72,NA,NA,NA,NA,NA,NA,white,54888.085162454
2002,male,73,NA,NA,NA,NA,NA,NA,white,51786.208559331
2002,male,74,NA,NA,NA,NA,NA,NA,white,50510.964269466
2002,male,75,NA,NA,NA,NA,NA,NA,white,48645.634415602
2002,male,76,NA,NA,NA,NA,NA,NA,white,47519.918471539
2002,male,77,NA,NA,NA,NA,NA,NA,white,46831.385821693
2002,male,78,NA,NA,NA,NA,NA,NA,white,44746.137920752
2002,male,79,NA,NA,NA,NA,NA,NA,white,42327.376216321
2002,male,80,NA,NA,NA,NA,NA,NA,white,41114.976735717
2002,male,81,NA,NA,NA,NA,NA,NA,white,37773.461236077
2002,male,82,NA,NA,NA,NA,NA,NA,white,32955.246944905
2002,male,83,NA,NA,NA,NA,NA,NA,white,28515.304499631002
2002,male,84,NA,NA,NA,NA,NA,NA,white,25302.524236624
2002,male,85,NA,NA,NA,NA,NA,NA,white,21784.198109148
2002,male,86,NA,NA,NA,NA,NA,NA,white,18896.642639901
2002,male,87,NA,NA,NA,NA,NA,NA,white,16360.099685914
2002,male,88,NA,NA,NA,NA,NA,NA,white,13502.755728504
2002,male,89,NA,NA,NA,NA,NA,NA,white,10662.917609802
2002,male,90,NA,NA,NA,NA,NA,NA,white,8252.88987403
2002,male,91,NA,NA,NA,NA,NA,NA,white,6186.816960474
2002,male,92,NA,NA,NA,NA,NA,NA,white,4566.313969904
2002,male,93,NA,NA,NA,NA,NA,NA,white,3385.94825908
2002,male,94,NA,NA,NA,NA,NA,NA,white,2390.957495203
2002,male,95,NA,NA,NA,NA,NA,NA,white,1637.763206551
2002,male,96,NA,NA,NA,NA,NA,NA,white,1046.035361851
2002,male,97,NA,NA,NA,NA,NA,NA,white,641.682953826
2002,male,98,NA,NA,NA,NA,NA,NA,white,390.356020624
2002,male,99,NA,NA,NA,NA,NA,NA,white,262.808556711
2002,male,100,NA,NA,NA,NA,NA,NA,white,274.450757491
2003,female,0,NA,NA,NA,NA,NA,NA,black,13358.856316175
2003,female,1,NA,NA,NA,NA,NA,NA,black,13807.18269707
2003,female,2,NA,NA,NA,NA,NA,NA,black,14563.029747077
2003,female,3,NA,NA,NA,NA,NA,NA,black,14949.272751385
2003,female,4,NA,NA,NA,NA,NA,NA,black,15545.194693434
2003,female,5,NA,NA,NA,NA,NA,NA,black,15931.711774413
2003,female,6,NA,NA,NA,NA,NA,NA,black,16611.876533917
2003,female,7,NA,NA,NA,NA,NA,NA,black,17478.564225041
2003,female,8,NA,NA,NA,NA,NA,NA,black,18389.063171819
2003,female,9,NA,NA,NA,NA,NA,NA,black,18918.935549208
2003,female,10,NA,NA,NA,NA,NA,NA,black,19297.677728409
2003,female,11,NA,NA,NA,NA,NA,NA,black,19736.892680312
2003,female,12,NA,NA,NA,NA,NA,NA,black,20074.614459159
2003,female,13,NA,NA,NA,NA,NA,NA,black,20076.85239578
2003,female,14,NA,NA,NA,NA,NA,NA,black,19277.177060047
2003,female,15,NA,NA,NA,NA,NA,NA,black,18506.193915105
2003,female,16,NA,NA,NA,NA,NA,NA,black,17885.060261337
2003,female,17,NA,NA,NA,NA,NA,NA,black,17718.180784309
2003,female,18,NA,NA,NA,NA,NA,NA,black,17033.762797084
2003,female,19,NA,NA,NA,NA,NA,NA,black,16456.052291097
2003,female,20,NA,NA,NA,NA,NA,NA,black,16228.878591007
2003,female,21,NA,NA,NA,NA,NA,NA,black,15777.938424505
2003,female,22,NA,NA,NA,NA,NA,NA,black,15644.75961455
2003,female,23,NA,NA,NA,NA,NA,NA,black,15283.501580471
2003,female,24,NA,NA,NA,NA,NA,NA,black,14865.806546582
2003,female,25,NA,NA,NA,NA,NA,NA,black,14346.983646172
2003,female,26,NA,NA,NA,NA,NA,NA,black,14229.923904211
2003,female,27,NA,NA,NA,NA,NA,NA,black,14496.516228404
2003,female,28,NA,NA,NA,NA,NA,NA,black,14528.310999593
2003,female,29,NA,NA,NA,NA,NA,NA,black,14375.416090157
2003,female,30,NA,NA,NA,NA,NA,NA,black,14846.081113548
2003,female,31,NA,NA,NA,NA,NA,NA,black,15848.508551691
2003,female,32,NA,NA,NA,NA,NA,NA,black,17444.199982112
2003,female,33,NA,NA,NA,NA,NA,NA,black,17850.663475712
2003,female,34,NA,NA,NA,NA,NA,NA,black,16853.407480353
2003,female,35,NA,NA,NA,NA,NA,NA,black,16769.699094314
2003,female,36,NA,NA,NA,NA,NA,NA,black,17274.377970488
2003,female,37,NA,NA,NA,NA,NA,NA,black,18307.372081316
2003,female,38,NA,NA,NA,NA,NA,NA,black,19365.113764259
2003,female,39,NA,NA,NA,NA,NA,NA,black,19132.070159042
2003,female,40,NA,NA,NA,NA,NA,NA,black,19102.674464143
2003,female,41,NA,NA,NA,NA,NA,NA,black,19430.521136561
2003,female,42,NA,NA,NA,NA,NA,NA,black,19701.99256449
2003,female,43,NA,NA,NA,NA,NA,NA,black,19779.380241301
2003,female,44,NA,NA,NA,NA,NA,NA,black,18562.947852555
2003,female,45,NA,NA,NA,NA,NA,NA,black,18120.48962359
2003,female,46,NA,NA,NA,NA,NA,NA,black,17558.994312663
2003,female,47,NA,NA,NA,NA,NA,NA,black,16994.684009358
2003,female,48,NA,NA,NA,NA,NA,NA,black,16589.676217949
2003,female,49,NA,NA,NA,NA,NA,NA,black,15455.635909786
2003,female,50,NA,NA,NA,NA,NA,NA,black,14909.532535457
2003,female,51,NA,NA,NA,NA,NA,NA,black,14389.108730546
2003,female,52,NA,NA,NA,NA,NA,NA,black,14309.624966713
2003,female,53,NA,NA,NA,NA,NA,NA,black,14247.897498783
2003,female,54,NA,NA,NA,NA,NA,NA,black,13384.200493171
2003,female,55,NA,NA,NA,NA,NA,NA,black,12579.799941483
2003,female,56,NA,NA,NA,NA,NA,NA,black,11475.159738969
2003,female,57,NA,NA,NA,NA,NA,NA,black,10266.746433213
2003,female,58,NA,NA,NA,NA,NA,NA,black,9835.451753358
2003,female,59,NA,NA,NA,NA,NA,NA,black,9642.794485879
2003,female,60,NA,NA,NA,NA,NA,NA,black,9278.944635476
2003,female,61,NA,NA,NA,NA,NA,NA,black,8677.86576248
2003,female,62,NA,NA,NA,NA,NA,NA,black,8332.608256251
2003,female,63,NA,NA,NA,NA,NA,NA,black,8308.158894128
2003,female,64,NA,NA,NA,NA,NA,NA,black,7773.840191613
2003,female,65,NA,NA,NA,NA,NA,NA,black,7389.734949497
2003,female,66,NA,NA,NA,NA,NA,NA,black,7019.739591858
2003,female,67,NA,NA,NA,NA,NA,NA,black,6903.473810994
2003,female,68,NA,NA,NA,NA,NA,NA,black,6752.972713341
2003,female,69,NA,NA,NA,NA,NA,NA,black,6269.660744201
2003,female,70,NA,NA,NA,NA,NA,NA,black,5897.366063083
2003,female,71,NA,NA,NA,NA,NA,NA,black,5380.503831542
2003,female,72,NA,NA,NA,NA,NA,NA,black,5307.245174435
2003,female,73,NA,NA,NA,NA,NA,NA,black,5272.707836119
2003,female,74,NA,NA,NA,NA,NA,NA,black,4845.945036047
2003,female,75,NA,NA,NA,NA,NA,NA,black,4715.040971359
2003,female,76,NA,NA,NA,NA,NA,NA,black,4589.798344702
2003,female,77,NA,NA,NA,NA,NA,NA,black,4438.206852493
2003,female,78,NA,NA,NA,NA,NA,NA,black,4260.139197721
2003,female,79,NA,NA,NA,NA,NA,NA,black,3983.242467033
2003,female,80,NA,NA,NA,NA,NA,NA,black,3679.032341558
2003,female,81,NA,NA,NA,NA,NA,NA,black,3423.114131263
2003,female,82,NA,NA,NA,NA,NA,NA,black,3150.560227368
2003,female,83,NA,NA,NA,NA,NA,NA,black,2967.617060098
2003,female,84,NA,NA,NA,NA,NA,NA,black,2519.440497052
2003,female,85,NA,NA,NA,NA,NA,NA,black,2262.330465762
2003,female,86,NA,NA,NA,NA,NA,NA,black,2039.623886587
2003,female,87,NA,NA,NA,NA,NA,NA,black,1759.085105791
2003,female,88,NA,NA,NA,NA,NA,NA,black,1584.106548458
2003,female,89,NA,NA,NA,NA,NA,NA,black,1401.864566378
2003,female,90,NA,NA,NA,NA,NA,NA,black,1216.383261445
2003,female,91,NA,NA,NA,NA,NA,NA,black,968.812999022
2003,female,92,NA,NA,NA,NA,NA,NA,black,827.842893431
2003,female,93,NA,NA,NA,NA,NA,NA,black,648.59370535
2003,female,94,NA,NA,NA,NA,NA,NA,black,534.358018365
2003,female,95,NA,NA,NA,NA,NA,NA,black,407.493170562
2003,female,96,NA,NA,NA,NA,NA,NA,black,310.617596348
2003,female,97,NA,NA,NA,NA,NA,NA,black,257.180024462
2003,female,98,NA,NA,NA,NA,NA,NA,black,202.905558122
2003,female,99,NA,NA,NA,NA,NA,NA,black,143.92168303
2003,female,100,NA,NA,NA,NA,NA,NA,black,66.3185292
2003,male,0,NA,NA,NA,NA,NA,NA,black,14007.987688893
2003,male,1,NA,NA,NA,NA,NA,NA,black,14136.479514391
2003,male,2,NA,NA,NA,NA,NA,NA,black,14694.285554729
2003,male,3,NA,NA,NA,NA,NA,NA,black,15414.319362926
2003,male,4,NA,NA,NA,NA,NA,NA,black,16087.365737835
2003,male,5,NA,NA,NA,NA,NA,NA,black,16464.941489336
2003,male,6,NA,NA,NA,NA,NA,NA,black,17233.813571783
2003,male,7,NA,NA,NA,NA,NA,NA,black,18201.414741453
2003,male,8,NA,NA,NA,NA,NA,NA,black,19082.910174808
2003,male,9,NA,NA,NA,NA,NA,NA,black,19590.362404893
2003,male,10,NA,NA,NA,NA,NA,NA,black,20030.803594714
2003,male,11,NA,NA,NA,NA,NA,NA,black,20456.830147797
2003,male,12,NA,NA,NA,NA,NA,NA,black,20882.233235532
2003,male,13,NA,NA,NA,NA,NA,NA,black,20724.467036074
2003,male,14,NA,NA,NA,NA,NA,NA,black,19755.785165125
2003,male,15,NA,NA,NA,NA,NA,NA,black,19065.249741209
2003,male,16,NA,NA,NA,NA,NA,NA,black,18374.404106328
2003,male,17,NA,NA,NA,NA,NA,NA,black,18027.859680028
2003,male,18,NA,NA,NA,NA,NA,NA,black,17695.45864165
2003,male,19,NA,NA,NA,NA,NA,NA,black,17386.794797474
2003,male,20,NA,NA,NA,NA,NA,NA,black,17757.042729162
2003,male,21,NA,NA,NA,NA,NA,NA,black,17252.947432018
2003,male,22,NA,NA,NA,NA,NA,NA,black,17305.800460422
2003,male,23,NA,NA,NA,NA,NA,NA,black,16583.318367709
2003,male,24,NA,NA,NA,NA,NA,NA,black,15604.141283929
2003,male,25,NA,NA,NA,NA,NA,NA,black,14990.470885821
2003,male,26,NA,NA,NA,NA,NA,NA,black,14637.696249631
2003,male,27,NA,NA,NA,NA,NA,NA,black,14541.921962042
2003,male,28,NA,NA,NA,NA,NA,NA,black,14493.124286856
2003,male,29,NA,NA,NA,NA,NA,NA,black,14397.264448772
2003,male,30,NA,NA,NA,NA,NA,NA,black,14921.910502748
2003,male,31,NA,NA,NA,NA,NA,NA,black,15810.38247378
2003,male,32,NA,NA,NA,NA,NA,NA,black,17189.828475942
2003,male,33,NA,NA,NA,NA,NA,NA,black,17790.028603899
2003,male,34,NA,NA,NA,NA,NA,NA,black,16960.431938356
2003,male,35,NA,NA,NA,NA,NA,NA,black,16654.150487356
2003,male,36,NA,NA,NA,NA,NA,NA,black,17228.275654119
2003,male,37,NA,NA,NA,NA,NA,NA,black,18278.450256705
2003,male,38,NA,NA,NA,NA,NA,NA,black,19349.074889746
2003,male,39,NA,NA,NA,NA,NA,NA,black,19007.586589101
2003,male,40,NA,NA,NA,NA,NA,NA,black,18989.596752712
2003,male,41,NA,NA,NA,NA,NA,NA,black,19215.73110813
2003,male,42,NA,NA,NA,NA,NA,NA,black,19601.72769468
2003,male,43,NA,NA,NA,NA,NA,NA,black,19683.622064181
2003,male,44,NA,NA,NA,NA,NA,NA,black,18384.693003946
2003,male,45,NA,NA,NA,NA,NA,NA,black,17815.500038599
2003,male,46,NA,NA,NA,NA,NA,NA,black,17171.937943873
2003,male,47,NA,NA,NA,NA,NA,NA,black,16710.068655246
2003,male,48,NA,NA,NA,NA,NA,NA,black,16259.891706511
2003,male,49,NA,NA,NA,NA,NA,NA,black,14913.981716223
2003,male,50,NA,NA,NA,NA,NA,NA,black,13761.443122113
2003,male,51,NA,NA,NA,NA,NA,NA,black,13222.093894483
2003,male,52,NA,NA,NA,NA,NA,NA,black,13202.567776761
2003,male,53,NA,NA,NA,NA,NA,NA,black,13203.837931141
2003,male,54,NA,NA,NA,NA,NA,NA,black,12035.092522198
2003,male,55,NA,NA,NA,NA,NA,NA,black,11311.177497185
2003,male,56,NA,NA,NA,NA,NA,NA,black,10073.906720775
2003,male,57,NA,NA,NA,NA,NA,NA,black,8943.412828971
2003,male,58,NA,NA,NA,NA,NA,NA,black,8696.437043221
2003,male,59,NA,NA,NA,NA,NA,NA,black,8379.462742072
2003,male,60,NA,NA,NA,NA,NA,NA,black,7888.757961937
2003,male,61,NA,NA,NA,NA,NA,NA,black,7386.701387952
2003,male,62,NA,NA,NA,NA,NA,NA,black,7111.118140854
2003,male,63,NA,NA,NA,NA,NA,NA,black,7074.376325009
2003,male,64,NA,NA,NA,NA,NA,NA,black,6674.122273925
2003,male,65,NA,NA,NA,NA,NA,NA,black,6511.825572154
2003,male,66,NA,NA,NA,NA,NA,NA,black,6182.153027373
2003,male,67,NA,NA,NA,NA,NA,NA,black,5954.100110819
2003,male,68,NA,NA,NA,NA,NA,NA,black,5723.716489537
2003,male,69,NA,NA,NA,NA,NA,NA,black,5085.49836344
2003,male,70,NA,NA,NA,NA,NA,NA,black,4759.447650449
2003,male,71,NA,NA,NA,NA,NA,NA,black,4309.136915576
2003,male,72,NA,NA,NA,NA,NA,NA,black,4072.452495357
2003,male,73,NA,NA,NA,NA,NA,NA,black,3835.304053108
2003,male,74,NA,NA,NA,NA,NA,NA,black,3416.128608408
2003,male,75,NA,NA,NA,NA,NA,NA,black,3260.017235609
2003,male,76,NA,NA,NA,NA,NA,NA,black,3078.686001012
2003,male,77,NA,NA,NA,NA,NA,NA,black,2812.465490531
2003,male,78,NA,NA,NA,NA,NA,NA,black,2780.176784906
2003,male,79,NA,NA,NA,NA,NA,NA,black,2468.911626974
2003,male,80,NA,NA,NA,NA,NA,NA,black,2239.847269663
2003,male,81,NA,NA,NA,NA,NA,NA,black,2033.308252091
2003,male,82,NA,NA,NA,NA,NA,NA,black,1812.473550295
2003,male,83,NA,NA,NA,NA,NA,NA,black,1617.285869243
2003,male,84,NA,NA,NA,NA,NA,NA,black,1317.430368697
2003,male,85,NA,NA,NA,NA,NA,NA,black,1096.095801349
2003,male,86,NA,NA,NA,NA,NA,NA,black,935.327008394
2003,male,87,NA,NA,NA,NA,NA,NA,black,748.109112217
2003,male,88,NA,NA,NA,NA,NA,NA,black,645.626799791
2003,male,89,NA,NA,NA,NA,NA,NA,black,535.053312812
2003,male,90,NA,NA,NA,NA,NA,NA,black,414.477859382
2003,male,91,NA,NA,NA,NA,NA,NA,black,333.304632938
2003,male,92,NA,NA,NA,NA,NA,NA,black,300.493489701
2003,male,93,NA,NA,NA,NA,NA,NA,black,217.411807994
2003,male,94,NA,NA,NA,NA,NA,NA,black,140.12604638
2003,male,95,NA,NA,NA,NA,NA,NA,black,104.879368112
2003,male,96,NA,NA,NA,NA,NA,NA,black,90.127831973
2003,male,97,NA,NA,NA,NA,NA,NA,black,63.48613234
2003,male,98,NA,NA,NA,NA,NA,NA,black,42.089814941
2003,male,99,NA,NA,NA,NA,NA,NA,black,32.205564235
2003,male,100,NA,NA,NA,NA,NA,NA,black,26.867074383
2003,female,0,NA,NA,NA,NA,NA,NA,hispanic,130582.504142039
2003,female,1,NA,NA,NA,NA,NA,NA,hispanic,128669.598014357
2003,female,2,NA,NA,NA,NA,NA,NA,hispanic,127142.579382875
2003,female,3,NA,NA,NA,NA,NA,NA,hispanic,119782.736215751
2003,female,4,NA,NA,NA,NA,NA,NA,hispanic,118965.757465897
2003,female,5,NA,NA,NA,NA,NA,NA,hispanic,119775.548945715
2003,female,6,NA,NA,NA,NA,NA,NA,hispanic,121980.839657354
2003,female,7,NA,NA,NA,NA,NA,NA,hispanic,124811.422904811
2003,female,8,NA,NA,NA,NA,NA,NA,hispanic,126346.595282816
2003,female,9,NA,NA,NA,NA,NA,NA,hispanic,126863.089653099
2003,female,10,NA,NA,NA,NA,NA,NA,hispanic,127669.836082132
2003,female,11,NA,NA,NA,NA,NA,NA,hispanic,126634.339708597
2003,female,12,NA,NA,NA,NA,NA,NA,hispanic,123833.862470123
2003,female,13,NA,NA,NA,NA,NA,NA,hispanic,117608.416211927
2003,female,14,NA,NA,NA,NA,NA,NA,hispanic,110692.09484662
2003,female,15,NA,NA,NA,NA,NA,NA,hispanic,106792.716080978
2003,female,16,NA,NA,NA,NA,NA,NA,hispanic,104086.693404334
2003,female,17,NA,NA,NA,NA,NA,NA,hispanic,103031.401029732
2003,female,18,NA,NA,NA,NA,NA,NA,hispanic,101709.049652884
2003,female,19,NA,NA,NA,NA,NA,NA,hispanic,101394.726985476
2003,female,20,NA,NA,NA,NA,NA,NA,hispanic,103380.837975869
2003,female,21,NA,NA,NA,NA,NA,NA,hispanic,103980.784899005
2003,female,22,NA,NA,NA,NA,NA,NA,hispanic,104063.140971491
2003,female,23,NA,NA,NA,NA,NA,NA,hispanic,101201.208365201
2003,female,24,NA,NA,NA,NA,NA,NA,hispanic,99702.304425416
2003,female,25,NA,NA,NA,NA,NA,NA,hispanic,100551.470562533
2003,female,26,NA,NA,NA,NA,NA,NA,hispanic,102083.157183956
2003,female,27,NA,NA,NA,NA,NA,NA,hispanic,103850.362329528
2003,female,28,NA,NA,NA,NA,NA,NA,hispanic,104343.531591208
2003,female,29,NA,NA,NA,NA,NA,NA,hispanic,102924.931633456
2003,female,30,NA,NA,NA,NA,NA,NA,hispanic,103393.330314969
2003,female,31,NA,NA,NA,NA,NA,NA,hispanic,102892.44531417
2003,female,32,NA,NA,NA,NA,NA,NA,hispanic,103713.632427281
2003,female,33,NA,NA,NA,NA,NA,NA,hispanic,102551.83724677
2003,female,34,NA,NA,NA,NA,NA,NA,hispanic,97806.717830249
2003,female,35,NA,NA,NA,NA,NA,NA,hispanic,95119.207200097
2003,female,36,NA,NA,NA,NA,NA,NA,hispanic,92517.251228156
2003,female,37,NA,NA,NA,NA,NA,NA,hispanic,91762.276933278
2003,female,38,NA,NA,NA,NA,NA,NA,hispanic,91655.118919231
2003,female,39,NA,NA,NA,NA,NA,NA,hispanic,88896.787173783
2003,female,40,NA,NA,NA,NA,NA,NA,hispanic,85292.430026933
2003,female,41,NA,NA,NA,NA,NA,NA,hispanic,82373.676112491
2003,female,42,NA,NA,NA,NA,NA,NA,hispanic,80647.329781616
2003,female,43,NA,NA,NA,NA,NA,NA,hispanic,78100.036221577
2003,female,44,NA,NA,NA,NA,NA,NA,hispanic,73266.728567127
2003,female,45,NA,NA,NA,NA,NA,NA,hispanic,70625.983915802
2003,female,46,NA,NA,NA,NA,NA,NA,hispanic,67738.481225216
2003,female,47,NA,NA,NA,NA,NA,NA,hispanic,65103.835063942
2003,female,48,NA,NA,NA,NA,NA,NA,hispanic,62228.733486351
2003,female,49,NA,NA,NA,NA,NA,NA,hispanic,57691.90949207
2003,female,50,NA,NA,NA,NA,NA,NA,hispanic,53836.099568319
2003,female,51,NA,NA,NA,NA,NA,NA,hispanic,50771.160855585
2003,female,52,NA,NA,NA,NA,NA,NA,hispanic,48631.288679201
2003,female,53,NA,NA,NA,NA,NA,NA,hispanic,46857.823119116
2003,female,54,NA,NA,NA,NA,NA,NA,hispanic,43431.486424135
2003,female,55,NA,NA,NA,NA,NA,NA,hispanic,40783.493429878
2003,female,56,NA,NA,NA,NA,NA,NA,hispanic,37665.089090707
2003,female,57,NA,NA,NA,NA,NA,NA,hispanic,34845.873927465
2003,female,58,NA,NA,NA,NA,NA,NA,hispanic,32589.12383362
2003,female,59,NA,NA,NA,NA,NA,NA,hispanic,30744.113387187
2003,female,60,NA,NA,NA,NA,NA,NA,hispanic,28857.264206661
2003,female,61,NA,NA,NA,NA,NA,NA,hispanic,26660.450716079
2003,female,62,NA,NA,NA,NA,NA,NA,hispanic,25403.396328567
2003,female,63,NA,NA,NA,NA,NA,NA,hispanic,24608.383439158
2003,female,64,NA,NA,NA,NA,NA,NA,hispanic,23006.430606828
2003,female,65,NA,NA,NA,NA,NA,NA,hispanic,22020.456259646
2003,female,66,NA,NA,NA,NA,NA,NA,hispanic,21100.996632272
2003,female,67,NA,NA,NA,NA,NA,NA,hispanic,20690.550184238
2003,female,68,NA,NA,NA,NA,NA,NA,hispanic,19907.121254118
2003,female,69,NA,NA,NA,NA,NA,NA,hispanic,18317.488676371
2003,female,70,NA,NA,NA,NA,NA,NA,hispanic,17624.550036102
2003,female,71,NA,NA,NA,NA,NA,NA,hispanic,17194.208593287
2003,female,72,NA,NA,NA,NA,NA,NA,hispanic,17217.507553767
2003,female,73,NA,NA,NA,NA,NA,NA,hispanic,16797.355975702
2003,female,74,NA,NA,NA,NA,NA,NA,hispanic,15363.118355606
2003,female,75,NA,NA,NA,NA,NA,NA,hispanic,14502.961228718
2003,female,76,NA,NA,NA,NA,NA,NA,hispanic,13536.431768885
2003,female,77,NA,NA,NA,NA,NA,NA,hispanic,12766.853504941
2003,female,78,NA,NA,NA,NA,NA,NA,hispanic,11747.193125492
2003,female,79,NA,NA,NA,NA,NA,NA,hispanic,10573.536274332
2003,female,80,NA,NA,NA,NA,NA,NA,hispanic,9456.295873665
2003,female,81,NA,NA,NA,NA,NA,NA,hispanic,8608.29420426
2003,female,82,NA,NA,NA,NA,NA,NA,hispanic,7770.517560942
2003,female,83,NA,NA,NA,NA,NA,NA,hispanic,6783.290260009
2003,female,84,NA,NA,NA,NA,NA,NA,hispanic,5620.424996099
2003,female,85,NA,NA,NA,NA,NA,NA,hispanic,4922.418110289
2003,female,86,NA,NA,NA,NA,NA,NA,hispanic,4092.363503989
2003,female,87,NA,NA,NA,NA,NA,NA,hispanic,3565.522389846
2003,female,88,NA,NA,NA,NA,NA,NA,hispanic,3244.700757858
2003,female,89,NA,NA,NA,NA,NA,NA,hispanic,2890.540396959
2003,female,90,NA,NA,NA,NA,NA,NA,hispanic,2418.455892456
2003,female,91,NA,NA,NA,NA,NA,NA,hispanic,1954.517161853
2003,female,92,NA,NA,NA,NA,NA,NA,hispanic,1651.800931689
2003,female,93,NA,NA,NA,NA,NA,NA,hispanic,1268.983917754
2003,female,94,NA,NA,NA,NA,NA,NA,hispanic,922.384256357
2003,female,95,NA,NA,NA,NA,NA,NA,hispanic,695.315569633
2003,female,96,NA,NA,NA,NA,NA,NA,hispanic,534.67613826
2003,female,97,NA,NA,NA,NA,NA,NA,hispanic,366.7416777
2003,female,98,NA,NA,NA,NA,NA,NA,hispanic,259.463791274
2003,female,99,NA,NA,NA,NA,NA,NA,hispanic,186.816047188
2003,female,100,NA,NA,NA,NA,NA,NA,hispanic,131.044938533
2003,male,0,NA,NA,NA,NA,NA,NA,hispanic,135377.301352279
2003,male,1,NA,NA,NA,NA,NA,NA,hispanic,132773.180375616
2003,male,2,NA,NA,NA,NA,NA,NA,hispanic,133001.133370026
2003,male,3,NA,NA,NA,NA,NA,NA,hispanic,125421.045955493
2003,male,4,NA,NA,NA,NA,NA,NA,hispanic,123673.924630339
2003,male,5,NA,NA,NA,NA,NA,NA,hispanic,124378.189278729
2003,male,6,NA,NA,NA,NA,NA,NA,hispanic,127145.324048076
2003,male,7,NA,NA,NA,NA,NA,NA,hispanic,130374.256132961
2003,male,8,NA,NA,NA,NA,NA,NA,hispanic,132218.856405281
2003,male,9,NA,NA,NA,NA,NA,NA,hispanic,133323.223102207
2003,male,10,NA,NA,NA,NA,NA,NA,hispanic,134313.413039621
2003,male,11,NA,NA,NA,NA,NA,NA,hispanic,133079.983279189
2003,male,12,NA,NA,NA,NA,NA,NA,hispanic,130900.442410987
2003,male,13,NA,NA,NA,NA,NA,NA,hispanic,124678.529080418
2003,male,14,NA,NA,NA,NA,NA,NA,hispanic,117859.894813009
2003,male,15,NA,NA,NA,NA,NA,NA,hispanic,114274.697375527
2003,male,16,NA,NA,NA,NA,NA,NA,hispanic,111786.1503491
2003,male,17,NA,NA,NA,NA,NA,NA,hispanic,111024.11711411
2003,male,18,NA,NA,NA,NA,NA,NA,hispanic,109380.569903395
2003,male,19,NA,NA,NA,NA,NA,NA,hispanic,110445.847160637
2003,male,20,NA,NA,NA,NA,NA,NA,hispanic,114478.780313326
2003,male,21,NA,NA,NA,NA,NA,NA,hispanic,116667.685228581
2003,male,22,NA,NA,NA,NA,NA,NA,hispanic,119172.422659184
2003,male,23,NA,NA,NA,NA,NA,NA,hispanic,116908.056760814
2003,male,24,NA,NA,NA,NA,NA,NA,hispanic,114701.194383948
2003,male,25,NA,NA,NA,NA,NA,NA,hispanic,114950.554902382
2003,male,26,NA,NA,NA,NA,NA,NA,hispanic,115057.330163576
2003,male,27,NA,NA,NA,NA,NA,NA,hispanic,115691.868304583
2003,male,28,NA,NA,NA,NA,NA,NA,hispanic,114808.30023282
2003,male,29,NA,NA,NA,NA,NA,NA,hispanic,111642.074214742
2003,male,30,NA,NA,NA,NA,NA,NA,hispanic,112115.571033325
2003,male,31,NA,NA,NA,NA,NA,NA,hispanic,111205.394221224
2003,male,32,NA,NA,NA,NA,NA,NA,hispanic,113413.704103503
2003,male,33,NA,NA,NA,NA,NA,NA,hispanic,113135.741041845
2003,male,34,NA,NA,NA,NA,NA,NA,hispanic,107865.956274634
2003,male,35,NA,NA,NA,NA,NA,NA,hispanic,104309.588423654
2003,male,36,NA,NA,NA,NA,NA,NA,hispanic,101100.130585372
2003,male,37,NA,NA,NA,NA,NA,NA,hispanic,100410.60963557
2003,male,38,NA,NA,NA,NA,NA,NA,hispanic,98761.899915447
2003,male,39,NA,NA,NA,NA,NA,NA,hispanic,93743.370263451
2003,male,40,NA,NA,NA,NA,NA,NA,hispanic,88883.723011729
2003,male,41,NA,NA,NA,NA,NA,NA,hispanic,85850.843645316
2003,male,42,NA,NA,NA,NA,NA,NA,hispanic,83409.314677846
2003,male,43,NA,NA,NA,NA,NA,NA,hispanic,80485.689779418
2003,male,44,NA,NA,NA,NA,NA,NA,hispanic,73990.036417136
2003,male,45,NA,NA,NA,NA,NA,NA,hispanic,70856.301600625
2003,male,46,NA,NA,NA,NA,NA,NA,hispanic,66902.855340349
2003,male,47,NA,NA,NA,NA,NA,NA,hispanic,63917.94952847
2003,male,48,NA,NA,NA,NA,NA,NA,hispanic,61169.016300299
2003,male,49,NA,NA,NA,NA,NA,NA,hispanic,55558.624937679
2003,male,50,NA,NA,NA,NA,NA,NA,hispanic,51460.751810378
2003,male,51,NA,NA,NA,NA,NA,NA,hispanic,48128.032374426
2003,male,52,NA,NA,NA,NA,NA,NA,hispanic,46107.498005172
2003,male,53,NA,NA,NA,NA,NA,NA,hispanic,43925.075549908
2003,male,54,NA,NA,NA,NA,NA,NA,hispanic,40041.942019574
2003,male,55,NA,NA,NA,NA,NA,NA,hispanic,37581.374664756
2003,male,56,NA,NA,NA,NA,NA,NA,hispanic,34346.006854616
2003,male,57,NA,NA,NA,NA,NA,NA,hispanic,31119.546262097
2003,male,58,NA,NA,NA,NA,NA,NA,hispanic,28746.165443727
2003,male,59,NA,NA,NA,NA,NA,NA,hispanic,26686.82624777
2003,male,60,NA,NA,NA,NA,NA,NA,hispanic,24575.561951819
2003,male,61,NA,NA,NA,NA,NA,NA,hispanic,22779.425861805
2003,male,62,NA,NA,NA,NA,NA,NA,hispanic,21625.730157616
2003,male,63,NA,NA,NA,NA,NA,NA,hispanic,20549.466948859
2003,male,64,NA,NA,NA,NA,NA,NA,hispanic,19257.118968515
2003,male,65,NA,NA,NA,NA,NA,NA,hispanic,18028.769038152
2003,male,66,NA,NA,NA,NA,NA,NA,hispanic,17109.304210744
2003,male,67,NA,NA,NA,NA,NA,NA,hispanic,16346.941494501
2003,male,68,NA,NA,NA,NA,NA,NA,hispanic,15638.4184327
2003,male,69,NA,NA,NA,NA,NA,NA,hispanic,14263.281386512
2003,male,70,NA,NA,NA,NA,NA,NA,hispanic,13557.943040294
2003,male,71,NA,NA,NA,NA,NA,NA,hispanic,13194.033031044
2003,male,72,NA,NA,NA,NA,NA,NA,hispanic,13012.229943912
2003,male,73,NA,NA,NA,NA,NA,NA,hispanic,12440.446404125
2003,male,74,NA,NA,NA,NA,NA,NA,hispanic,11151.354629638
2003,male,75,NA,NA,NA,NA,NA,NA,hispanic,10310.84187571
2003,male,76,NA,NA,NA,NA,NA,NA,hispanic,9541.985864817
2003,male,77,NA,NA,NA,NA,NA,NA,hispanic,8837.088351731
2003,male,78,NA,NA,NA,NA,NA,NA,hispanic,8158.880662542
2003,male,79,NA,NA,NA,NA,NA,NA,hispanic,7711.037760698
2003,male,80,NA,NA,NA,NA,NA,NA,hispanic,6859.867053726
2003,male,81,NA,NA,NA,NA,NA,NA,hispanic,5935.115844405
2003,male,82,NA,NA,NA,NA,NA,NA,hispanic,4947.583552323
2003,male,83,NA,NA,NA,NA,NA,NA,hispanic,4239.879742985
2003,male,84,NA,NA,NA,NA,NA,NA,hispanic,3372.757052406
2003,male,85,NA,NA,NA,NA,NA,NA,hispanic,2804.530786559
2003,male,86,NA,NA,NA,NA,NA,NA,hispanic,2231.467794944
2003,male,87,NA,NA,NA,NA,NA,NA,hispanic,1950.477617028
2003,male,88,NA,NA,NA,NA,NA,NA,hispanic,1638.219011407
2003,male,89,NA,NA,NA,NA,NA,NA,hispanic,1388.694514882
2003,male,90,NA,NA,NA,NA,NA,NA,hispanic,1167.827030474
2003,male,91,NA,NA,NA,NA,NA,NA,hispanic,938.979765044
2003,male,92,NA,NA,NA,NA,NA,NA,hispanic,708.813312416
2003,male,93,NA,NA,NA,NA,NA,NA,hispanic,505.786295894
2003,male,94,NA,NA,NA,NA,NA,NA,hispanic,378.792923536
2003,male,95,NA,NA,NA,NA,NA,NA,hispanic,313.842064956
2003,male,96,NA,NA,NA,NA,NA,NA,hispanic,215.23424645
2003,male,97,NA,NA,NA,NA,NA,NA,hispanic,133.476418588
2003,male,98,NA,NA,NA,NA,NA,NA,hispanic,102.527684456
2003,male,99,NA,NA,NA,NA,NA,NA,hispanic,64.936702092
2003,male,100,NA,NA,NA,NA,NA,NA,hispanic,60.35076148
2003,female,0,NA,NA,NA,NA,NA,NA,white,73358.003661493
2003,female,1,NA,NA,NA,NA,NA,NA,white,72428.99074716
2003,female,2,NA,NA,NA,NA,NA,NA,white,74001.542202529
2003,female,3,NA,NA,NA,NA,NA,NA,white,74333.632306226
2003,female,4,NA,NA,NA,NA,NA,NA,white,74942.485441822
2003,female,5,NA,NA,NA,NA,NA,NA,white,75782.592849946
2003,female,6,NA,NA,NA,NA,NA,NA,white,77778.347213839
2003,female,7,NA,NA,NA,NA,NA,NA,white,81308.39659873
2003,female,8,NA,NA,NA,NA,NA,NA,white,83925.514711656
2003,female,9,NA,NA,NA,NA,NA,NA,white,86153.864172845
2003,female,10,NA,NA,NA,NA,NA,NA,white,88469.501139109
2003,female,11,NA,NA,NA,NA,NA,NA,white,91784.565558837
2003,female,12,NA,NA,NA,NA,NA,NA,white,94363.457870135
2003,female,13,NA,NA,NA,NA,NA,NA,white,94529.782378529
2003,female,14,NA,NA,NA,NA,NA,NA,white,92420.573386127
2003,female,15,NA,NA,NA,NA,NA,NA,white,90320.377732775
2003,female,16,NA,NA,NA,NA,NA,NA,white,90124.241691423
2003,female,17,NA,NA,NA,NA,NA,NA,white,91434.685342223
2003,female,18,NA,NA,NA,NA,NA,NA,white,92219.782335412
2003,female,19,NA,NA,NA,NA,NA,NA,white,91033.487623715
2003,female,20,NA,NA,NA,NA,NA,NA,white,91884.5764143
2003,female,21,NA,NA,NA,NA,NA,NA,white,90556.380667836
2003,female,22,NA,NA,NA,NA,NA,NA,white,91268.697040545
2003,female,23,NA,NA,NA,NA,NA,NA,white,86697.580668216
2003,female,24,NA,NA,NA,NA,NA,NA,white,83634.13725661
2003,female,25,NA,NA,NA,NA,NA,NA,white,83020.621456834
2003,female,26,NA,NA,NA,NA,NA,NA,white,83747.204088247
2003,female,27,NA,NA,NA,NA,NA,NA,white,85176.530924529
2003,female,28,NA,NA,NA,NA,NA,NA,white,86862.515994886
2003,female,29,NA,NA,NA,NA,NA,NA,white,86964.663258615
2003,female,30,NA,NA,NA,NA,NA,NA,white,91363.76596359
2003,female,31,NA,NA,NA,NA,NA,NA,white,98856.712511496
2003,female,32,NA,NA,NA,NA,NA,NA,white,107696.851544976
2003,female,33,NA,NA,NA,NA,NA,NA,white,111661.149658313
2003,female,34,NA,NA,NA,NA,NA,NA,white,106405.949734588
2003,female,35,NA,NA,NA,NA,NA,NA,white,105535.461240855
2003,female,36,NA,NA,NA,NA,NA,NA,white,106900.019287014
2003,female,37,NA,NA,NA,NA,NA,NA,white,112892.537762005
2003,female,38,NA,NA,NA,NA,NA,NA,white,122814.199419193
2003,female,39,NA,NA,NA,NA,NA,NA,white,127278.645467807
2003,female,40,NA,NA,NA,NA,NA,NA,white,129887.858739937
2003,female,41,NA,NA,NA,NA,NA,NA,white,133336.852265916
2003,female,42,NA,NA,NA,NA,NA,NA,white,136355.229880178
2003,female,43,NA,NA,NA,NA,NA,NA,white,137751.131097912
2003,female,44,NA,NA,NA,NA,NA,NA,white,134779.99150146
2003,female,45,NA,NA,NA,NA,NA,NA,white,135938.397691567
2003,female,46,NA,NA,NA,NA,NA,NA,white,135133.259814738
2003,female,47,NA,NA,NA,NA,NA,NA,white,133759.544463102
2003,female,48,NA,NA,NA,NA,NA,NA,white,133955.172245648
2003,female,49,NA,NA,NA,NA,NA,NA,white,130889.257820587
2003,female,50,NA,NA,NA,NA,NA,NA,white,128398.160295898
2003,female,51,NA,NA,NA,NA,NA,NA,white,124951.402486811
2003,female,52,NA,NA,NA,NA,NA,NA,white,122756.40601068
2003,female,53,NA,NA,NA,NA,NA,NA,white,123293.635036617
2003,female,54,NA,NA,NA,NA,NA,NA,white,121800.65543467
2003,female,55,NA,NA,NA,NA,NA,NA,white,124176.590120368
2003,female,56,NA,NA,NA,NA,NA,NA,white,118623.091151325
2003,female,57,NA,NA,NA,NA,NA,NA,white,101529.360002769
2003,female,58,NA,NA,NA,NA,NA,NA,white,96442.23567831
2003,female,59,NA,NA,NA,NA,NA,NA,white,95229.449734083
2003,female,60,NA,NA,NA,NA,NA,NA,white,92806.456156017
2003,female,61,NA,NA,NA,NA,NA,NA,white,83887.313017215
2003,female,62,NA,NA,NA,NA,NA,NA,white,77514.513604732
2003,female,63,NA,NA,NA,NA,NA,NA,white,74938.472119786
2003,female,64,NA,NA,NA,NA,NA,NA,white,72165.935486591
2003,female,65,NA,NA,NA,NA,NA,NA,white,69800.19771676
2003,female,66,NA,NA,NA,NA,NA,NA,white,66820.992421901
2003,female,67,NA,NA,NA,NA,NA,NA,white,65306.336384748
2003,female,68,NA,NA,NA,NA,NA,NA,white,64469.769157739
2003,female,69,NA,NA,NA,NA,NA,NA,white,61956.669126035
2003,female,70,NA,NA,NA,NA,NA,NA,white,61548.55556759
2003,female,71,NA,NA,NA,NA,NA,NA,white,61784.854343673
2003,female,72,NA,NA,NA,NA,NA,NA,white,62817.572708194
2003,female,73,NA,NA,NA,NA,NA,NA,white,63030.418366819
2003,female,74,NA,NA,NA,NA,NA,NA,white,61809.922943962
2003,female,75,NA,NA,NA,NA,NA,NA,white,62302.605445374
2003,female,76,NA,NA,NA,NA,NA,NA,white,62789.405635444
2003,female,77,NA,NA,NA,NA,NA,NA,white,63262.376193715
2003,female,78,NA,NA,NA,NA,NA,NA,white,63340.269085785
2003,female,79,NA,NA,NA,NA,NA,NA,white,61072.180717163
2003,female,80,NA,NA,NA,NA,NA,NA,white,58262.885506206
2003,female,81,NA,NA,NA,NA,NA,NA,white,56292.474316326
2003,female,82,NA,NA,NA,NA,NA,NA,white,52015.047738026
2003,female,83,NA,NA,NA,NA,NA,NA,white,46642.201563413
2003,female,84,NA,NA,NA,NA,NA,NA,white,41638.297651521
2003,female,85,NA,NA,NA,NA,NA,NA,white,37187.624176024
2003,female,86,NA,NA,NA,NA,NA,NA,white,33254.750283939
2003,female,87,NA,NA,NA,NA,NA,NA,white,30067.400512982
2003,female,88,NA,NA,NA,NA,NA,NA,white,27027.533776173
2003,female,89,NA,NA,NA,NA,NA,NA,white,23534.394587626
2003,female,90,NA,NA,NA,NA,NA,NA,white,19908.243176293
2003,female,91,NA,NA,NA,NA,NA,NA,white,16353.605240232
2003,female,92,NA,NA,NA,NA,NA,NA,white,13473.579683254
2003,female,93,NA,NA,NA,NA,NA,NA,white,10936.645978922
2003,female,94,NA,NA,NA,NA,NA,NA,white,8441.523796567
2003,female,95,NA,NA,NA,NA,NA,NA,white,6605.075907202
2003,female,96,NA,NA,NA,NA,NA,NA,white,4920.453745148
2003,female,97,NA,NA,NA,NA,NA,NA,white,3472.416059486
2003,female,98,NA,NA,NA,NA,NA,NA,white,2389.18194176
2003,female,99,NA,NA,NA,NA,NA,NA,white,1819.788895434
2003,female,100,NA,NA,NA,NA,NA,NA,white,1593.473723341
2003,male,0,NA,NA,NA,NA,NA,NA,white,77081.071103867
2003,male,1,NA,NA,NA,NA,NA,NA,white,76993.827569862
2003,male,2,NA,NA,NA,NA,NA,NA,white,78307.107203849
2003,male,3,NA,NA,NA,NA,NA,NA,white,78206.946544724007
2003,male,4,NA,NA,NA,NA,NA,NA,white,79036.11767343
2003,male,5,NA,NA,NA,NA,NA,NA,white,79887.949732923
2003,male,6,NA,NA,NA,NA,NA,NA,white,82211.452368508
2003,male,7,NA,NA,NA,NA,NA,NA,white,85970.743103809
2003,male,8,NA,NA,NA,NA,NA,NA,white,88880.64312076
2003,male,9,NA,NA,NA,NA,NA,NA,white,91485.32365422
2003,male,10,NA,NA,NA,NA,NA,NA,white,94280.344806494
2003,male,11,NA,NA,NA,NA,NA,NA,white,97534.613001766
2003,male,12,NA,NA,NA,NA,NA,NA,white,100861.498615763
2003,male,13,NA,NA,NA,NA,NA,NA,white,100449.492219722
2003,male,14,NA,NA,NA,NA,NA,NA,white,98127.353639804
2003,male,15,NA,NA,NA,NA,NA,NA,white,95822.978435739
2003,male,16,NA,NA,NA,NA,NA,NA,white,95940.847964057
2003,male,17,NA,NA,NA,NA,NA,NA,white,95338.955997389
2003,male,18,NA,NA,NA,NA,NA,NA,white,98006.761834834
2003,male,19,NA,NA,NA,NA,NA,NA,white,97812.378864989
2003,male,20,NA,NA,NA,NA,NA,NA,white,101474.749950434
2003,male,21,NA,NA,NA,NA,NA,NA,white,99176.111571692
2003,male,22,NA,NA,NA,NA,NA,NA,white,98716.672770668
2003,male,23,NA,NA,NA,NA,NA,NA,white,93950.032975135
2003,male,24,NA,NA,NA,NA,NA,NA,white,89657.475025065
2003,male,25,NA,NA,NA,NA,NA,NA,white,88200.261047228
2003,male,26,NA,NA,NA,NA,NA,NA,white,88672.368612472
2003,male,27,NA,NA,NA,NA,NA,NA,white,89822.139762049
2003,male,28,NA,NA,NA,NA,NA,NA,white,92171.558737679
2003,male,29,NA,NA,NA,NA,NA,NA,white,92164.284974742
2003,male,30,NA,NA,NA,NA,NA,NA,white,96293.956911677
2003,male,31,NA,NA,NA,NA,NA,NA,white,103911.109612926
2003,male,32,NA,NA,NA,NA,NA,NA,white,112834.204369395
2003,male,33,NA,NA,NA,NA,NA,NA,white,116916.950903692
2003,male,34,NA,NA,NA,NA,NA,NA,white,111437.593230374
2003,male,35,NA,NA,NA,NA,NA,NA,white,110880.597897748
2003,male,36,NA,NA,NA,NA,NA,NA,white,112303.317692717
2003,male,37,NA,NA,NA,NA,NA,NA,white,118733.247658014
2003,male,38,NA,NA,NA,NA,NA,NA,white,128674.275935203
2003,male,39,NA,NA,NA,NA,NA,NA,white,132333.525503881
2003,male,40,NA,NA,NA,NA,NA,NA,white,134920.116353281
2003,male,41,NA,NA,NA,NA,NA,NA,white,138413.443920092
2003,male,42,NA,NA,NA,NA,NA,NA,white,141251.436387478
2003,male,43,NA,NA,NA,NA,NA,NA,white,143737.398902813
2003,male,44,NA,NA,NA,NA,NA,NA,white,139739.814333778
2003,male,45,NA,NA,NA,NA,NA,NA,white,140333.704400255
2003,male,46,NA,NA,NA,NA,NA,NA,white,138376.284986408
2003,male,47,NA,NA,NA,NA,NA,NA,white,136371.654575878
2003,male,48,NA,NA,NA,NA,NA,NA,white,136025.228984936
2003,male,49,NA,NA,NA,NA,NA,NA,white,131571.736089004
2003,male,50,NA,NA,NA,NA,NA,NA,white,128376.848229485
2003,male,51,NA,NA,NA,NA,NA,NA,white,124578.991227154
2003,male,52,NA,NA,NA,NA,NA,NA,white,122018.873276483
2003,male,53,NA,NA,NA,NA,NA,NA,white,123209.222612043
2003,male,54,NA,NA,NA,NA,NA,NA,white,120519.54664407
2003,male,55,NA,NA,NA,NA,NA,NA,white,122922.088591013
2003,male,56,NA,NA,NA,NA,NA,NA,white,117684.624147438
2003,male,57,NA,NA,NA,NA,NA,NA,white,99758.625338484
2003,male,58,NA,NA,NA,NA,NA,NA,white,94262.230817394
2003,male,59,NA,NA,NA,NA,NA,NA,white,92620.252023594
2003,male,60,NA,NA,NA,NA,NA,NA,white,89301.907448445
2003,male,61,NA,NA,NA,NA,NA,NA,white,80074.529479611
2003,male,62,NA,NA,NA,NA,NA,NA,white,73680.188463212
2003,male,63,NA,NA,NA,NA,NA,NA,white,70909.496785491
2003,male,64,NA,NA,NA,NA,NA,NA,white,67629.295722071
2003,male,65,NA,NA,NA,NA,NA,NA,white,64796.834825052
2003,male,66,NA,NA,NA,NA,NA,NA,white,60661.053426772
2003,male,67,NA,NA,NA,NA,NA,NA,white,58895.9656334
2003,male,68,NA,NA,NA,NA,NA,NA,white,57766.41967698
2003,male,69,NA,NA,NA,NA,NA,NA,white,54912.166601908
2003,male,70,NA,NA,NA,NA,NA,NA,white,54132.773148974
2003,male,71,NA,NA,NA,NA,NA,NA,white,54195.484911399
2003,male,72,NA,NA,NA,NA,NA,NA,white,54276.20150036
2003,male,73,NA,NA,NA,NA,NA,NA,white,53120.69722869
2003,male,74,NA,NA,NA,NA,NA,NA,white,50053.252157113
2003,male,75,NA,NA,NA,NA,NA,NA,white,48644.800979876
2003,male,76,NA,NA,NA,NA,NA,NA,white,46675.196120604
2003,male,77,NA,NA,NA,NA,NA,NA,white,45452.952122748
2003,male,78,NA,NA,NA,NA,NA,NA,white,44560.409543083
2003,male,79,NA,NA,NA,NA,NA,NA,white,42312.193288832
2003,male,80,NA,NA,NA,NA,NA,NA,white,39811.685844173
2003,male,81,NA,NA,NA,NA,NA,NA,white,38322.128288746
2003,male,82,NA,NA,NA,NA,NA,NA,white,34907.343705556
2003,male,83,NA,NA,NA,NA,NA,NA,white,30182.436099435
2003,male,84,NA,NA,NA,NA,NA,NA,white,25885.008197356
2003,male,85,NA,NA,NA,NA,NA,NA,white,22717.558207836
2003,male,86,NA,NA,NA,NA,NA,NA,white,19323.181384474
2003,male,87,NA,NA,NA,NA,NA,NA,white,16514.933783983
2003,male,88,NA,NA,NA,NA,NA,NA,white,14063.39611637
2003,male,89,NA,NA,NA,NA,NA,NA,white,11396.417916507
2003,male,90,NA,NA,NA,NA,NA,NA,white,8858.683330798
2003,male,91,NA,NA,NA,NA,NA,NA,white,6830.518078048
2003,male,92,NA,NA,NA,NA,NA,NA,white,4974.995685464
2003,male,93,NA,NA,NA,NA,NA,NA,white,3639.777874945
2003,male,94,NA,NA,NA,NA,NA,NA,white,2652.580234927
2003,male,95,NA,NA,NA,NA,NA,NA,white,1812.07328052
2003,male,96,NA,NA,NA,NA,NA,NA,white,1196.153943361
2003,male,97,NA,NA,NA,NA,NA,NA,white,738.129941383
2003,male,98,NA,NA,NA,NA,NA,NA,white,441.100898128
2003,male,99,NA,NA,NA,NA,NA,NA,white,315.919601723
2003,male,100,NA,NA,NA,NA,NA,NA,white,362.277868862
2004,female,0,NA,NA,NA,NA,NA,NA,black,13041.158809434
2004,female,1,NA,NA,NA,NA,NA,NA,black,13415.898494757
2004,female,2,NA,NA,NA,NA,NA,NA,black,13912.351803303
2004,female,3,NA,NA,NA,NA,NA,NA,black,14614.476751947
2004,female,4,NA,NA,NA,NA,NA,NA,black,14961.138480411
2004,female,5,NA,NA,NA,NA,NA,NA,black,15524.969414082
2004,female,6,NA,NA,NA,NA,NA,NA,black,15914.906041427
2004,female,7,NA,NA,NA,NA,NA,NA,black,16566.775871359
2004,female,8,NA,NA,NA,NA,NA,NA,black,17478.034376201
2004,female,9,NA,NA,NA,NA,NA,NA,black,18365.876589849
2004,female,10,NA,NA,NA,NA,NA,NA,black,18865.732919285
2004,female,11,NA,NA,NA,NA,NA,NA,black,19161.451609074
2004,female,12,NA,NA,NA,NA,NA,NA,black,19580.673063798
2004,female,13,NA,NA,NA,NA,NA,NA,black,19851.544118752
2004,female,14,NA,NA,NA,NA,NA,NA,black,19729.407392476
2004,female,15,NA,NA,NA,NA,NA,NA,black,18957.266955367
2004,female,16,NA,NA,NA,NA,NA,NA,black,18197.125075899
2004,female,17,NA,NA,NA,NA,NA,NA,black,17759.967257032
2004,female,18,NA,NA,NA,NA,NA,NA,black,17587.335020738
2004,female,19,NA,NA,NA,NA,NA,NA,black,16887.510673679
2004,female,20,NA,NA,NA,NA,NA,NA,black,16344.424149133
2004,female,21,NA,NA,NA,NA,NA,NA,black,16045.882467612
2004,female,22,NA,NA,NA,NA,NA,NA,black,15659.581765408
2004,female,23,NA,NA,NA,NA,NA,NA,black,15534.284752817
2004,female,24,NA,NA,NA,NA,NA,NA,black,15201.554660914
2004,female,25,NA,NA,NA,NA,NA,NA,black,14804.676487422
2004,female,26,NA,NA,NA,NA,NA,NA,black,14328.100535833
2004,female,27,NA,NA,NA,NA,NA,NA,black,14260.882854546
2004,female,28,NA,NA,NA,NA,NA,NA,black,14612.044056404
2004,female,29,NA,NA,NA,NA,NA,NA,black,14489.894416016
2004,female,30,NA,NA,NA,NA,NA,NA,black,14362.372645191
2004,female,31,NA,NA,NA,NA,NA,NA,black,14759.92044199
2004,female,32,NA,NA,NA,NA,NA,NA,black,15864.149656449
2004,female,33,NA,NA,NA,NA,NA,NA,black,17423.3365426
2004,female,34,NA,NA,NA,NA,NA,NA,black,17612.540365164
2004,female,35,NA,NA,NA,NA,NA,NA,black,16682.244935436
2004,female,36,NA,NA,NA,NA,NA,NA,black,16669.423013463
2004,female,37,NA,NA,NA,NA,NA,NA,black,17210.218187949
2004,female,38,NA,NA,NA,NA,NA,NA,black,18298.091296605
2004,female,39,NA,NA,NA,NA,NA,NA,black,19152.4498104
2004,female,40,NA,NA,NA,NA,NA,NA,black,18981.526480365
2004,female,41,NA,NA,NA,NA,NA,NA,black,18949.51323952
2004,female,42,NA,NA,NA,NA,NA,NA,black,19322.892880256
2004,female,43,NA,NA,NA,NA,NA,NA,black,19625.382123563
2004,female,44,NA,NA,NA,NA,NA,NA,black,19530.114427423
2004,female,45,NA,NA,NA,NA,NA,NA,black,18405.687616276
2004,female,46,NA,NA,NA,NA,NA,NA,black,17964.640924568
2004,female,47,NA,NA,NA,NA,NA,NA,black,17424.081706863
2004,female,48,NA,NA,NA,NA,NA,NA,black,16914.900088538
2004,female,49,NA,NA,NA,NA,NA,NA,black,16400.733063691
2004,female,50,NA,NA,NA,NA,NA,NA,black,15348.138920054
2004,female,51,NA,NA,NA,NA,NA,NA,black,14743.466268997
2004,female,52,NA,NA,NA,NA,NA,NA,black,14275.864985449
2004,female,53,NA,NA,NA,NA,NA,NA,black,14203.990310596
2004,female,54,NA,NA,NA,NA,NA,NA,black,14026.646792595
2004,female,55,NA,NA,NA,NA,NA,NA,black,13226.231761336
2004,female,56,NA,NA,NA,NA,NA,NA,black,12373.638241348
2004,female,57,NA,NA,NA,NA,NA,NA,black,11206.338335736
2004,female,58,NA,NA,NA,NA,NA,NA,black,10088.220194824
2004,female,59,NA,NA,NA,NA,NA,NA,black,9685.519026754
2004,female,60,NA,NA,NA,NA,NA,NA,black,9516.666652288
2004,female,61,NA,NA,NA,NA,NA,NA,black,9092.556438927
2004,female,62,NA,NA,NA,NA,NA,NA,black,8530.617169246
2004,female,63,NA,NA,NA,NA,NA,NA,black,8211.96477969
2004,female,64,NA,NA,NA,NA,NA,NA,black,8118.348196106
2004,female,65,NA,NA,NA,NA,NA,NA,black,7611.107450146
2004,female,66,NA,NA,NA,NA,NA,NA,black,7235.001936089
2004,female,67,NA,NA,NA,NA,NA,NA,black,6891.713124862
2004,female,68,NA,NA,NA,NA,NA,NA,black,6735.7636028
2004,female,69,NA,NA,NA,NA,NA,NA,black,6580.798533761
2004,female,70,NA,NA,NA,NA,NA,NA,black,6107.193295596
2004,female,71,NA,NA,NA,NA,NA,NA,black,5705.029206465
2004,female,72,NA,NA,NA,NA,NA,NA,black,5231.374603179
2004,female,73,NA,NA,NA,NA,NA,NA,black,5153.287858627
2004,female,74,NA,NA,NA,NA,NA,NA,black,5080.887924358
2004,female,75,NA,NA,NA,NA,NA,NA,black,4688.040350843
2004,female,76,NA,NA,NA,NA,NA,NA,black,4532.852785701
2004,female,77,NA,NA,NA,NA,NA,NA,black,4391.512644386
2004,female,78,NA,NA,NA,NA,NA,NA,black,4240.029655563
2004,female,79,NA,NA,NA,NA,NA,NA,black,4033.872863456
2004,female,80,NA,NA,NA,NA,NA,NA,black,3758.528477671
2004,female,81,NA,NA,NA,NA,NA,NA,black,3434.013940488
2004,female,82,NA,NA,NA,NA,NA,NA,black,3189.572176789
2004,female,83,NA,NA,NA,NA,NA,NA,black,2933.873692074
2004,female,84,NA,NA,NA,NA,NA,NA,black,2732.851491497
2004,female,85,NA,NA,NA,NA,NA,NA,black,2296.7280196790002
2004,female,86,NA,NA,NA,NA,NA,NA,black,2046.761437804
2004,female,87,NA,NA,NA,NA,NA,NA,black,1820.583918027
2004,female,88,NA,NA,NA,NA,NA,NA,black,1562.154963406
2004,female,89,NA,NA,NA,NA,NA,NA,black,1386.412107639
2004,female,90,NA,NA,NA,NA,NA,NA,black,1221.460137224
2004,female,91,NA,NA,NA,NA,NA,NA,black,1051.53386578
2004,female,92,NA,NA,NA,NA,NA,NA,black,832.333551061
2004,female,93,NA,NA,NA,NA,NA,NA,black,696.963763361
2004,female,94,NA,NA,NA,NA,NA,NA,black,539.562751421
2004,female,95,NA,NA,NA,NA,NA,NA,black,444.706933504
2004,female,96,NA,NA,NA,NA,NA,NA,black,322.030295069
2004,female,97,NA,NA,NA,NA,NA,NA,black,238.434642645
2004,female,98,NA,NA,NA,NA,NA,NA,black,201.876815254
2004,female,99,NA,NA,NA,NA,NA,NA,black,156.523774407
2004,female,100,NA,NA,NA,NA,NA,NA,black,92.914334104
2004,male,0,NA,NA,NA,NA,NA,NA,black,13713.3925762
2004,male,1,NA,NA,NA,NA,NA,NA,black,14018.886337559
2004,male,2,NA,NA,NA,NA,NA,NA,black,14243.984209668
2004,male,3,NA,NA,NA,NA,NA,NA,black,14817.31678136
2004,male,4,NA,NA,NA,NA,NA,NA,black,15477.061036997
2004,male,5,NA,NA,NA,NA,NA,NA,black,16084.268021089
2004,male,6,NA,NA,NA,NA,NA,NA,black,16435.930396307
2004,male,7,NA,NA,NA,NA,NA,NA,black,17211.779962369
2004,male,8,NA,NA,NA,NA,NA,NA,black,18195.59324902
2004,male,9,NA,NA,NA,NA,NA,NA,black,19042.065511608
2004,male,10,NA,NA,NA,NA,NA,NA,black,19574.657366647
2004,male,11,NA,NA,NA,NA,NA,NA,black,19900.312950016
2004,male,12,NA,NA,NA,NA,NA,NA,black,20264.949944606
2004,male,13,NA,NA,NA,NA,NA,NA,black,20624.350192744
2004,male,14,NA,NA,NA,NA,NA,NA,black,20262.940375429
2004,male,15,NA,NA,NA,NA,NA,NA,black,19358.365384682
2004,male,16,NA,NA,NA,NA,NA,NA,black,18571.872078668
2004,male,17,NA,NA,NA,NA,NA,NA,black,18182.346489089
2004,male,18,NA,NA,NA,NA,NA,NA,black,18125.675317852
2004,male,19,NA,NA,NA,NA,NA,NA,black,17827.68385335
2004,male,20,NA,NA,NA,NA,NA,NA,black,17793.132755685
2004,male,21,NA,NA,NA,NA,NA,NA,black,17564.269265393
2004,male,22,NA,NA,NA,NA,NA,NA,black,17090.669919033
2004,male,23,NA,NA,NA,NA,NA,NA,black,16969.359527989
2004,male,24,NA,NA,NA,NA,NA,NA,black,16118.682365552
2004,male,25,NA,NA,NA,NA,NA,NA,black,15496.910793559
2004,male,26,NA,NA,NA,NA,NA,NA,black,14920.50280147
2004,male,27,NA,NA,NA,NA,NA,NA,black,14587.861169932
2004,male,28,NA,NA,NA,NA,NA,NA,black,14658.73520637
2004,male,29,NA,NA,NA,NA,NA,NA,black,14466.348464323
2004,male,30,NA,NA,NA,NA,NA,NA,black,14370.265720597
2004,male,31,NA,NA,NA,NA,NA,NA,black,14802.795971409
2004,male,32,NA,NA,NA,NA,NA,NA,black,15833.556691943
2004,male,33,NA,NA,NA,NA,NA,NA,black,17235.785504212
2004,male,34,NA,NA,NA,NA,NA,NA,black,17664.370825192
2004,male,35,NA,NA,NA,NA,NA,NA,black,16806.691932436
2004,male,36,NA,NA,NA,NA,NA,NA,black,16548.803315948
2004,male,37,NA,NA,NA,NA,NA,NA,black,17172.343625676
2004,male,38,NA,NA,NA,NA,NA,NA,black,18281.815438001
2004,male,39,NA,NA,NA,NA,NA,NA,black,19184.548624882
2004,male,40,NA,NA,NA,NA,NA,NA,black,18890.203148123
2004,male,41,NA,NA,NA,NA,NA,NA,black,18827.392431957
2004,male,42,NA,NA,NA,NA,NA,NA,black,19116.737340076
2004,male,43,NA,NA,NA,NA,NA,NA,black,19509.033766566
2004,male,44,NA,NA,NA,NA,NA,NA,black,19456.02137122
2004,male,45,NA,NA,NA,NA,NA,NA,black,18263.718125898
2004,male,46,NA,NA,NA,NA,NA,NA,black,17664.703785034
2004,male,47,NA,NA,NA,NA,NA,NA,black,17032.312243918
2004,male,48,NA,NA,NA,NA,NA,NA,black,16608.845975243
2004,male,49,NA,NA,NA,NA,NA,NA,black,16059.636617053
2004,male,50,NA,NA,NA,NA,NA,NA,black,14751.688405251
2004,male,51,NA,NA,NA,NA,NA,NA,black,13609.176967279
2004,male,52,NA,NA,NA,NA,NA,NA,black,13122.698198585
2004,male,53,NA,NA,NA,NA,NA,NA,black,13118.399940832
2004,male,54,NA,NA,NA,NA,NA,NA,black,12962.752301705
2004,male,55,NA,NA,NA,NA,NA,NA,black,11842.836174117
2004,male,56,NA,NA,NA,NA,NA,NA,black,11098.935535102
2004,male,57,NA,NA,NA,NA,NA,NA,black,9806.542510938
2004,male,58,NA,NA,NA,NA,NA,NA,black,8770.259561072
2004,male,59,NA,NA,NA,NA,NA,NA,black,8542.142534241
2004,male,60,NA,NA,NA,NA,NA,NA,black,8219.25099958
2004,male,61,NA,NA,NA,NA,NA,NA,black,7703.558186499
2004,male,62,NA,NA,NA,NA,NA,NA,black,7203.088795001
2004,male,63,NA,NA,NA,NA,NA,NA,black,6938.255600308
2004,male,64,NA,NA,NA,NA,NA,NA,black,6893.646295417
2004,male,65,NA,NA,NA,NA,NA,NA,black,6502.59597146
2004,male,66,NA,NA,NA,NA,NA,NA,black,6340.277288257
2004,male,67,NA,NA,NA,NA,NA,NA,black,5999.595466395
2004,male,68,NA,NA,NA,NA,NA,NA,black,5746.879891135
2004,male,69,NA,NA,NA,NA,NA,NA,black,5483.183027524
2004,male,70,NA,NA,NA,NA,NA,NA,black,4882.947410638
2004,male,71,NA,NA,NA,NA,NA,NA,black,4544.954788282
2004,male,72,NA,NA,NA,NA,NA,NA,black,4131.757896501
2004,male,73,NA,NA,NA,NA,NA,NA,black,3887.918954067
2004,male,74,NA,NA,NA,NA,NA,NA,black,3608.762295929
2004,male,75,NA,NA,NA,NA,NA,NA,black,3225.040628448
2004,male,76,NA,NA,NA,NA,NA,NA,black,3061.210062275
2004,male,77,NA,NA,NA,NA,NA,NA,black,2882.245497706
2004,male,78,NA,NA,NA,NA,NA,NA,black,2618.08256184
2004,male,79,NA,NA,NA,NA,NA,NA,black,2573.740043247
2004,male,80,NA,NA,NA,NA,NA,NA,black,2284.912934602
2004,male,81,NA,NA,NA,NA,NA,NA,black,2043.247263187
2004,male,82,NA,NA,NA,NA,NA,NA,black,1834.284396466
2004,male,83,NA,NA,NA,NA,NA,NA,black,1624.945399614
2004,male,84,NA,NA,NA,NA,NA,NA,black,1447.393756348
2004,male,85,NA,NA,NA,NA,NA,NA,black,1162.141172847
2004,male,86,NA,NA,NA,NA,NA,NA,black,954.114930573
2004,male,87,NA,NA,NA,NA,NA,NA,black,818.038648955
2004,male,88,NA,NA,NA,NA,NA,NA,black,631.608407423
2004,male,89,NA,NA,NA,NA,NA,NA,black,548.910357023
2004,male,90,NA,NA,NA,NA,NA,NA,black,451.435373667
2004,male,91,NA,NA,NA,NA,NA,NA,black,346.431626993
2004,male,92,NA,NA,NA,NA,NA,NA,black,275.602075432
2004,male,93,NA,NA,NA,NA,NA,NA,black,250.808956089
2004,male,94,NA,NA,NA,NA,NA,NA,black,176.532290317
2004,male,95,NA,NA,NA,NA,NA,NA,black,111.249786779
2004,male,96,NA,NA,NA,NA,NA,NA,black,77.638562508
2004,male,97,NA,NA,NA,NA,NA,NA,black,66.847426657
2004,male,98,NA,NA,NA,NA,NA,NA,black,44.407081662
2004,male,99,NA,NA,NA,NA,NA,NA,black,29.347684911
2004,male,100,NA,NA,NA,NA,NA,NA,black,28.431668807
2004,female,0,NA,NA,NA,NA,NA,NA,hispanic,132067.135637508
2004,female,1,NA,NA,NA,NA,NA,NA,hispanic,129592.088194229
2004,female,2,NA,NA,NA,NA,NA,NA,hispanic,128810.108288121
2004,female,3,NA,NA,NA,NA,NA,NA,hispanic,127638.26056423
2004,female,4,NA,NA,NA,NA,NA,NA,hispanic,121378.176565221
2004,female,5,NA,NA,NA,NA,NA,NA,hispanic,120745.545791161
2004,female,6,NA,NA,NA,NA,NA,NA,hispanic,121600.876379449
2004,female,7,NA,NA,NA,NA,NA,NA,hispanic,123759.024915415
2004,female,8,NA,NA,NA,NA,NA,NA,hispanic,126441.550217707
2004,female,9,NA,NA,NA,NA,NA,NA,hispanic,127999.939418277
2004,female,10,NA,NA,NA,NA,NA,NA,hispanic,128493.829360022
2004,female,11,NA,NA,NA,NA,NA,NA,hispanic,128938.740228243
2004,female,12,NA,NA,NA,NA,NA,NA,hispanic,127408.284289274
2004,female,13,NA,NA,NA,NA,NA,NA,hispanic,123630.075499144
2004,female,14,NA,NA,NA,NA,NA,NA,hispanic,116936.77213094
2004,female,15,NA,NA,NA,NA,NA,NA,hispanic,110919.063621734
2004,female,16,NA,NA,NA,NA,NA,NA,hispanic,107838.028140455
2004,female,17,NA,NA,NA,NA,NA,NA,hispanic,106109.218802116
2004,female,18,NA,NA,NA,NA,NA,NA,hispanic,105769.712768969
2004,female,19,NA,NA,NA,NA,NA,NA,hispanic,104030.662593988
2004,female,20,NA,NA,NA,NA,NA,NA,hispanic,103965.348470917
2004,female,21,NA,NA,NA,NA,NA,NA,hispanic,105085.485249595
2004,female,22,NA,NA,NA,NA,NA,NA,hispanic,105623.863546893
2004,female,23,NA,NA,NA,NA,NA,NA,hispanic,105442.005246814
2004,female,24,NA,NA,NA,NA,NA,NA,hispanic,102492.958335565
2004,female,25,NA,NA,NA,NA,NA,NA,hispanic,101364.634683337
2004,female,26,NA,NA,NA,NA,NA,NA,hispanic,101963.588945356
2004,female,27,NA,NA,NA,NA,NA,NA,hispanic,103196.799039388
2004,female,28,NA,NA,NA,NA,NA,NA,hispanic,105093.132028126
2004,female,29,NA,NA,NA,NA,NA,NA,hispanic,104893.153545286
2004,female,30,NA,NA,NA,NA,NA,NA,hispanic,103543.420591447
2004,female,31,NA,NA,NA,NA,NA,NA,hispanic,103476.855256987
2004,female,32,NA,NA,NA,NA,NA,NA,hispanic,103337.155281366
2004,female,33,NA,NA,NA,NA,NA,NA,hispanic,104117.843640057
2004,female,34,NA,NA,NA,NA,NA,NA,hispanic,102475.683260303
2004,female,35,NA,NA,NA,NA,NA,NA,hispanic,97704.905215175
2004,female,36,NA,NA,NA,NA,NA,NA,hispanic,95051.514908823
2004,female,37,NA,NA,NA,NA,NA,NA,hispanic,92522.962201726
2004,female,38,NA,NA,NA,NA,NA,NA,hispanic,91958.432797438
2004,female,39,NA,NA,NA,NA,NA,NA,hispanic,91515.064595142
2004,female,40,NA,NA,NA,NA,NA,NA,hispanic,88653.519073282
2004,female,41,NA,NA,NA,NA,NA,NA,hispanic,85040.792469458
2004,female,42,NA,NA,NA,NA,NA,NA,hispanic,82312.818339499
2004,female,43,NA,NA,NA,NA,NA,NA,hispanic,80709.609098452
2004,female,44,NA,NA,NA,NA,NA,NA,hispanic,77695.917153929
2004,female,45,NA,NA,NA,NA,NA,NA,hispanic,73270.877930514
2004,female,46,NA,NA,NA,NA,NA,NA,hispanic,70438.217882792
2004,female,47,NA,NA,NA,NA,NA,NA,hispanic,67750.194625914
2004,female,48,NA,NA,NA,NA,NA,NA,hispanic,65181.457271599
2004,female,49,NA,NA,NA,NA,NA,NA,hispanic,62006.078661025
2004,female,50,NA,NA,NA,NA,NA,NA,hispanic,57495.353865629
2004,female,51,NA,NA,NA,NA,NA,NA,hispanic,53603.257504022
2004,female,52,NA,NA,NA,NA,NA,NA,hispanic,50641.369987334
2004,female,53,NA,NA,NA,NA,NA,NA,hispanic,48532.936921127
2004,female,54,NA,NA,NA,NA,NA,NA,hispanic,46585.173985695
2004,female,55,NA,NA,NA,NA,NA,NA,hispanic,43223.160087988
2004,female,56,NA,NA,NA,NA,NA,NA,hispanic,40525.114750226
2004,female,57,NA,NA,NA,NA,NA,NA,hispanic,37286.648680908
2004,female,58,NA,NA,NA,NA,NA,NA,hispanic,34664.310230648996
2004,female,59,NA,NA,NA,NA,NA,NA,hispanic,32414.061607066
2004,female,60,NA,NA,NA,NA,NA,NA,hispanic,30639.13821365
2004,female,61,NA,NA,NA,NA,NA,NA,hispanic,28662.529075475
2004,female,62,NA,NA,NA,NA,NA,NA,hispanic,26559.133657858
2004,female,63,NA,NA,NA,NA,NA,NA,hispanic,25337.998241466
2004,female,64,NA,NA,NA,NA,NA,NA,hispanic,24405.392794765
2004,female,65,NA,NA,NA,NA,NA,NA,hispanic,22878.850409578
2004,female,66,NA,NA,NA,NA,NA,NA,hispanic,21902.642122474
2004,female,67,NA,NA,NA,NA,NA,NA,hispanic,21005.296032045
2004,female,68,NA,NA,NA,NA,NA,NA,hispanic,20500.074830141
2004,female,69,NA,NA,NA,NA,NA,NA,hispanic,19615.189213899
2004,female,70,NA,NA,NA,NA,NA,NA,hispanic,18095.45444425
2004,female,71,NA,NA,NA,NA,NA,NA,hispanic,17429.154470515
2004,female,72,NA,NA,NA,NA,NA,NA,hispanic,17039.587862535
2004,female,73,NA,NA,NA,NA,NA,NA,hispanic,17020.556793697
2004,female,74,NA,NA,NA,NA,NA,NA,hispanic,16409.879557195
2004,female,75,NA,NA,NA,NA,NA,NA,hispanic,15005.709805711
2004,female,76,NA,NA,NA,NA,NA,NA,hispanic,14134.447590802
2004,female,77,NA,NA,NA,NA,NA,NA,hispanic,13199.236944756
2004,female,78,NA,NA,NA,NA,NA,NA,hispanic,12370.455118847
2004,female,79,NA,NA,NA,NA,NA,NA,hispanic,11274.222179138
2004,female,80,NA,NA,NA,NA,NA,NA,hispanic,10123.764415348
2004,female,81,NA,NA,NA,NA,NA,NA,hispanic,9023.496070807
2004,female,82,NA,NA,NA,NA,NA,NA,hispanic,8179.985359994
2004,female,83,NA,NA,NA,NA,NA,NA,hispanic,7322.551203369
2004,female,84,NA,NA,NA,NA,NA,NA,hispanic,6322.080121109
2004,female,85,NA,NA,NA,NA,NA,NA,hispanic,5204.447849331
2004,female,86,NA,NA,NA,NA,NA,NA,hispanic,4519.007693734
2004,female,87,NA,NA,NA,NA,NA,NA,hispanic,3746.820183051
2004,female,88,NA,NA,NA,NA,NA,NA,hispanic,3199.365297366
2004,female,89,NA,NA,NA,NA,NA,NA,hispanic,2905.918931915
2004,female,90,NA,NA,NA,NA,NA,NA,hispanic,2557.669221393
2004,female,91,NA,NA,NA,NA,NA,NA,hispanic,2086.448425526
2004,female,92,NA,NA,NA,NA,NA,NA,hispanic,1680.015645703
2004,female,93,NA,NA,NA,NA,NA,NA,hispanic,1413.357188518
2004,female,94,NA,NA,NA,NA,NA,NA,hispanic,1058.085971568
2004,female,95,NA,NA,NA,NA,NA,NA,hispanic,733.088855176
2004,female,96,NA,NA,NA,NA,NA,NA,hispanic,527.541660716
2004,female,97,NA,NA,NA,NA,NA,NA,hispanic,383.731833839
2004,female,98,NA,NA,NA,NA,NA,NA,hispanic,267.073397468
2004,female,99,NA,NA,NA,NA,NA,NA,hispanic,181.022789913
2004,female,100,NA,NA,NA,NA,NA,NA,hispanic,170.811671705
2004,male,0,NA,NA,NA,NA,NA,NA,hispanic,136672.67465445
2004,male,1,NA,NA,NA,NA,NA,NA,hispanic,134338.925421915
2004,male,2,NA,NA,NA,NA,NA,NA,hispanic,133114.572602776
2004,male,3,NA,NA,NA,NA,NA,NA,hispanic,133580.597594433
2004,male,4,NA,NA,NA,NA,NA,NA,hispanic,126982.04506985
2004,male,5,NA,NA,NA,NA,NA,NA,hispanic,125405.564421593
2004,male,6,NA,NA,NA,NA,NA,NA,hispanic,126216.487552085
2004,male,7,NA,NA,NA,NA,NA,NA,hispanic,128978.238031478
2004,male,8,NA,NA,NA,NA,NA,NA,hispanic,131998.738730667
2004,male,9,NA,NA,NA,NA,NA,NA,hispanic,133936.87011962
2004,male,10,NA,NA,NA,NA,NA,NA,hispanic,135100.268896485
2004,male,11,NA,NA,NA,NA,NA,NA,hispanic,135585.46963991
2004,male,12,NA,NA,NA,NA,NA,NA,hispanic,133843.824327095
2004,male,13,NA,NA,NA,NA,NA,NA,hispanic,130973.266775888
2004,male,14,NA,NA,NA,NA,NA,NA,hispanic,124616.555283748
2004,male,15,NA,NA,NA,NA,NA,NA,hispanic,118982.96237158
2004,male,16,NA,NA,NA,NA,NA,NA,hispanic,116406.308629495
2004,male,17,NA,NA,NA,NA,NA,NA,hispanic,115107.552784399
2004,male,18,NA,NA,NA,NA,NA,NA,hispanic,114931.866132437
2004,male,19,NA,NA,NA,NA,NA,NA,hispanic,112681.680367498
2004,male,20,NA,NA,NA,NA,NA,NA,hispanic,113604.315757188
2004,male,21,NA,NA,NA,NA,NA,NA,hispanic,116276.040718263
2004,male,22,NA,NA,NA,NA,NA,NA,hispanic,117937.9031305
2004,male,23,NA,NA,NA,NA,NA,NA,hispanic,120067.51424849
2004,male,24,NA,NA,NA,NA,NA,NA,hispanic,117019.124410634
2004,male,25,NA,NA,NA,NA,NA,NA,hispanic,114813.8039224
2004,male,26,NA,NA,NA,NA,NA,NA,hispanic,114667.37012493
2004,male,27,NA,NA,NA,NA,NA,NA,hispanic,114519.579591446
2004,male,28,NA,NA,NA,NA,NA,NA,hispanic,115506.652890249
2004,male,29,NA,NA,NA,NA,NA,NA,hispanic,113963.95055138
2004,male,30,NA,NA,NA,NA,NA,NA,hispanic,111147.983517024
2004,male,31,NA,NA,NA,NA,NA,NA,hispanic,111085.98097628
2004,male,32,NA,NA,NA,NA,NA,NA,hispanic,110725.434397086
2004,male,33,NA,NA,NA,NA,NA,NA,hispanic,113116.327584519
2004,male,34,NA,NA,NA,NA,NA,NA,hispanic,112271.580732333
2004,male,35,NA,NA,NA,NA,NA,NA,hispanic,107203.869848247
2004,male,36,NA,NA,NA,NA,NA,NA,hispanic,103450.222071906
2004,male,37,NA,NA,NA,NA,NA,NA,hispanic,100489.560467233
2004,male,38,NA,NA,NA,NA,NA,NA,hispanic,99987.367748929
2004,male,39,NA,NA,NA,NA,NA,NA,hispanic,97880.449514331
2004,male,40,NA,NA,NA,NA,NA,NA,hispanic,93006.241721603
2004,male,41,NA,NA,NA,NA,NA,NA,hispanic,88135.124500526
2004,male,42,NA,NA,NA,NA,NA,NA,hispanic,85268.091577419
2004,male,43,NA,NA,NA,NA,NA,NA,hispanic,83146.405390083
2004,male,44,NA,NA,NA,NA,NA,NA,hispanic,79651.391559896
2004,male,45,NA,NA,NA,NA,NA,NA,hispanic,73647.550458731
2004,male,46,NA,NA,NA,NA,NA,NA,hispanic,70284.598765366
2004,male,47,NA,NA,NA,NA,NA,NA,hispanic,66555.293197732
2004,male,48,NA,NA,NA,NA,NA,NA,hispanic,63738.817181196
2004,male,49,NA,NA,NA,NA,NA,NA,hispanic,60573.929361788
2004,male,50,NA,NA,NA,NA,NA,NA,hispanic,55124.037913399
2004,male,51,NA,NA,NA,NA,NA,NA,hispanic,50996.586469719
2004,male,52,NA,NA,NA,NA,NA,NA,hispanic,47817.586948512
2004,male,53,NA,NA,NA,NA,NA,NA,hispanic,45744.170686107
2004,male,54,NA,NA,NA,NA,NA,NA,hispanic,43342.067392666
2004,male,55,NA,NA,NA,NA,NA,NA,hispanic,39676.286326523
2004,male,56,NA,NA,NA,NA,NA,NA,hispanic,37168.154469148
2004,male,57,NA,NA,NA,NA,NA,NA,hispanic,33781.94424295
2004,male,58,NA,NA,NA,NA,NA,NA,hispanic,30728.878400704
2004,male,59,NA,NA,NA,NA,NA,NA,hispanic,28345.92400785
2004,male,60,NA,NA,NA,NA,NA,NA,hispanic,26302.085134746
2004,male,61,NA,NA,NA,NA,NA,NA,hispanic,24228.566586368
2004,male,62,NA,NA,NA,NA,NA,NA,hispanic,22479.429537846
2004,male,63,NA,NA,NA,NA,NA,NA,hispanic,21357.244991561
2004,male,64,NA,NA,NA,NA,NA,NA,hispanic,20227.408065854
2004,male,65,NA,NA,NA,NA,NA,NA,hispanic,18935.771407387
2004,male,66,NA,NA,NA,NA,NA,NA,hispanic,17744.427979706
2004,male,67,NA,NA,NA,NA,NA,NA,hispanic,16846.411185447
2004,male,68,NA,NA,NA,NA,NA,NA,hispanic,16076.171853539
2004,male,69,NA,NA,NA,NA,NA,NA,hispanic,15306.490350253
2004,male,70,NA,NA,NA,NA,NA,NA,hispanic,13975.744643879
2004,male,71,NA,NA,NA,NA,NA,NA,hispanic,13310.431003883
2004,male,72,NA,NA,NA,NA,NA,NA,hispanic,12951.63807462
2004,male,73,NA,NA,NA,NA,NA,NA,hispanic,12740.521941601
2004,male,74,NA,NA,NA,NA,NA,NA,hispanic,12053.636678298
2004,male,75,NA,NA,NA,NA,NA,NA,hispanic,10776.287271369
2004,male,76,NA,NA,NA,NA,NA,NA,hispanic,9952.687683797
2004,male,77,NA,NA,NA,NA,NA,NA,hispanic,9196.855305558
2004,male,78,NA,NA,NA,NA,NA,NA,hispanic,8479.629729365
2004,male,79,NA,NA,NA,NA,NA,NA,hispanic,7799.193955587
2004,male,80,NA,NA,NA,NA,NA,NA,hispanic,7304.809431157
2004,male,81,NA,NA,NA,NA,NA,NA,hispanic,6432.886910375
2004,male,82,NA,NA,NA,NA,NA,NA,hispanic,5521.082765725
2004,male,83,NA,NA,NA,NA,NA,NA,hispanic,4562.719390046
2004,male,84,NA,NA,NA,NA,NA,NA,hispanic,3875.348366239
2004,male,85,NA,NA,NA,NA,NA,NA,hispanic,3062.88497225
2004,male,86,NA,NA,NA,NA,NA,NA,hispanic,2509.282526218
2004,male,87,NA,NA,NA,NA,NA,NA,hispanic,2004.213254015
2004,male,88,NA,NA,NA,NA,NA,NA,hispanic,1724.61194051
2004,male,89,NA,NA,NA,NA,NA,NA,hispanic,1405.882472198
2004,male,90,NA,NA,NA,NA,NA,NA,hispanic,1174.607652923
2004,male,91,NA,NA,NA,NA,NA,NA,hispanic,999.231598926
2004,male,92,NA,NA,NA,NA,NA,NA,hispanic,793.345265623
2004,male,93,NA,NA,NA,NA,NA,NA,hispanic,571.088470651
2004,male,94,NA,NA,NA,NA,NA,NA,hispanic,412.728631667
2004,male,95,NA,NA,NA,NA,NA,NA,hispanic,283.694458507
2004,male,96,NA,NA,NA,NA,NA,NA,hispanic,220.578308355
2004,male,97,NA,NA,NA,NA,NA,NA,hispanic,148.043898887
2004,male,98,NA,NA,NA,NA,NA,NA,hispanic,98.265829676
2004,male,99,NA,NA,NA,NA,NA,NA,hispanic,70.078286645
2004,male,100,NA,NA,NA,NA,NA,NA,hispanic,64.899986042
2004,female,0,NA,NA,NA,NA,NA,NA,white,72569.488115964
2004,female,1,NA,NA,NA,NA,NA,NA,white,72535.940690627
2004,female,2,NA,NA,NA,NA,NA,NA,white,72062.37703183
2004,female,3,NA,NA,NA,NA,NA,NA,white,73661.770265634
2004,female,4,NA,NA,NA,NA,NA,NA,white,74167.251962866
2004,female,5,NA,NA,NA,NA,NA,NA,white,74795.841208607
2004,female,6,NA,NA,NA,NA,NA,NA,white,75761.364442469
2004,female,7,NA,NA,NA,NA,NA,NA,white,77877.487486164
2004,female,8,NA,NA,NA,NA,NA,NA,white,81696.404355225
2004,female,9,NA,NA,NA,NA,NA,NA,white,84330.123527121
2004,female,10,NA,NA,NA,NA,NA,NA,white,86471.974363898
2004,female,11,NA,NA,NA,NA,NA,NA,white,88359.933119951
2004,female,12,NA,NA,NA,NA,NA,NA,white,90992.652901073
2004,female,13,NA,NA,NA,NA,NA,NA,white,92819.910489494
2004,female,14,NA,NA,NA,NA,NA,NA,white,91812.588127064
2004,female,15,NA,NA,NA,NA,NA,NA,white,89705.248137246
2004,female,16,NA,NA,NA,NA,NA,NA,white,89245.516760956
2004,female,17,NA,NA,NA,NA,NA,NA,white,90681.016247317
2004,female,18,NA,NA,NA,NA,NA,NA,white,93563.211244604
2004,female,19,NA,NA,NA,NA,NA,NA,white,94498.194534513
2004,female,20,NA,NA,NA,NA,NA,NA,white,93363.218329989
2004,female,21,NA,NA,NA,NA,NA,NA,white,92415.782538428
2004,female,22,NA,NA,NA,NA,NA,NA,white,91718.869951229
2004,female,23,NA,NA,NA,NA,NA,NA,white,90604.571284953
2004,female,24,NA,NA,NA,NA,NA,NA,white,87033.976691916
2004,female,25,NA,NA,NA,NA,NA,NA,white,84762.089003216
2004,female,26,NA,NA,NA,NA,NA,NA,white,83403.650864871
2004,female,27,NA,NA,NA,NA,NA,NA,white,84464.843639807
2004,female,28,NA,NA,NA,NA,NA,NA,white,86155.09165366
2004,female,29,NA,NA,NA,NA,NA,NA,white,87124.633831155
2004,female,30,NA,NA,NA,NA,NA,NA,white,87536.419350225
2004,female,31,NA,NA,NA,NA,NA,NA,white,90307.034805798
2004,female,32,NA,NA,NA,NA,NA,NA,white,98016.513015937
2004,female,33,NA,NA,NA,NA,NA,NA,white,106675.016847339
2004,female,34,NA,NA,NA,NA,NA,NA,white,109512.806001242
2004,female,35,NA,NA,NA,NA,NA,NA,white,106086.165980126
2004,female,36,NA,NA,NA,NA,NA,NA,white,104805.702742562
2004,female,37,NA,NA,NA,NA,NA,NA,white,107001.251701411
2004,female,38,NA,NA,NA,NA,NA,NA,white,113185.90111951
2004,female,39,NA,NA,NA,NA,NA,NA,white,122407.173687284
2004,female,40,NA,NA,NA,NA,NA,NA,white,126793.513922862
2004,female,41,NA,NA,NA,NA,NA,NA,white,129467.046978523
2004,female,42,NA,NA,NA,NA,NA,NA,white,133041.06643614
2004,female,43,NA,NA,NA,NA,NA,NA,white,136046.537328312
2004,female,44,NA,NA,NA,NA,NA,NA,white,136729.892908587
2004,female,45,NA,NA,NA,NA,NA,NA,white,134493.461260986
2004,female,46,NA,NA,NA,NA,NA,NA,white,135410.996547414
2004,female,47,NA,NA,NA,NA,NA,NA,white,134612.548715508
2004,female,48,NA,NA,NA,NA,NA,NA,white,133501.265765801
2004,female,49,NA,NA,NA,NA,NA,NA,white,133228.549282713
2004,female,50,NA,NA,NA,NA,NA,NA,white,130356.773904757
2004,female,51,NA,NA,NA,NA,NA,NA,white,127623.473583136
2004,female,52,NA,NA,NA,NA,NA,NA,white,124159.544796128
2004,female,53,NA,NA,NA,NA,NA,NA,white,122215.94018675
2004,female,54,NA,NA,NA,NA,NA,NA,white,122035.907005349
2004,female,55,NA,NA,NA,NA,NA,NA,white,121376.843752227
2004,female,56,NA,NA,NA,NA,NA,NA,white,123574.788469789
2004,female,57,NA,NA,NA,NA,NA,NA,white,115700.224914263
2004,female,58,NA,NA,NA,NA,NA,NA,white,99930.57729099
2004,female,59,NA,NA,NA,NA,NA,NA,white,95360.066422503
2004,female,60,NA,NA,NA,NA,NA,NA,white,94444.00867288
2004,female,61,NA,NA,NA,NA,NA,NA,white,91128.22037089
2004,female,62,NA,NA,NA,NA,NA,NA,white,82370.613925611
2004,female,63,NA,NA,NA,NA,NA,NA,white,76452.626072363
2004,female,64,NA,NA,NA,NA,NA,NA,white,73781.302106285
2004,female,65,NA,NA,NA,NA,NA,NA,white,71309.590646845
2004,female,66,NA,NA,NA,NA,NA,NA,white,68703.480557635
2004,female,67,NA,NA,NA,NA,NA,NA,white,66023.875130552
2004,female,68,NA,NA,NA,NA,NA,NA,white,64417.270791182
2004,female,69,NA,NA,NA,NA,NA,NA,white,63335.962522824
2004,female,70,NA,NA,NA,NA,NA,NA,white,60971.259307558
2004,female,71,NA,NA,NA,NA,NA,NA,white,60610.07757203
2004,female,72,NA,NA,NA,NA,NA,NA,white,60879.834321762
2004,female,73,NA,NA,NA,NA,NA,NA,white,61690.593426792
2004,female,74,NA,NA,NA,NA,NA,NA,white,61567.142777947
2004,female,75,NA,NA,NA,NA,NA,NA,white,60391.303520102
2004,female,76,NA,NA,NA,NA,NA,NA,white,60740.798273167
2004,female,77,NA,NA,NA,NA,NA,NA,white,61108.689994617
2004,female,78,NA,NA,NA,NA,NA,NA,white,61260.087056381
2004,female,79,NA,NA,NA,NA,NA,NA,white,60951.759072607
2004,female,80,NA,NA,NA,NA,NA,NA,white,58269.508874459
2004,female,81,NA,NA,NA,NA,NA,NA,white,55461.765930786
2004,female,82,NA,NA,NA,NA,NA,NA,white,53071.956621925
2004,female,83,NA,NA,NA,NA,NA,NA,white,48609.616784035
2004,female,84,NA,NA,NA,NA,NA,NA,white,43115.323072628
2004,female,85,NA,NA,NA,NA,NA,NA,white,38291.773846062
2004,female,86,NA,NA,NA,NA,NA,NA,white,33821.096554353
2004,female,87,NA,NA,NA,NA,NA,NA,white,29912.576754594
2004,female,88,NA,NA,NA,NA,NA,NA,white,26744.30189543
2004,female,89,NA,NA,NA,NA,NA,NA,white,23770.624642882
2004,female,90,NA,NA,NA,NA,NA,NA,white,20328.462763061
2004,female,91,NA,NA,NA,NA,NA,NA,white,16963.205065786
2004,female,92,NA,NA,NA,NA,NA,NA,white,13755.72164949
2004,female,93,NA,NA,NA,NA,NA,NA,white,11147.420820035
2004,female,94,NA,NA,NA,NA,NA,NA,white,8856.594396952
2004,female,95,NA,NA,NA,NA,NA,NA,white,6641.953531499
2004,female,96,NA,NA,NA,NA,NA,NA,white,5096.953326507
2004,female,97,NA,NA,NA,NA,NA,NA,white,3661.67845924
2004,female,98,NA,NA,NA,NA,NA,NA,white,2627.865884204
2004,female,99,NA,NA,NA,NA,NA,NA,white,1851.806013145
2004,female,100,NA,NA,NA,NA,NA,NA,white,1970.151569903
2004,male,0,NA,NA,NA,NA,NA,NA,white,76253.095923
2004,male,1,NA,NA,NA,NA,NA,NA,white,76306.812437302
2004,male,2,NA,NA,NA,NA,NA,NA,white,76544.235255158
2004,male,3,NA,NA,NA,NA,NA,NA,white,77994.290964684
2004,male,4,NA,NA,NA,NA,NA,NA,white,77972.003629211
2004,male,5,NA,NA,NA,NA,NA,NA,white,78797.521531183
2004,male,6,NA,NA,NA,NA,NA,NA,white,79884.940942477
2004,male,7,NA,NA,NA,NA,NA,NA,white,82319.555597492
2004,male,8,NA,NA,NA,NA,NA,NA,white,86269.32826081
2004,male,9,NA,NA,NA,NA,NA,NA,white,89178.489611586
2004,male,10,NA,NA,NA,NA,NA,NA,white,91792.058538487
2004,male,11,NA,NA,NA,NA,NA,NA,white,94300.104204152
2004,male,12,NA,NA,NA,NA,NA,NA,white,96847.36633563
2004,male,13,NA,NA,NA,NA,NA,NA,white,99704.175864957
2004,male,14,NA,NA,NA,NA,NA,NA,white,97198.980693989
2004,male,15,NA,NA,NA,NA,NA,NA,white,95109.550130007
2004,male,16,NA,NA,NA,NA,NA,NA,white,94007.752253553
2004,male,17,NA,NA,NA,NA,NA,NA,white,95949.855977328
2004,male,18,NA,NA,NA,NA,NA,NA,white,100434.396162158
2004,male,19,NA,NA,NA,NA,NA,NA,white,101248.842118732
2004,male,20,NA,NA,NA,NA,NA,NA,white,103121.7850935
2004,male,21,NA,NA,NA,NA,NA,NA,white,101553.105976887
2004,male,22,NA,NA,NA,NA,NA,NA,white,97752.555650326
2004,male,23,NA,NA,NA,NA,NA,NA,white,97221.392284551
2004,male,24,NA,NA,NA,NA,NA,NA,white,93105.191330303
2004,male,25,NA,NA,NA,NA,NA,NA,white,90614.571216942
2004,male,26,NA,NA,NA,NA,NA,NA,white,89823.284949464
2004,male,27,NA,NA,NA,NA,NA,NA,white,89219.625733885
2004,male,28,NA,NA,NA,NA,NA,NA,white,91086.13164139
2004,male,29,NA,NA,NA,NA,NA,NA,white,92543.164916539
2004,male,30,NA,NA,NA,NA,NA,NA,white,92693.815450532
2004,male,31,NA,NA,NA,NA,NA,NA,white,95265.49375892
2004,male,32,NA,NA,NA,NA,NA,NA,white,103053.564512463
2004,male,33,NA,NA,NA,NA,NA,NA,white,111961.388209964
2004,male,34,NA,NA,NA,NA,NA,NA,white,114731.76340582
2004,male,35,NA,NA,NA,NA,NA,NA,white,111062.986809714
2004,male,36,NA,NA,NA,NA,NA,NA,white,109992.885252204
2004,male,37,NA,NA,NA,NA,NA,NA,white,112228.033056194
2004,male,38,NA,NA,NA,NA,NA,NA,white,118790.115309622
2004,male,39,NA,NA,NA,NA,NA,NA,white,127982.328862257
2004,male,40,NA,NA,NA,NA,NA,NA,white,131607.61397385
2004,male,41,NA,NA,NA,NA,NA,NA,white,134145.081580772
2004,male,42,NA,NA,NA,NA,NA,NA,white,137828.495271519
2004,male,43,NA,NA,NA,NA,NA,NA,white,140756.261755079
2004,male,44,NA,NA,NA,NA,NA,NA,white,142380.738284226
2004,male,45,NA,NA,NA,NA,NA,NA,white,139164.295777701
2004,male,46,NA,NA,NA,NA,NA,NA,white,139442.728159012
2004,male,47,NA,NA,NA,NA,NA,NA,white,137475.990281014
2004,male,48,NA,NA,NA,NA,NA,NA,white,135791.635908974
2004,male,49,NA,NA,NA,NA,NA,NA,white,134909.554579989
2004,male,50,NA,NA,NA,NA,NA,NA,white,130817.287373173
2004,male,51,NA,NA,NA,NA,NA,NA,white,127326.047711586
2004,male,52,NA,NA,NA,NA,NA,NA,white,123573.973647712
2004,male,53,NA,NA,NA,NA,NA,NA,white,121279.709580449
2004,male,54,NA,NA,NA,NA,NA,NA,white,121564.586787886
2004,male,55,NA,NA,NA,NA,NA,NA,white,119834.546095558
2004,male,56,NA,NA,NA,NA,NA,NA,white,122066.316380782
2004,male,57,NA,NA,NA,NA,NA,NA,white,114450.333132032
2004,male,58,NA,NA,NA,NA,NA,NA,white,97881.302545798
2004,male,59,NA,NA,NA,NA,NA,NA,white,92791.737780968
2004,male,60,NA,NA,NA,NA,NA,NA,white,91390.786579199
2004,male,61,NA,NA,NA,NA,NA,NA,white,87197.921005916
2004,male,62,NA,NA,NA,NA,NA,NA,white,78193.857676717
2004,male,63,NA,NA,NA,NA,NA,NA,white,72181.596304754
2004,male,64,NA,NA,NA,NA,NA,NA,white,69364.118781385
2004,male,65,NA,NA,NA,NA,NA,NA,white,66272.63615961
2004,male,66,NA,NA,NA,NA,NA,NA,white,63194.778879128
2004,male,67,NA,NA,NA,NA,NA,NA,white,59459.484646883
2004,male,68,NA,NA,NA,NA,NA,NA,white,57625.632143266
2004,male,69,NA,NA,NA,NA,NA,NA,white,56274.497260479
2004,male,70,NA,NA,NA,NA,NA,NA,white,53626.591459742
2004,male,71,NA,NA,NA,NA,NA,NA,white,52870.233632356
2004,male,72,NA,NA,NA,NA,NA,NA,white,52888.991697065
2004,male,73,NA,NA,NA,NA,NA,NA,white,52646.983649146
2004,male,74,NA,NA,NA,NA,NA,NA,white,51192.325026836
2004,male,75,NA,NA,NA,NA,NA,NA,white,48184.90332345
2004,male,76,NA,NA,NA,NA,NA,NA,white,46604.950419487
2004,male,77,NA,NA,NA,NA,NA,NA,white,44620.986030186
2004,male,78,NA,NA,NA,NA,NA,NA,white,43249.326308267
2004,male,79,NA,NA,NA,NA,NA,NA,white,42119.702073834
2004,male,80,NA,NA,NA,NA,NA,NA,white,39775.277951836
2004,male,81,NA,NA,NA,NA,NA,NA,white,37215.378988119
2004,male,82,NA,NA,NA,NA,NA,NA,white,35490.224576852
2004,male,83,NA,NA,NA,NA,NA,NA,white,31921.060595498
2004,male,84,NA,NA,NA,NA,NA,NA,white,27291.069884746
2004,male,85,NA,NA,NA,NA,NA,NA,white,23296.969409986
2004,male,86,NA,NA,NA,NA,NA,NA,white,20099.407826851
2004,male,87,NA,NA,NA,NA,NA,NA,white,16877.341956801
2004,male,88,NA,NA,NA,NA,NA,NA,white,14112.699681291
2004,male,89,NA,NA,NA,NA,NA,NA,white,11848.415784006
2004,male,90,NA,NA,NA,NA,NA,NA,white,9369.390787932
2004,male,91,NA,NA,NA,NA,NA,NA,white,7238.382947378
2004,male,92,NA,NA,NA,NA,NA,NA,white,5478.026643426
2004,male,93,NA,NA,NA,NA,NA,NA,white,3924.563813634
2004,male,94,NA,NA,NA,NA,NA,NA,white,2810.24669346
2004,male,95,NA,NA,NA,NA,NA,NA,white,1970.764633154
2004,male,96,NA,NA,NA,NA,NA,NA,white,1295.992251282
2004,male,97,NA,NA,NA,NA,NA,NA,white,813.061437227
2004,male,98,NA,NA,NA,NA,NA,NA,white,506.302547704
2004,male,99,NA,NA,NA,NA,NA,NA,white,323.231829199
2004,male,100,NA,NA,NA,NA,NA,NA,white,432.554327632
2005,female,0,NA,NA,NA,NA,NA,NA,black,12990.427115747
2005,female,1,NA,NA,NA,NA,NA,NA,black,13040.613705774
2005,female,2,NA,NA,NA,NA,NA,NA,black,13443.13267017
2005,female,3,NA,NA,NA,NA,NA,NA,black,13954.773234727
2005,female,4,NA,NA,NA,NA,NA,NA,black,14591.849012347
2005,female,5,NA,NA,NA,NA,NA,NA,black,14907.609793824
2005,female,6,NA,NA,NA,NA,NA,NA,black,15437.454054988
2005,female,7,NA,NA,NA,NA,NA,NA,black,15811.321059605
2005,female,8,NA,NA,NA,NA,NA,NA,black,16466.115280157
2005,female,9,NA,NA,NA,NA,NA,NA,black,17388.661278518
2005,female,10,NA,NA,NA,NA,NA,NA,black,18262.743875126
2005,female,11,NA,NA,NA,NA,NA,NA,black,18683.712568391
2005,female,12,NA,NA,NA,NA,NA,NA,black,18971.497545426
2005,female,13,NA,NA,NA,NA,NA,NA,black,19317.03609337
2005,female,14,NA,NA,NA,NA,NA,NA,black,19584.223327338
2005,female,15,NA,NA,NA,NA,NA,NA,black,19396.526615998
2005,female,16,NA,NA,NA,NA,NA,NA,black,18605.539622707
2005,female,17,NA,NA,NA,NA,NA,NA,black,17915.035523618
2005,female,18,NA,NA,NA,NA,NA,NA,black,17585.424629216
2005,female,19,NA,NA,NA,NA,NA,NA,black,17377.044624306
2005,female,20,NA,NA,NA,NA,NA,NA,black,16595.222816782
2005,female,21,NA,NA,NA,NA,NA,NA,black,16056.486319094
2005,female,22,NA,NA,NA,NA,NA,NA,black,15822.952762999
2005,female,23,NA,NA,NA,NA,NA,NA,black,15395.249260779001
2005,female,24,NA,NA,NA,NA,NA,NA,black,15498.320168105
2005,female,25,NA,NA,NA,NA,NA,NA,black,15091.800379942
2005,female,26,NA,NA,NA,NA,NA,NA,black,14720.347469019
2005,female,27,NA,NA,NA,NA,NA,NA,black,14309.090764453
2005,female,28,NA,NA,NA,NA,NA,NA,black,14244.55049852
2005,female,29,NA,NA,NA,NA,NA,NA,black,14574.81543845
2005,female,30,NA,NA,NA,NA,NA,NA,black,14360.870917186
2005,female,31,NA,NA,NA,NA,NA,NA,black,14199.203582442
2005,female,32,NA,NA,NA,NA,NA,NA,black,14647.816323829
2005,female,33,NA,NA,NA,NA,NA,NA,black,15820.388863582
2005,female,34,NA,NA,NA,NA,NA,NA,black,17353.13036188
2005,female,35,NA,NA,NA,NA,NA,NA,black,17286.369254805
2005,female,36,NA,NA,NA,NA,NA,NA,black,16411.539000857
2005,female,37,NA,NA,NA,NA,NA,NA,black,16510.635141679
2005,female,38,NA,NA,NA,NA,NA,NA,black,17082.302988121
2005,female,39,NA,NA,NA,NA,NA,NA,black,18222.325965648
2005,female,40,NA,NA,NA,NA,NA,NA,black,18882.839720103
2005,female,41,NA,NA,NA,NA,NA,NA,black,18712.120244872
2005,female,42,NA,NA,NA,NA,NA,NA,black,18762.918010363
2005,female,43,NA,NA,NA,NA,NA,NA,black,19130.92918665
2005,female,44,NA,NA,NA,NA,NA,NA,black,19480.622816454
2005,female,45,NA,NA,NA,NA,NA,NA,black,19218.815393798
2005,female,46,NA,NA,NA,NA,NA,NA,black,18171.225517444
2005,female,47,NA,NA,NA,NA,NA,NA,black,17783.928044425
2005,female,48,NA,NA,NA,NA,NA,NA,black,17221.32564281
2005,female,49,NA,NA,NA,NA,NA,NA,black,16797.525737023
2005,female,50,NA,NA,NA,NA,NA,NA,black,16153.498591298
2005,female,51,NA,NA,NA,NA,NA,NA,black,15153.965031151
2005,female,52,NA,NA,NA,NA,NA,NA,black,14530.239052855
2005,female,53,NA,NA,NA,NA,NA,NA,black,14080.342612031
2005,female,54,NA,NA,NA,NA,NA,NA,black,14039.307302715
2005,female,55,NA,NA,NA,NA,NA,NA,black,13781.956476961
2005,female,56,NA,NA,NA,NA,NA,NA,black,12993.420909704
2005,female,57,NA,NA,NA,NA,NA,NA,black,12149.827206184
2005,female,58,NA,NA,NA,NA,NA,NA,black,10863.00229085
2005,female,59,NA,NA,NA,NA,NA,NA,black,9891.342389742
2005,female,60,NA,NA,NA,NA,NA,NA,black,9530.36679146
2005,female,61,NA,NA,NA,NA,NA,NA,black,9343.440125609
2005,female,62,NA,NA,NA,NA,NA,NA,black,8893.993331252
2005,female,63,NA,NA,NA,NA,NA,NA,black,8350.333238139
2005,female,64,NA,NA,NA,NA,NA,NA,black,8048.729319329
2005,female,65,NA,NA,NA,NA,NA,NA,black,7921.398352798
2005,female,66,NA,NA,NA,NA,NA,NA,black,7416.057333067
2005,female,67,NA,NA,NA,NA,NA,NA,black,7070.849886664
2005,female,68,NA,NA,NA,NA,NA,NA,black,6706.756892797
2005,female,69,NA,NA,NA,NA,NA,NA,black,6569.801199209
2005,female,70,NA,NA,NA,NA,NA,NA,black,6365.728229582
2005,female,71,NA,NA,NA,NA,NA,NA,black,5918.503353384
2005,female,72,NA,NA,NA,NA,NA,NA,black,5479.895777276
2005,female,73,NA,NA,NA,NA,NA,NA,black,5062.873429117
2005,female,74,NA,NA,NA,NA,NA,NA,black,4973.288150374
2005,female,75,NA,NA,NA,NA,NA,NA,black,4864.483186814
2005,female,76,NA,NA,NA,NA,NA,NA,black,4495.491687046
2005,female,77,NA,NA,NA,NA,NA,NA,black,4336.693089412
2005,female,78,NA,NA,NA,NA,NA,NA,black,4195.745739745
2005,female,79,NA,NA,NA,NA,NA,NA,black,4026.295555945
2005,female,80,NA,NA,NA,NA,NA,NA,black,3793.975862136
2005,female,81,NA,NA,NA,NA,NA,NA,black,3516.196886884
2005,female,82,NA,NA,NA,NA,NA,NA,black,3198.851528334
2005,female,83,NA,NA,NA,NA,NA,NA,black,2955.291691698
2005,female,84,NA,NA,NA,NA,NA,NA,black,2702.579276088
2005,female,85,NA,NA,NA,NA,NA,NA,black,2495.462435523
2005,female,86,NA,NA,NA,NA,NA,NA,black,2060.452842348
2005,female,87,NA,NA,NA,NA,NA,NA,black,1823.526260716
2005,female,88,NA,NA,NA,NA,NA,NA,black,1606.698033063
2005,female,89,NA,NA,NA,NA,NA,NA,black,1379.066574308
2005,female,90,NA,NA,NA,NA,NA,NA,black,1194.89517467
2005,female,91,NA,NA,NA,NA,NA,NA,black,1057.506831973
2005,female,92,NA,NA,NA,NA,NA,NA,black,895.0582444
2005,female,93,NA,NA,NA,NA,NA,NA,black,708.656202875
2005,female,94,NA,NA,NA,NA,NA,NA,black,582.728386485
2005,female,95,NA,NA,NA,NA,NA,NA,black,445.641946873
2005,female,96,NA,NA,NA,NA,NA,NA,black,361.81026749
2005,female,97,NA,NA,NA,NA,NA,NA,black,241.162276091
2005,female,98,NA,NA,NA,NA,NA,NA,black,182.412026559
2005,female,99,NA,NA,NA,NA,NA,NA,black,149.491421417
2005,female,100,NA,NA,NA,NA,NA,NA,black,109.882645717
2005,male,0,NA,NA,NA,NA,NA,NA,black,13551.891755636
2005,male,1,NA,NA,NA,NA,NA,NA,black,13673.50210468
2005,male,2,NA,NA,NA,NA,NA,NA,black,14031.722867721
2005,male,3,NA,NA,NA,NA,NA,NA,black,14284.901311983
2005,male,4,NA,NA,NA,NA,NA,NA,black,14862.181774178
2005,male,5,NA,NA,NA,NA,NA,NA,black,15461.308592692
2005,male,6,NA,NA,NA,NA,NA,NA,black,16005.944093628
2005,male,7,NA,NA,NA,NA,NA,NA,black,16332.307887552999
2005,male,8,NA,NA,NA,NA,NA,NA,black,17084.371534209
2005,male,9,NA,NA,NA,NA,NA,NA,black,18105.796244227
2005,male,10,NA,NA,NA,NA,NA,NA,black,18875.215079121
2005,male,11,NA,NA,NA,NA,NA,NA,black,19360.235535031
2005,male,12,NA,NA,NA,NA,NA,NA,black,19700.064946473
2005,male,13,NA,NA,NA,NA,NA,NA,black,19963.825895106
2005,male,14,NA,NA,NA,NA,NA,NA,black,20203.490777887
2005,male,15,NA,NA,NA,NA,NA,NA,black,19798.913276756
2005,male,16,NA,NA,NA,NA,NA,NA,black,19024.367129799
2005,male,17,NA,NA,NA,NA,NA,NA,black,18373.204862636
2005,male,18,NA,NA,NA,NA,NA,NA,black,18250.356985431
2005,male,19,NA,NA,NA,NA,NA,NA,black,18347.617310224
2005,male,20,NA,NA,NA,NA,NA,NA,black,17897.668851754
2005,male,21,NA,NA,NA,NA,NA,NA,black,17322.048864503
2005,male,22,NA,NA,NA,NA,NA,NA,black,17310.696617635
2005,male,23,NA,NA,NA,NA,NA,NA,black,16590.073333504
2005,male,24,NA,NA,NA,NA,NA,NA,black,16562.687197977
2005,male,25,NA,NA,NA,NA,NA,NA,black,15947.252390208
2005,male,26,NA,NA,NA,NA,NA,NA,black,15347.96525557
2005,male,27,NA,NA,NA,NA,NA,NA,black,14821.520552369
2005,male,28,NA,NA,NA,NA,NA,NA,black,14527.638378946
2005,male,29,NA,NA,NA,NA,NA,NA,black,14593.279547182
2005,male,30,NA,NA,NA,NA,NA,NA,black,14318.621955614
2005,male,31,NA,NA,NA,NA,NA,NA,black,14221.55702465
2005,male,32,NA,NA,NA,NA,NA,NA,black,14686.997569767
2005,male,33,NA,NA,NA,NA,NA,NA,black,15820.250340293
2005,male,34,NA,NA,NA,NA,NA,NA,black,17302.226676225
2005,male,35,NA,NA,NA,NA,NA,NA,black,17381.270339089
2005,male,36,NA,NA,NA,NA,NA,NA,black,16566.618273383
2005,male,37,NA,NA,NA,NA,NA,NA,black,16399.040066072
2005,male,38,NA,NA,NA,NA,NA,NA,black,17065.899552896
2005,male,39,NA,NA,NA,NA,NA,NA,black,18211.146223868
2005,male,40,NA,NA,NA,NA,NA,NA,black,18965.640722438
2005,male,41,NA,NA,NA,NA,NA,NA,black,18639.059137038
2005,male,42,NA,NA,NA,NA,NA,NA,black,18646.331648846
2005,male,43,NA,NA,NA,NA,NA,NA,black,18937.877266451
2005,male,44,NA,NA,NA,NA,NA,NA,black,19381.877550601
2005,male,45,NA,NA,NA,NA,NA,NA,black,19152.917500604
2005,male,46,NA,NA,NA,NA,NA,NA,black,18070.272135774
2005,male,47,NA,NA,NA,NA,NA,NA,black,17432.396804955
2005,male,48,NA,NA,NA,NA,NA,NA,black,16854.217320071
2005,male,49,NA,NA,NA,NA,NA,NA,black,16454.711107581
2005,male,50,NA,NA,NA,NA,NA,NA,black,15812.869730016
2005,male,51,NA,NA,NA,NA,NA,NA,black,14508.529638604
2005,male,52,NA,NA,NA,NA,NA,NA,black,13428.59255857
2005,male,53,NA,NA,NA,NA,NA,NA,black,12970.980134968
2005,male,54,NA,NA,NA,NA,NA,NA,black,12970.503594655
2005,male,55,NA,NA,NA,NA,NA,NA,black,12666.824557486
2005,male,56,NA,NA,NA,NA,NA,NA,black,11592.404637554
2005,male,57,NA,NA,NA,NA,NA,NA,black,10853.279285156
2005,male,58,NA,NA,NA,NA,NA,NA,black,9486.478370102
2005,male,59,NA,NA,NA,NA,NA,NA,black,8592.264467798
2005,male,60,NA,NA,NA,NA,NA,NA,black,8344.772952241
2005,male,61,NA,NA,NA,NA,NA,NA,black,8016.601720726
2005,male,62,NA,NA,NA,NA,NA,NA,black,7489.409298873
2005,male,63,NA,NA,NA,NA,NA,NA,black,6979.520589471
2005,male,64,NA,NA,NA,NA,NA,NA,black,6761.824327036
2005,male,65,NA,NA,NA,NA,NA,NA,black,6682.886320487
2005,male,66,NA,NA,NA,NA,NA,NA,black,6299.618241895
2005,male,67,NA,NA,NA,NA,NA,NA,black,6136.055084739
2005,male,68,NA,NA,NA,NA,NA,NA,black,5774.249147913
2005,male,69,NA,NA,NA,NA,NA,NA,black,5532.690767618
2005,male,70,NA,NA,NA,NA,NA,NA,black,5216.945797488
2005,male,71,NA,NA,NA,NA,NA,NA,black,4668.034217153
2005,male,72,NA,NA,NA,NA,NA,NA,black,4317.928208678
2005,male,73,NA,NA,NA,NA,NA,NA,black,3940.349578789
2005,male,74,NA,NA,NA,NA,NA,NA,black,3687.668665375
2005,male,75,NA,NA,NA,NA,NA,NA,black,3375.041924408
2005,male,76,NA,NA,NA,NA,NA,NA,black,3021.36446257
2005,male,77,NA,NA,NA,NA,NA,NA,black,2861.08250066
2005,male,78,NA,NA,NA,NA,NA,NA,black,2674.417837217
2005,male,79,NA,NA,NA,NA,NA,NA,black,2439.515250445
2005,male,80,NA,NA,NA,NA,NA,NA,black,2360.747708195
2005,male,81,NA,NA,NA,NA,NA,NA,black,2094.238127132
2005,male,82,NA,NA,NA,NA,NA,NA,black,1853.405154314
2005,male,83,NA,NA,NA,NA,NA,NA,black,1644.825745904
2005,male,84,NA,NA,NA,NA,NA,NA,black,1441.642091942
2005,male,85,NA,NA,NA,NA,NA,NA,black,1276.649480541
2005,male,86,NA,NA,NA,NA,NA,NA,black,1016.18953513
2005,male,87,NA,NA,NA,NA,NA,NA,black,827.701008086
2005,male,88,NA,NA,NA,NA,NA,NA,black,699.985907683
2005,male,89,NA,NA,NA,NA,NA,NA,black,528.854920391
2005,male,90,NA,NA,NA,NA,NA,NA,black,457.424608221
2005,male,91,NA,NA,NA,NA,NA,NA,black,380.194042602
2005,male,92,NA,NA,NA,NA,NA,NA,black,280.337600133
2005,male,93,NA,NA,NA,NA,NA,NA,black,228.355223932
2005,male,94,NA,NA,NA,NA,NA,NA,black,196.997097537
2005,male,95,NA,NA,NA,NA,NA,NA,black,143.367071177
2005,male,96,NA,NA,NA,NA,NA,NA,black,89.9912674
2005,male,97,NA,NA,NA,NA,NA,NA,black,56.649779298
2005,male,98,NA,NA,NA,NA,NA,NA,black,43.619511661
2005,male,99,NA,NA,NA,NA,NA,NA,black,29.907595272
2005,male,100,NA,NA,NA,NA,NA,NA,black,29.150124937
2005,female,0,NA,NA,NA,NA,NA,NA,hispanic,133941.50751143
2005,female,1,NA,NA,NA,NA,NA,NA,hispanic,130523.346241462
2005,female,2,NA,NA,NA,NA,NA,NA,hispanic,128923.59802714
2005,female,3,NA,NA,NA,NA,NA,NA,hispanic,128611.595354474
2005,female,4,NA,NA,NA,NA,NA,NA,hispanic,127759.74818356
2005,female,5,NA,NA,NA,NA,NA,NA,hispanic,122477.598796963
2005,female,6,NA,NA,NA,NA,NA,NA,hispanic,122008.020151861
2005,female,7,NA,NA,NA,NA,NA,NA,hispanic,122943.486653734
2005,female,8,NA,NA,NA,NA,NA,NA,hispanic,124986.313174054
2005,female,9,NA,NA,NA,NA,NA,NA,hispanic,127570.493940043
2005,female,10,NA,NA,NA,NA,NA,NA,hispanic,129014.814333831
2005,female,11,NA,NA,NA,NA,NA,NA,hispanic,129296.64559186
2005,female,12,NA,NA,NA,NA,NA,NA,hispanic,129225.498342887
2005,female,13,NA,NA,NA,NA,NA,NA,hispanic,126841.573045949
2005,female,14,NA,NA,NA,NA,NA,NA,hispanic,122907.662829245
2005,female,15,NA,NA,NA,NA,NA,NA,hispanic,116452.371907583
2005,female,16,NA,NA,NA,NA,NA,NA,hispanic,111435.320560463
2005,female,17,NA,NA,NA,NA,NA,NA,hispanic,109128.591223792
2005,female,18,NA,NA,NA,NA,NA,NA,hispanic,108215.717292046
2005,female,19,NA,NA,NA,NA,NA,NA,hispanic,107450.07783832
2005,female,20,NA,NA,NA,NA,NA,NA,hispanic,105337.30376469
2005,female,21,NA,NA,NA,NA,NA,NA,hispanic,105353.382599414
2005,female,22,NA,NA,NA,NA,NA,NA,hispanic,106525.821480989
2005,female,23,NA,NA,NA,NA,NA,NA,hispanic,106563.075051595
2005,female,24,NA,NA,NA,NA,NA,NA,hispanic,106831.968972765
2005,female,25,NA,NA,NA,NA,NA,NA,hispanic,103428.062443658
2005,female,26,NA,NA,NA,NA,NA,NA,hispanic,102544.525612314
2005,female,27,NA,NA,NA,NA,NA,NA,hispanic,102930.338148139
2005,female,28,NA,NA,NA,NA,NA,NA,hispanic,103972.302413908
2005,female,29,NA,NA,NA,NA,NA,NA,hispanic,105632.796020915
2005,female,30,NA,NA,NA,NA,NA,NA,hispanic,104963.159161258
2005,female,31,NA,NA,NA,NA,NA,NA,hispanic,103653.607194685
2005,female,32,NA,NA,NA,NA,NA,NA,hispanic,103408.998071122
2005,female,33,NA,NA,NA,NA,NA,NA,hispanic,103379.762818454
2005,female,34,NA,NA,NA,NA,NA,NA,hispanic,104431.604933963
2005,female,35,NA,NA,NA,NA,NA,NA,hispanic,101840.247716459
2005,female,36,NA,NA,NA,NA,NA,NA,hispanic,97287.687759827
2005,female,37,NA,NA,NA,NA,NA,NA,hispanic,94689.702665692
2005,female,38,NA,NA,NA,NA,NA,NA,hispanic,92204.565354327
2005,female,39,NA,NA,NA,NA,NA,NA,hispanic,91881.349131303
2005,female,40,NA,NA,NA,NA,NA,NA,hispanic,91068.99217997
2005,female,41,NA,NA,NA,NA,NA,NA,hispanic,88077.020475155
2005,female,42,NA,NA,NA,NA,NA,NA,hispanic,84472.486088401
2005,female,43,NA,NA,NA,NA,NA,NA,hispanic,81999.148386665
2005,female,44,NA,NA,NA,NA,NA,NA,hispanic,80544.477497632
2005,female,45,NA,NA,NA,NA,NA,NA,hispanic,77054.878702631
2005,female,46,NA,NA,NA,NA,NA,NA,hispanic,72978.755608011
2005,female,47,NA,NA,NA,NA,NA,NA,hispanic,70051.503503368
2005,female,48,NA,NA,NA,NA,NA,NA,hispanic,67548.953485914
2005,female,49,NA,NA,NA,NA,NA,NA,hispanic,65031.333606528
2005,female,50,NA,NA,NA,NA,NA,NA,hispanic,61538.6917804
2005,female,51,NA,NA,NA,NA,NA,NA,hispanic,57051.160146737
2005,female,52,NA,NA,NA,NA,NA,NA,hispanic,53170.600040448
2005,female,53,NA,NA,NA,NA,NA,NA,hispanic,50325.129767079
2005,female,54,NA,NA,NA,NA,NA,NA,hispanic,48319.087779041
2005,female,55,NA,NA,NA,NA,NA,NA,hispanic,46036.208604938
2005,female,56,NA,NA,NA,NA,NA,NA,hispanic,42857.420548728
2005,female,57,NA,NA,NA,NA,NA,NA,hispanic,40108.034594635
2005,female,58,NA,NA,NA,NA,NA,NA,hispanic,36774.937897211
2005,female,59,NA,NA,NA,NA,NA,NA,hispanic,34386.012896048
2005,female,60,NA,NA,NA,NA,NA,NA,hispanic,32151.265623934
2005,female,61,NA,NA,NA,NA,NA,NA,hispanic,30435.919808802
2005,female,62,NA,NA,NA,NA,NA,NA,hispanic,28358.553109942
2005,female,63,NA,NA,NA,NA,NA,NA,hispanic,26365.513973845
2005,female,64,NA,NA,NA,NA,NA,NA,hispanic,25163.57596063
2005,female,65,NA,NA,NA,NA,NA,NA,hispanic,24153.59261546
2005,female,66,NA,NA,NA,NA,NA,NA,hispanic,22664.250006876
2005,female,67,NA,NA,NA,NA,NA,NA,hispanic,21698.298818518
2005,female,68,NA,NA,NA,NA,NA,NA,hispanic,20813.952748234
2005,female,69,NA,NA,NA,NA,NA,NA,hispanic,20240.389850194
2005,female,70,NA,NA,NA,NA,NA,NA,hispanic,19247.181318106
2005,female,71,NA,NA,NA,NA,NA,NA,hispanic,17828.579418719
2005,female,72,NA,NA,NA,NA,NA,NA,hispanic,17153.325379232
2005,female,73,NA,NA,NA,NA,NA,NA,hispanic,16829.714021621
2005,female,74,NA,NA,NA,NA,NA,NA,hispanic,16720.424896217
2005,female,75,NA,NA,NA,NA,NA,NA,hispanic,15949.004380705
2005,female,76,NA,NA,NA,NA,NA,NA,hispanic,14587.723640328
2005,female,77,NA,NA,NA,NA,NA,NA,hispanic,13730.250426119
2005,female,78,NA,NA,NA,NA,NA,NA,hispanic,12781.988140664
2005,female,79,NA,NA,NA,NA,NA,NA,hispanic,11927.737903928
2005,female,80,NA,NA,NA,NA,NA,NA,hispanic,10770.610172783
2005,female,81,NA,NA,NA,NA,NA,NA,hispanic,9611.815965083
2005,female,82,NA,NA,NA,NA,NA,NA,hispanic,8553.482897207
2005,female,83,NA,NA,NA,NA,NA,NA,hispanic,7700.856435644
2005,female,84,NA,NA,NA,NA,NA,NA,hispanic,6820.57396778
2005,female,85,NA,NA,NA,NA,NA,NA,hispanic,5820.892770116
2005,female,86,NA,NA,NA,NA,NA,NA,hispanic,4755.772119979
2005,female,87,NA,NA,NA,NA,NA,NA,hispanic,4091.329929308
2005,female,88,NA,NA,NA,NA,NA,NA,hispanic,3391.466495943
2005,female,89,NA,NA,NA,NA,NA,NA,hispanic,2841.561426601
2005,female,90,NA,NA,NA,NA,NA,NA,hispanic,2535.853834204
2005,female,91,NA,NA,NA,NA,NA,NA,hispanic,2226.060484235
2005,female,92,NA,NA,NA,NA,NA,NA,hispanic,1793.299668077
2005,female,93,NA,NA,NA,NA,NA,NA,hispanic,1417.662892113
2005,female,94,NA,NA,NA,NA,NA,NA,hispanic,1163.127624148
2005,female,95,NA,NA,NA,NA,NA,NA,hispanic,872.828240324
2005,female,96,NA,NA,NA,NA,NA,NA,hispanic,548.432032585
2005,female,97,NA,NA,NA,NA,NA,NA,hispanic,361.765156373
2005,female,98,NA,NA,NA,NA,NA,NA,hispanic,264.012155396
2005,female,99,NA,NA,NA,NA,NA,NA,hispanic,185.219976385
2005,female,100,NA,NA,NA,NA,NA,NA,hispanic,175.891394888
2005,male,0,NA,NA,NA,NA,NA,NA,hispanic,139360.778213537
2005,male,1,NA,NA,NA,NA,NA,NA,hispanic,135038.102875864
2005,male,2,NA,NA,NA,NA,NA,NA,hispanic,133646.658742901
2005,male,3,NA,NA,NA,NA,NA,NA,hispanic,133069.314784848
2005,male,4,NA,NA,NA,NA,NA,NA,hispanic,133760.179069443
2005,male,5,NA,NA,NA,NA,NA,NA,hispanic,128020.694302237
2005,male,6,NA,NA,NA,NA,NA,NA,hispanic,126594.053133856
2005,male,7,NA,NA,NA,NA,NA,NA,hispanic,127534.225535355
2005,male,8,NA,NA,NA,NA,NA,NA,hispanic,130216.276399548
2005,male,9,NA,NA,NA,NA,NA,NA,hispanic,132995.155410852
2005,male,10,NA,NA,NA,NA,NA,NA,hispanic,134948.150156171
2005,male,11,NA,NA,NA,NA,NA,NA,hispanic,135701.60518801
2005,male,12,NA,NA,NA,NA,NA,NA,hispanic,135615.515277657
2005,male,13,NA,NA,NA,NA,NA,NA,hispanic,133297.930008457
2005,male,14,NA,NA,NA,NA,NA,NA,hispanic,130558.734678086
2005,male,15,NA,NA,NA,NA,NA,NA,hispanic,124903.982114393
2005,male,16,NA,NA,NA,NA,NA,NA,hispanic,120542.29733376
2005,male,17,NA,NA,NA,NA,NA,NA,hispanic,118845.809812029
2005,male,18,NA,NA,NA,NA,NA,NA,hispanic,118632.853652016
2005,male,19,NA,NA,NA,NA,NA,NA,hispanic,117772.869348402
2005,male,20,NA,NA,NA,NA,NA,NA,hispanic,114945.964736305
2005,male,21,NA,NA,NA,NA,NA,NA,hispanic,115605.887688193
2005,male,22,NA,NA,NA,NA,NA,NA,hispanic,117455.302976474
2005,male,23,NA,NA,NA,NA,NA,NA,hispanic,118470.975153959
2005,male,24,NA,NA,NA,NA,NA,NA,hispanic,120833.694667579
2005,male,25,NA,NA,NA,NA,NA,NA,hispanic,116499.927284463
2005,male,26,NA,NA,NA,NA,NA,NA,hispanic,114451.137355488
2005,male,27,NA,NA,NA,NA,NA,NA,hispanic,113924.015650282
2005,male,28,NA,NA,NA,NA,NA,NA,hispanic,113829.193289874
2005,male,29,NA,NA,NA,NA,NA,NA,hispanic,114791.818383541
2005,male,30,NA,NA,NA,NA,NA,NA,hispanic,112727.191159089
2005,male,31,NA,NA,NA,NA,NA,NA,hispanic,110071.908714651
2005,male,32,NA,NA,NA,NA,NA,NA,hispanic,110044.997730681
2005,male,33,NA,NA,NA,NA,NA,NA,hispanic,109803.545855771
2005,male,34,NA,NA,NA,NA,NA,NA,hispanic,112823.822823694
2005,male,35,NA,NA,NA,NA,NA,NA,hispanic,110824.788274417
2005,male,36,NA,NA,NA,NA,NA,NA,hispanic,105995.180580911
2005,male,37,NA,NA,NA,NA,NA,NA,hispanic,102243.404950557
2005,male,38,NA,NA,NA,NA,NA,NA,hispanic,99592.72333447
2005,male,39,NA,NA,NA,NA,NA,NA,hispanic,99259.5186329
2005,male,40,NA,NA,NA,NA,NA,NA,hispanic,96735.155537988
2005,male,41,NA,NA,NA,NA,NA,NA,hispanic,91766.607074623
2005,male,42,NA,NA,NA,NA,NA,NA,hispanic,87171.602986424
2005,male,43,NA,NA,NA,NA,NA,NA,hispanic,84375.623175138
2005,male,44,NA,NA,NA,NA,NA,NA,hispanic,82653.215793672
2005,male,45,NA,NA,NA,NA,NA,NA,hispanic,78588.004277362
2005,male,46,NA,NA,NA,NA,NA,NA,hispanic,72953.639081653
2005,male,47,NA,NA,NA,NA,NA,NA,hispanic,69505.863060464
2005,male,48,NA,NA,NA,NA,NA,NA,hispanic,66038.211579099
2005,male,49,NA,NA,NA,NA,NA,NA,hispanic,63361.22930938
2005,male,50,NA,NA,NA,NA,NA,NA,hispanic,59742.942136225
2005,male,51,NA,NA,NA,NA,NA,NA,hispanic,54376.693998426
2005,male,52,NA,NA,NA,NA,NA,NA,hispanic,50432.278283355
2005,male,53,NA,NA,NA,NA,NA,NA,hispanic,47274.397594574
2005,male,54,NA,NA,NA,NA,NA,NA,hispanic,45257.827865474
2005,male,55,NA,NA,NA,NA,NA,NA,hispanic,42541.617762428
2005,male,56,NA,NA,NA,NA,NA,NA,hispanic,39171.768435107
2005,male,57,NA,NA,NA,NA,NA,NA,hispanic,36615.059156621
2005,male,58,NA,NA,NA,NA,NA,NA,hispanic,33141.35890561
2005,male,59,NA,NA,NA,NA,NA,NA,hispanic,30210.00033342
2005,male,60,NA,NA,NA,NA,NA,NA,hispanic,27877.164874734
2005,male,61,NA,NA,NA,NA,NA,NA,hispanic,25831.061850123
2005,male,62,NA,NA,NA,NA,NA,NA,hispanic,23813.675443494
2005,male,63,NA,NA,NA,NA,NA,NA,hispanic,22078.467028768
2005,male,64,NA,NA,NA,NA,NA,NA,hispanic,20993.363403757
2005,male,65,NA,NA,NA,NA,NA,NA,hispanic,19847.464212203
2005,male,66,NA,NA,NA,NA,NA,NA,hispanic,18551.001733562
2005,male,67,NA,NA,NA,NA,NA,NA,hispanic,17390.7542287
2005,male,68,NA,NA,NA,NA,NA,NA,hispanic,16531.496083314
2005,male,69,NA,NA,NA,NA,NA,NA,hispanic,15746.786072222
2005,male,70,NA,NA,NA,NA,NA,NA,hispanic,14902.637516399
2005,male,71,NA,NA,NA,NA,NA,NA,hispanic,13628.525008972
2005,male,72,NA,NA,NA,NA,NA,NA,hispanic,13009.795486036
2005,male,73,NA,NA,NA,NA,NA,NA,hispanic,12670.538278956
2005,male,74,NA,NA,NA,NA,NA,NA,hispanic,12406.517531228
2005,male,75,NA,NA,NA,NA,NA,NA,hispanic,11603.461145528
2005,male,76,NA,NA,NA,NA,NA,NA,hispanic,10372.633062592
2005,male,77,NA,NA,NA,NA,NA,NA,hispanic,9551.297008609
2005,male,78,NA,NA,NA,NA,NA,NA,hispanic,8810.498639595
2005,male,79,NA,NA,NA,NA,NA,NA,hispanic,8070.617077677
2005,male,80,NA,NA,NA,NA,NA,NA,hispanic,7403.485175663
2005,male,81,NA,NA,NA,NA,NA,NA,hispanic,6871.975995672
2005,male,82,NA,NA,NA,NA,NA,NA,hispanic,5984.627173285
2005,male,83,NA,NA,NA,NA,NA,NA,hispanic,5083.933712509
2005,male,84,NA,NA,NA,NA,NA,NA,hispanic,4186.052345018
2005,male,85,NA,NA,NA,NA,NA,NA,hispanic,3478.261540401
2005,male,86,NA,NA,NA,NA,NA,NA,hispanic,2752.291208612
2005,male,87,NA,NA,NA,NA,NA,NA,hispanic,2201.014181792
2005,male,88,NA,NA,NA,NA,NA,NA,hispanic,1775.559602121
2005,male,89,NA,NA,NA,NA,NA,NA,hispanic,1499.520829651
2005,male,90,NA,NA,NA,NA,NA,NA,hispanic,1189.509105444
2005,male,91,NA,NA,NA,NA,NA,NA,hispanic,980.27812208
2005,male,92,NA,NA,NA,NA,NA,NA,hispanic,844.7762789
2005,male,93,NA,NA,NA,NA,NA,NA,hispanic,637.378126234
2005,male,94,NA,NA,NA,NA,NA,NA,hispanic,470.182820897
2005,male,95,NA,NA,NA,NA,NA,NA,hispanic,321.910684988
2005,male,96,NA,NA,NA,NA,NA,NA,hispanic,197.804357358
2005,male,97,NA,NA,NA,NA,NA,NA,hispanic,151.335739617
2005,male,98,NA,NA,NA,NA,NA,NA,hispanic,95.399209858
2005,male,99,NA,NA,NA,NA,NA,NA,hispanic,67.585189526
2005,male,100,NA,NA,NA,NA,NA,NA,hispanic,73.548350101
2005,female,0,NA,NA,NA,NA,NA,NA,white,70720.919396077
2005,female,1,NA,NA,NA,NA,NA,NA,white,71550.687566408
2005,female,2,NA,NA,NA,NA,NA,NA,white,71534.160299824
2005,female,3,NA,NA,NA,NA,NA,NA,white,71470.116227341
2005,female,4,NA,NA,NA,NA,NA,NA,white,73080.202361954
2005,female,5,NA,NA,NA,NA,NA,NA,white,73698.320435179
2005,female,6,NA,NA,NA,NA,NA,NA,white,74412.10184357
2005,female,7,NA,NA,NA,NA,NA,NA,white,75562.928131342
2005,female,8,NA,NA,NA,NA,NA,NA,white,77989.704398547
2005,female,9,NA,NA,NA,NA,NA,NA,white,81812.034588343
2005,female,10,NA,NA,NA,NA,NA,NA,white,84386.051101173
2005,female,11,NA,NA,NA,NA,NA,NA,white,85723.878533254
2005,female,12,NA,NA,NA,NA,NA,NA,white,87213.895766995
2005,female,13,NA,NA,NA,NA,NA,NA,white,88698.040706453
2005,female,14,NA,NA,NA,NA,NA,NA,white,89881.850186699
2005,female,15,NA,NA,NA,NA,NA,NA,white,89634.792938062
2005,female,16,NA,NA,NA,NA,NA,NA,white,88731.972282088
2005,female,17,NA,NA,NA,NA,NA,NA,white,88900.795648474
2005,female,18,NA,NA,NA,NA,NA,NA,white,93064.954023424
2005,female,19,NA,NA,NA,NA,NA,NA,white,95634.701520132
2005,female,20,NA,NA,NA,NA,NA,NA,white,94565.952134191
2005,female,21,NA,NA,NA,NA,NA,NA,white,93034.082018601
2005,female,22,NA,NA,NA,NA,NA,NA,white,93040.452539455
2005,female,23,NA,NA,NA,NA,NA,NA,white,90970.734128611
2005,female,24,NA,NA,NA,NA,NA,NA,white,91135.748080921
2005,female,25,NA,NA,NA,NA,NA,NA,white,87234.444757193
2005,female,26,NA,NA,NA,NA,NA,NA,white,85335.186241494
2005,female,27,NA,NA,NA,NA,NA,NA,white,84481.96117094
2005,female,28,NA,NA,NA,NA,NA,NA,white,84588.817211168
2005,female,29,NA,NA,NA,NA,NA,NA,white,86567.564274541
2005,female,30,NA,NA,NA,NA,NA,NA,white,86377.871808824
2005,female,31,NA,NA,NA,NA,NA,NA,white,85876.342161642
2005,female,32,NA,NA,NA,NA,NA,NA,white,89079.386530699
2005,female,33,NA,NA,NA,NA,NA,NA,white,97195.348232745
2005,female,34,NA,NA,NA,NA,NA,NA,white,105854.516473882
2005,female,35,NA,NA,NA,NA,NA,NA,white,108590.675007204
2005,female,36,NA,NA,NA,NA,NA,NA,white,104571.652103782
2005,female,37,NA,NA,NA,NA,NA,NA,white,104361.999089319
2005,female,38,NA,NA,NA,NA,NA,NA,white,106188.158527442
2005,female,39,NA,NA,NA,NA,NA,NA,white,113058.43147103301
2005,female,40,NA,NA,NA,NA,NA,NA,white,121676.493083825
2005,female,41,NA,NA,NA,NA,NA,NA,white,125771.139619921
2005,female,42,NA,NA,NA,NA,NA,NA,white,128710.938652578
2005,female,43,NA,NA,NA,NA,NA,NA,white,132247.348254994
2005,female,44,NA,NA,NA,NA,NA,NA,white,135280.092718988
2005,female,45,NA,NA,NA,NA,NA,NA,white,135300.867783226
2005,female,46,NA,NA,NA,NA,NA,NA,white,133680.458234589
2005,female,47,NA,NA,NA,NA,NA,NA,white,134522.235948983
2005,female,48,NA,NA,NA,NA,NA,NA,white,133592.956399304
2005,female,49,NA,NA,NA,NA,NA,NA,white,132774.062242934
2005,female,50,NA,NA,NA,NA,NA,NA,white,132096.791820293
2005,female,51,NA,NA,NA,NA,NA,NA,white,129280.032470318
2005,female,52,NA,NA,NA,NA,NA,NA,white,126433.808233649
2005,female,53,NA,NA,NA,NA,NA,NA,white,122836.451055378
2005,female,54,NA,NA,NA,NA,NA,NA,white,120994.580022045
2005,female,55,NA,NA,NA,NA,NA,NA,white,120598.743122787
2005,female,56,NA,NA,NA,NA,NA,NA,white,120479.225986288
2005,female,57,NA,NA,NA,NA,NA,NA,white,122592.754103945
2005,female,58,NA,NA,NA,NA,NA,NA,white,112088.404684367
2005,female,59,NA,NA,NA,NA,NA,NA,white,98093.019788306
2005,female,60,NA,NA,NA,NA,NA,NA,white,94061.594026303
2005,female,61,NA,NA,NA,NA,NA,NA,white,93417.79335963
2005,female,62,NA,NA,NA,NA,NA,NA,white,89079.125837929
2005,female,63,NA,NA,NA,NA,NA,NA,white,80590.387560359
2005,female,64,NA,NA,NA,NA,NA,NA,white,75058.176397027
2005,female,65,NA,NA,NA,NA,NA,NA,white,72601.316519106
2005,female,66,NA,NA,NA,NA,NA,NA,white,70055.562623847
2005,female,67,NA,NA,NA,NA,NA,NA,white,67503.918982244
2005,female,68,NA,NA,NA,NA,NA,NA,white,64802.844043913
2005,female,69,NA,NA,NA,NA,NA,NA,white,63412.60292718
2005,female,70,NA,NA,NA,NA,NA,NA,white,61903.03789164
2005,female,71,NA,NA,NA,NA,NA,NA,white,59755.402968935
2005,female,72,NA,NA,NA,NA,NA,NA,white,59413.767145409
2005,female,73,NA,NA,NA,NA,NA,NA,white,59739.601745446
2005,female,74,NA,NA,NA,NA,NA,NA,white,60364.519386758
2005,female,75,NA,NA,NA,NA,NA,NA,white,59843.920424564
2005,female,76,NA,NA,NA,NA,NA,NA,white,58753.616427942
2005,female,77,NA,NA,NA,NA,NA,NA,white,58926.216259323
2005,female,78,NA,NA,NA,NA,NA,NA,white,59111.18144467
2005,female,79,NA,NA,NA,NA,NA,NA,white,58939.460949328
2005,female,80,NA,NA,NA,NA,NA,NA,white,58224.344978965
2005,female,81,NA,NA,NA,NA,NA,NA,white,55254.2695837
2005,female,82,NA,NA,NA,NA,NA,NA,white,52391.926653952
2005,female,83,NA,NA,NA,NA,NA,NA,white,49642.623693311
2005,female,84,NA,NA,NA,NA,NA,NA,white,45001.876776739
2005,female,85,NA,NA,NA,NA,NA,NA,white,39387.754840749
2005,female,86,NA,NA,NA,NA,NA,NA,white,34810.967472502
2005,female,87,NA,NA,NA,NA,NA,NA,white,30348.202667516
2005,female,88,NA,NA,NA,NA,NA,NA,white,26539.786119345
2005,female,89,NA,NA,NA,NA,NA,NA,white,23475.5032563
2005,female,90,NA,NA,NA,NA,NA,NA,white,20563.565930676
2005,female,91,NA,NA,NA,NA,NA,NA,white,17284.979447751
2005,female,92,NA,NA,NA,NA,NA,NA,white,14231.826637164
2005,female,93,NA,NA,NA,NA,NA,NA,white,11351.163200689
2005,female,94,NA,NA,NA,NA,NA,NA,white,8960.591924094
2005,female,95,NA,NA,NA,NA,NA,NA,white,6957.027297231
2005,female,96,NA,NA,NA,NA,NA,NA,white,5092.980600314
2005,female,97,NA,NA,NA,NA,NA,NA,white,3779.104399048
2005,female,98,NA,NA,NA,NA,NA,NA,white,2731.285312525
2005,female,99,NA,NA,NA,NA,NA,NA,white,2015.24194184
2005,female,100,NA,NA,NA,NA,NA,NA,white,2256.618144402
2005,male,0,NA,NA,NA,NA,NA,NA,white,74784.496260309
2005,male,1,NA,NA,NA,NA,NA,NA,white,75154.73688046
2005,male,2,NA,NA,NA,NA,NA,NA,white,75327.796608542
2005,male,3,NA,NA,NA,NA,NA,NA,white,75881.977794835
2005,male,4,NA,NA,NA,NA,NA,NA,white,77417.310170194
2005,male,5,NA,NA,NA,NA,NA,NA,white,77381.755964417
2005,male,6,NA,NA,NA,NA,NA,NA,white,78312.367632947
2005,male,7,NA,NA,NA,NA,NA,NA,white,79639.41502747
2005,male,8,NA,NA,NA,NA,NA,NA,white,82356.270308483
2005,male,9,NA,NA,NA,NA,NA,NA,white,86193.39296721
2005,male,10,NA,NA,NA,NA,NA,NA,white,89066.129125084
2005,male,11,NA,NA,NA,NA,NA,NA,white,91178.875726593
2005,male,12,NA,NA,NA,NA,NA,NA,white,93251.828501592
2005,male,13,NA,NA,NA,NA,NA,NA,white,94199.856240093
2005,male,14,NA,NA,NA,NA,NA,NA,white,96599.475778295
2005,male,15,NA,NA,NA,NA,NA,NA,white,94234.338729116
2005,male,16,NA,NA,NA,NA,NA,NA,white,93776.723191457
2005,male,17,NA,NA,NA,NA,NA,NA,white,95099.769728552
2005,male,18,NA,NA,NA,NA,NA,NA,white,100411.632218723
2005,male,19,NA,NA,NA,NA,NA,NA,white,102948.351463276
2005,male,20,NA,NA,NA,NA,NA,NA,white,104217.300076949
2005,male,21,NA,NA,NA,NA,NA,NA,white,100812.026950538
2005,male,22,NA,NA,NA,NA,NA,NA,white,99779.157398905
2005,male,23,NA,NA,NA,NA,NA,NA,white,97025.22512151
2005,male,24,NA,NA,NA,NA,NA,NA,white,96710.642551414
2005,male,25,NA,NA,NA,NA,NA,NA,white,93323.158735629
2005,male,26,NA,NA,NA,NA,NA,NA,white,92323.328430092
2005,male,27,NA,NA,NA,NA,NA,NA,white,90632.825435768
2005,male,28,NA,NA,NA,NA,NA,NA,white,89446.273138838
2005,male,29,NA,NA,NA,NA,NA,NA,white,91663.309962106
2005,male,30,NA,NA,NA,NA,NA,NA,white,91837.723371904
2005,male,31,NA,NA,NA,NA,NA,NA,white,90967.813103608
2005,male,32,NA,NA,NA,NA,NA,NA,white,94097.283060887
2005,male,33,NA,NA,NA,NA,NA,NA,white,102255.96679377901
2005,male,34,NA,NA,NA,NA,NA,NA,white,111332.343621587
2005,male,35,NA,NA,NA,NA,NA,NA,white,113637.620643893
2005,male,36,NA,NA,NA,NA,NA,NA,white,109457.504733779
2005,male,37,NA,NA,NA,NA,NA,NA,white,109350.663417811
2005,male,38,NA,NA,NA,NA,NA,NA,white,111229.381816061
2005,male,39,NA,NA,NA,NA,NA,NA,white,118430.529899462
2005,male,40,NA,NA,NA,NA,NA,NA,white,126961.568846595
2005,male,41,NA,NA,NA,NA,NA,NA,white,130275.713743866
2005,male,42,NA,NA,NA,NA,NA,NA,white,133080.095577428
2005,male,43,NA,NA,NA,NA,NA,NA,white,136692.118647555
2005,male,44,NA,NA,NA,NA,NA,NA,white,139855.608505784
2005,male,45,NA,NA,NA,NA,NA,NA,white,140606.219050639
2005,male,46,NA,NA,NA,NA,NA,NA,white,138020.667070168
2005,male,47,NA,NA,NA,NA,NA,NA,white,138180.044380387
2005,male,48,NA,NA,NA,NA,NA,NA,white,136095.955012232
2005,male,49,NA,NA,NA,NA,NA,NA,white,134749.936066535
2005,male,50,NA,NA,NA,NA,NA,NA,white,133455.85121423
2005,male,51,NA,NA,NA,NA,NA,NA,white,129461.955460351
2005,male,52,NA,NA,NA,NA,NA,NA,white,125932.715633682
2005,male,53,NA,NA,NA,NA,NA,NA,white,122026.312195305
2005,male,54,NA,NA,NA,NA,NA,NA,white,119854.742819841
2005,male,55,NA,NA,NA,NA,NA,NA,white,119759.453432416
2005,male,56,NA,NA,NA,NA,NA,NA,white,118695.987085048
2005,male,57,NA,NA,NA,NA,NA,NA,white,120800.268102228
2005,male,58,NA,NA,NA,NA,NA,NA,white,110545.747210972
2005,male,59,NA,NA,NA,NA,NA,NA,white,95674.39760843
2005,male,60,NA,NA,NA,NA,NA,NA,white,91120.335647709
2005,male,61,NA,NA,NA,NA,NA,NA,white,89866.556578486
2005,male,62,NA,NA,NA,NA,NA,NA,white,84783.53163443
2005,male,63,NA,NA,NA,NA,NA,NA,white,76009.820015043
2005,male,64,NA,NA,NA,NA,NA,NA,white,70372.607330249
2005,male,65,NA,NA,NA,NA,NA,NA,white,67765.288946338
2005,male,66,NA,NA,NA,NA,NA,NA,white,64596.802267462
2005,male,67,NA,NA,NA,NA,NA,NA,white,61581.613768491
2005,male,68,NA,NA,NA,NA,NA,NA,white,57941.765068236
2005,male,69,NA,NA,NA,NA,NA,NA,white,56224.276053985
2005,male,70,NA,NA,NA,NA,NA,NA,white,54516.287443175
2005,male,71,NA,NA,NA,NA,NA,NA,white,52143.324236859
2005,male,72,NA,NA,NA,NA,NA,NA,white,51448.438981085
2005,male,73,NA,NA,NA,NA,NA,NA,white,51326.107283462
2005,male,74,NA,NA,NA,NA,NA,NA,white,50828.936615251
2005,male,75,NA,NA,NA,NA,NA,NA,white,49074.357876077
2005,male,76,NA,NA,NA,NA,NA,NA,white,46156.709619649
2005,male,77,NA,NA,NA,NA,NA,NA,white,44432.866553585
2005,male,78,NA,NA,NA,NA,NA,NA,white,42412.048056374
2005,male,79,NA,NA,NA,NA,NA,NA,white,40905.633729118
2005,male,80,NA,NA,NA,NA,NA,NA,white,39516.678766221
2005,male,81,NA,NA,NA,NA,NA,NA,white,37091.513861638
2005,male,82,NA,NA,NA,NA,NA,NA,white,34520.03547183
2005,male,83,NA,NA,NA,NA,NA,NA,white,32541.568043557
2005,male,84,NA,NA,NA,NA,NA,NA,white,28866.768213436
2005,male,85,NA,NA,NA,NA,NA,NA,white,24388.583400644002
2005,male,86,NA,NA,NA,NA,NA,NA,white,20681.291768495
2005,male,87,NA,NA,NA,NA,NA,NA,white,17507.235160438
2005,male,88,NA,NA,NA,NA,NA,NA,white,14485.189047027
2005,male,89,NA,NA,NA,NA,NA,NA,white,11826.229809053
2005,male,90,NA,NA,NA,NA,NA,NA,white,9781.371001682
2005,male,91,NA,NA,NA,NA,NA,NA,white,7596.375841567
2005,male,92,NA,NA,NA,NA,NA,NA,white,5737.309016269
2005,male,93,NA,NA,NA,NA,NA,NA,white,4306.363029244
2005,male,94,NA,NA,NA,NA,NA,NA,white,3021.130093906
2005,male,95,NA,NA,NA,NA,NA,NA,white,2076.901601898
2005,male,96,NA,NA,NA,NA,NA,NA,white,1401.290491553
2005,male,97,NA,NA,NA,NA,NA,NA,white,853.662001709
2005,male,98,NA,NA,NA,NA,NA,NA,white,535.233718079
2005,male,99,NA,NA,NA,NA,NA,NA,white,356.64368745
2005,male,100,NA,NA,NA,NA,NA,NA,white,497.758557277
2006,female,0,NA,NA,NA,NA,NA,NA,black,12993.182049699
2006,female,1,NA,NA,NA,NA,NA,NA,black,12948.251839941
2006,female,2,NA,NA,NA,NA,NA,NA,black,13090.330724653
2006,female,3,NA,NA,NA,NA,NA,NA,black,13480.261139769
2006,female,4,NA,NA,NA,NA,NA,NA,black,13999.013803476
2006,female,5,NA,NA,NA,NA,NA,NA,black,14600.624727482
2006,female,6,NA,NA,NA,NA,NA,NA,black,14881.252654101
2006,female,7,NA,NA,NA,NA,NA,NA,black,15359.033717772
2006,female,8,NA,NA,NA,NA,NA,NA,black,15773.594749251
2006,female,9,NA,NA,NA,NA,NA,NA,black,16377.791250488
2006,female,10,NA,NA,NA,NA,NA,NA,black,17341.59577999
2006,female,11,NA,NA,NA,NA,NA,NA,black,18170.312925365
2006,female,12,NA,NA,NA,NA,NA,NA,black,18541.763569009
2006,female,13,NA,NA,NA,NA,NA,NA,black,18835.871813661
2006,female,14,NA,NA,NA,NA,NA,NA,black,19179.317653669
2006,female,15,NA,NA,NA,NA,NA,NA,black,19423.439791001
2006,female,16,NA,NA,NA,NA,NA,NA,black,19074.026005516
2006,female,17,NA,NA,NA,NA,NA,NA,black,18349.82842823
2006,female,18,NA,NA,NA,NA,NA,NA,black,17652.060889635
2006,female,19,NA,NA,NA,NA,NA,NA,black,17331.34698584
2006,female,20,NA,NA,NA,NA,NA,NA,black,17111.565596967
2006,female,21,NA,NA,NA,NA,NA,NA,black,16271.788464674
2006,female,22,NA,NA,NA,NA,NA,NA,black,15808.869521866
2006,female,23,NA,NA,NA,NA,NA,NA,black,15540.629215274
2006,female,24,NA,NA,NA,NA,NA,NA,black,15294.000840156
2006,female,25,NA,NA,NA,NA,NA,NA,black,15525.506389764
2006,female,26,NA,NA,NA,NA,NA,NA,black,15039.463178881
2006,female,27,NA,NA,NA,NA,NA,NA,black,14671.891222029
2006,female,28,NA,NA,NA,NA,NA,NA,black,14288.819215861
2006,female,29,NA,NA,NA,NA,NA,NA,black,14186.350295951
2006,female,30,NA,NA,NA,NA,NA,NA,black,14562.193338837
2006,female,31,NA,NA,NA,NA,NA,NA,black,14172.299723745
2006,female,32,NA,NA,NA,NA,NA,NA,black,14091.165629557
2006,female,33,NA,NA,NA,NA,NA,NA,black,14572.960102718
2006,female,34,NA,NA,NA,NA,NA,NA,black,15841.566409007
2006,female,35,NA,NA,NA,NA,NA,NA,black,17317.631638745
2006,female,36,NA,NA,NA,NA,NA,NA,black,16968.652061153
2006,female,37,NA,NA,NA,NA,NA,NA,black,16192.861731455
2006,female,38,NA,NA,NA,NA,NA,NA,black,16404.32772474
2006,female,39,NA,NA,NA,NA,NA,NA,black,16995.084258869
2006,female,40,NA,NA,NA,NA,NA,NA,black,18189.869779306
2006,female,41,NA,NA,NA,NA,NA,NA,black,18599.140028033
2006,female,42,NA,NA,NA,NA,NA,NA,black,18510.610085664
2006,female,43,NA,NA,NA,NA,NA,NA,black,18586.032878801
2006,female,44,NA,NA,NA,NA,NA,NA,black,18970.789062547
2006,female,45,NA,NA,NA,NA,NA,NA,black,19353.825439687
2006,female,46,NA,NA,NA,NA,NA,NA,black,18911.698713098
2006,female,47,NA,NA,NA,NA,NA,NA,black,17987.41754691
2006,female,48,NA,NA,NA,NA,NA,NA,black,17608.225826944
2006,female,49,NA,NA,NA,NA,NA,NA,black,17032.719265907
2006,female,50,NA,NA,NA,NA,NA,NA,black,16681.714550074
2006,female,51,NA,NA,NA,NA,NA,NA,black,15872.971019083
2006,female,52,NA,NA,NA,NA,NA,NA,black,14979.883542043
2006,female,53,NA,NA,NA,NA,NA,NA,black,14313.199392403
2006,female,54,NA,NA,NA,NA,NA,NA,black,13876.935673077
2006,female,55,NA,NA,NA,NA,NA,NA,black,13897.656876534
2006,female,56,NA,NA,NA,NA,NA,NA,black,13509.737558448
2006,female,57,NA,NA,NA,NA,NA,NA,black,12782.270369417
2006,female,58,NA,NA,NA,NA,NA,NA,black,11905.003171894
2006,female,59,NA,NA,NA,NA,NA,NA,black,10539.136495816
2006,female,60,NA,NA,NA,NA,NA,NA,black,9710.167264832
2006,female,61,NA,NA,NA,NA,NA,NA,black,9371.028634151
2006,female,62,NA,NA,NA,NA,NA,NA,black,9195.61169527
2006,female,63,NA,NA,NA,NA,NA,NA,black,8697.496892236
2006,female,64,NA,NA,NA,NA,NA,NA,black,8172.221357452
2006,female,65,NA,NA,NA,NA,NA,NA,black,7899.423737978
2006,female,66,NA,NA,NA,NA,NA,NA,black,7724.963271647
2006,female,67,NA,NA,NA,NA,NA,NA,black,7244.72322511
2006,female,68,NA,NA,NA,NA,NA,NA,black,6867.907003959
2006,female,69,NA,NA,NA,NA,NA,NA,black,6537.629432706
2006,female,70,NA,NA,NA,NA,NA,NA,black,6403.149097398
2006,female,71,NA,NA,NA,NA,NA,NA,black,6134.084628207
2006,female,72,NA,NA,NA,NA,NA,NA,black,5722.650873766
2006,female,73,NA,NA,NA,NA,NA,NA,black,5243.096139638
2006,female,74,NA,NA,NA,NA,NA,NA,black,4890.287135788
2006,female,75,NA,NA,NA,NA,NA,NA,black,4794.226483585
2006,female,76,NA,NA,NA,NA,NA,NA,black,4631.263934369
2006,female,77,NA,NA,NA,NA,NA,NA,black,4291.597329664
2006,female,78,NA,NA,NA,NA,NA,NA,black,4118.624818013
2006,female,79,NA,NA,NA,NA,NA,NA,black,3991.386026813
2006,female,80,NA,NA,NA,NA,NA,NA,black,3808.723167376
2006,female,81,NA,NA,NA,NA,NA,NA,black,3552.67040455
2006,female,82,NA,NA,NA,NA,NA,NA,black,3281.317841764
2006,female,83,NA,NA,NA,NA,NA,NA,black,2970.849356987
2006,female,84,NA,NA,NA,NA,NA,NA,black,2737.74494816
2006,female,85,NA,NA,NA,NA,NA,NA,black,2478.137468359
2006,female,86,NA,NA,NA,NA,NA,NA,black,2242.606437379
2006,female,87,NA,NA,NA,NA,NA,NA,black,1841.523642064
2006,female,88,NA,NA,NA,NA,NA,NA,black,1616.176461591
2006,female,89,NA,NA,NA,NA,NA,NA,black,1408.040186446
2006,female,90,NA,NA,NA,NA,NA,NA,black,1207.47455391
2006,female,91,NA,NA,NA,NA,NA,NA,black,1027.978792543
2006,female,92,NA,NA,NA,NA,NA,NA,black,905.670542875
2006,female,93,NA,NA,NA,NA,NA,NA,black,751.521159042
2006,female,94,NA,NA,NA,NA,NA,NA,black,599.262943496
2006,female,95,NA,NA,NA,NA,NA,NA,black,483.617523317
2006,female,96,NA,NA,NA,NA,NA,NA,black,354.988927589
2006,female,97,NA,NA,NA,NA,NA,NA,black,291.171284981
2006,female,98,NA,NA,NA,NA,NA,NA,black,170.2676233
2006,female,99,NA,NA,NA,NA,NA,NA,black,140.064331395
2006,female,100,NA,NA,NA,NA,NA,NA,black,111.387217291
2006,male,0,NA,NA,NA,NA,NA,NA,black,13672.146049643
2006,male,1,NA,NA,NA,NA,NA,NA,black,13462.957727736
2006,male,2,NA,NA,NA,NA,NA,NA,black,13712.883394484
2006,male,3,NA,NA,NA,NA,NA,NA,black,14053.878626983
2006,male,4,NA,NA,NA,NA,NA,NA,black,14333.815746829
2006,male,5,NA,NA,NA,NA,NA,NA,black,14930.720597723
2006,male,6,NA,NA,NA,NA,NA,NA,black,15465.611823219
2006,male,7,NA,NA,NA,NA,NA,NA,black,15948.034245354
2006,male,8,NA,NA,NA,NA,NA,NA,black,16239.149100968
2006,male,9,NA,NA,NA,NA,NA,NA,black,16961.549907206
2006,male,10,NA,NA,NA,NA,NA,NA,black,18026.214451453
2006,male,11,NA,NA,NA,NA,NA,NA,black,18745.98230628
2006,male,12,NA,NA,NA,NA,NA,NA,black,19229.607840259
2006,male,13,NA,NA,NA,NA,NA,NA,black,19488.72623364
2006,male,14,NA,NA,NA,NA,NA,NA,black,19736.663425364
2006,male,15,NA,NA,NA,NA,NA,NA,black,20164.178559505
2006,male,16,NA,NA,NA,NA,NA,NA,black,19576.809680451
2006,male,17,NA,NA,NA,NA,NA,NA,black,18893.142095043
2006,male,18,NA,NA,NA,NA,NA,NA,black,18509.257177515
2006,male,19,NA,NA,NA,NA,NA,NA,black,18296.440843864
2006,male,20,NA,NA,NA,NA,NA,NA,black,18308.627885518
2006,male,21,NA,NA,NA,NA,NA,NA,black,17464.46435048
2006,male,22,NA,NA,NA,NA,NA,NA,black,17114.869863142
2006,male,23,NA,NA,NA,NA,NA,NA,black,16806.524257372
2006,male,24,NA,NA,NA,NA,NA,NA,black,16143.394040775
2006,male,25,NA,NA,NA,NA,NA,NA,black,16559.042532337
2006,male,26,NA,NA,NA,NA,NA,NA,black,15843.975838521
2006,male,27,NA,NA,NA,NA,NA,NA,black,15242.71291211
2006,male,28,NA,NA,NA,NA,NA,NA,black,14740.05701663
2006,male,29,NA,NA,NA,NA,NA,NA,black,14393.575839308
2006,male,30,NA,NA,NA,NA,NA,NA,black,14595.229468678
2006,male,31,NA,NA,NA,NA,NA,NA,black,14137.788207497
2006,male,32,NA,NA,NA,NA,NA,NA,black,14133.598379195
2006,male,33,NA,NA,NA,NA,NA,NA,black,14639.09742674
2006,male,34,NA,NA,NA,NA,NA,NA,black,15935.658407403
2006,male,35,NA,NA,NA,NA,NA,NA,black,17322.012789063
2006,male,36,NA,NA,NA,NA,NA,NA,black,17102.662629464
2006,male,37,NA,NA,NA,NA,NA,NA,black,16387.992580645
2006,male,38,NA,NA,NA,NA,NA,NA,black,16310.279564131
2006,male,39,NA,NA,NA,NA,NA,NA,black,16985.027302264
2006,male,40,NA,NA,NA,NA,NA,NA,black,18177.249399367
2006,male,41,NA,NA,NA,NA,NA,NA,black,18719.401921039
2006,male,42,NA,NA,NA,NA,NA,NA,black,18447.768926195
2006,male,43,NA,NA,NA,NA,NA,NA,black,18464.394089695
2006,male,44,NA,NA,NA,NA,NA,NA,black,18813.143893934
2006,male,45,NA,NA,NA,NA,NA,NA,black,19272.947855768
2006,male,46,NA,NA,NA,NA,NA,NA,black,18839.267802356
2006,male,47,NA,NA,NA,NA,NA,NA,black,17875.55173728
2006,male,48,NA,NA,NA,NA,NA,NA,black,17240.648674565
2006,male,49,NA,NA,NA,NA,NA,NA,black,16686.200265606
2006,male,50,NA,NA,NA,NA,NA,NA,black,16323.063275822
2006,male,51,NA,NA,NA,NA,NA,NA,black,15551.150417233
2006,male,52,NA,NA,NA,NA,NA,NA,black,14285.631467841
2006,male,53,NA,NA,NA,NA,NA,NA,black,13234.669596413
2006,male,54,NA,NA,NA,NA,NA,NA,black,12798.220803178
2006,male,55,NA,NA,NA,NA,NA,NA,black,12820.280725433
2006,male,56,NA,NA,NA,NA,NA,NA,black,12353.642167821
2006,male,57,NA,NA,NA,NA,NA,NA,black,11350.114531691
2006,male,58,NA,NA,NA,NA,NA,NA,black,10560.205036852
2006,male,59,NA,NA,NA,NA,NA,NA,black,9185.184144514
2006,male,60,NA,NA,NA,NA,NA,NA,black,8395.393042256
2006,male,61,NA,NA,NA,NA,NA,NA,black,8129.622374863
2006,male,62,NA,NA,NA,NA,NA,NA,black,7797.232493444
2006,male,63,NA,NA,NA,NA,NA,NA,black,7258.686234781
2006,male,64,NA,NA,NA,NA,NA,NA,black,6760.59213792
2006,male,65,NA,NA,NA,NA,NA,NA,black,6592.585787028
2006,male,66,NA,NA,NA,NA,NA,NA,black,6454.169607252
2006,male,67,NA,NA,NA,NA,NA,NA,black,6092.67526912
2006,male,68,NA,NA,NA,NA,NA,NA,black,5896.719639479
2006,male,69,NA,NA,NA,NA,NA,NA,black,5554.93605456
2006,male,70,NA,NA,NA,NA,NA,NA,black,5325.449236268
2006,male,71,NA,NA,NA,NA,NA,NA,black,4957.238260842
2006,male,72,NA,NA,NA,NA,NA,NA,black,4451.923662885
2006,male,73,NA,NA,NA,NA,NA,NA,black,4097.912242636
2006,male,74,NA,NA,NA,NA,NA,NA,black,3729.459491966
2006,male,75,NA,NA,NA,NA,NA,NA,black,3483.714576334
2006,male,76,NA,NA,NA,NA,NA,NA,black,3142.440146593
2006,male,77,NA,NA,NA,NA,NA,NA,black,2809.963923464
2006,male,78,NA,NA,NA,NA,NA,NA,black,2664.79308308
2006,male,79,NA,NA,NA,NA,NA,NA,black,2472.680837359
2006,male,80,NA,NA,NA,NA,NA,NA,black,2264.698875403
2006,male,81,NA,NA,NA,NA,NA,NA,black,2147.968579493
2006,male,82,NA,NA,NA,NA,NA,NA,black,1898.343460752
2006,male,83,NA,NA,NA,NA,NA,NA,black,1665.464885978
2006,male,84,NA,NA,NA,NA,NA,NA,black,1466.044528356
2006,male,85,NA,NA,NA,NA,NA,NA,black,1279.920677197
2006,male,86,NA,NA,NA,NA,NA,NA,black,1110.572267199
2006,male,87,NA,NA,NA,NA,NA,NA,black,882.323133552
2006,male,88,NA,NA,NA,NA,NA,NA,black,719.16850931
2006,male,89,NA,NA,NA,NA,NA,NA,black,596.822133675
2006,male,90,NA,NA,NA,NA,NA,NA,black,433.042237784
2006,male,91,NA,NA,NA,NA,NA,NA,black,380.746750304
2006,male,92,NA,NA,NA,NA,NA,NA,black,315.919279146
2006,male,93,NA,NA,NA,NA,NA,NA,black,227.162479011
2006,male,94,NA,NA,NA,NA,NA,NA,black,188.071355863
2006,male,95,NA,NA,NA,NA,NA,NA,black,153.575468456
2006,male,96,NA,NA,NA,NA,NA,NA,black,116.024536004
2006,male,97,NA,NA,NA,NA,NA,NA,black,69.138100681
2006,male,98,NA,NA,NA,NA,NA,NA,black,39.731081793
2006,male,99,NA,NA,NA,NA,NA,NA,black,31.190069736
2006,male,100,NA,NA,NA,NA,NA,NA,black,31.252222971
2006,female,0,NA,NA,NA,NA,NA,NA,hispanic,135636.27445274201
2006,female,1,NA,NA,NA,NA,NA,NA,hispanic,132027.989744932
2006,female,2,NA,NA,NA,NA,NA,NA,hispanic,129716.559185846
2006,female,3,NA,NA,NA,NA,NA,NA,hispanic,128324.071656184
2006,female,4,NA,NA,NA,NA,NA,NA,hispanic,128472.777926133
2006,female,5,NA,NA,NA,NA,NA,NA,hispanic,127854.65987358
2006,female,6,NA,NA,NA,NA,NA,NA,hispanic,123505.490731824
2006,female,7,NA,NA,NA,NA,NA,NA,hispanic,123236.817012768
2006,female,8,NA,NA,NA,NA,NA,NA,hispanic,124298.560032654
2006,female,9,NA,NA,NA,NA,NA,NA,hispanic,126267.550320868
2006,female,10,NA,NA,NA,NA,NA,NA,hispanic,128545.690528397
2006,female,11,NA,NA,NA,NA,NA,NA,hispanic,129575.723156824
2006,female,12,NA,NA,NA,NA,NA,NA,hispanic,129538.660379836
2006,female,13,NA,NA,NA,NA,NA,NA,hispanic,129160.609567684
2006,female,14,NA,NA,NA,NA,NA,NA,hispanic,126895.16014063
2006,female,15,NA,NA,NA,NA,NA,NA,hispanic,122760.682843854
2006,female,16,NA,NA,NA,NA,NA,NA,hispanic,116521.399352238
2006,female,17,NA,NA,NA,NA,NA,NA,hispanic,112603.969127874
2006,female,18,NA,NA,NA,NA,NA,NA,hispanic,110649.942599313
2006,female,19,NA,NA,NA,NA,NA,NA,hispanic,109221.715723374
2006,female,20,NA,NA,NA,NA,NA,NA,hispanic,108756.61663962
2006,female,21,NA,NA,NA,NA,NA,NA,hispanic,106485.702175174
2006,female,22,NA,NA,NA,NA,NA,NA,hispanic,106971.900383928
2006,female,23,NA,NA,NA,NA,NA,NA,hispanic,107515.731616019
2006,female,24,NA,NA,NA,NA,NA,NA,hispanic,107932.224215992
2006,female,25,NA,NA,NA,NA,NA,NA,hispanic,108398.63132482
2006,female,26,NA,NA,NA,NA,NA,NA,hispanic,104368.224657824
2006,female,27,NA,NA,NA,NA,NA,NA,hispanic,103630.602628055
2006,female,28,NA,NA,NA,NA,NA,NA,hispanic,103894.418621812
2006,female,29,NA,NA,NA,NA,NA,NA,hispanic,104555.912327878
2006,female,30,NA,NA,NA,NA,NA,NA,hispanic,106363.84787597
2006,female,31,NA,NA,NA,NA,NA,NA,hispanic,104983.530542516
2006,female,32,NA,NA,NA,NA,NA,NA,hispanic,103924.803447388
2006,female,33,NA,NA,NA,NA,NA,NA,hispanic,103316.568103465
2006,female,34,NA,NA,NA,NA,NA,NA,hispanic,103734.156721536
2006,female,35,NA,NA,NA,NA,NA,NA,hispanic,104591.15217678
2006,female,36,NA,NA,NA,NA,NA,NA,hispanic,101245.19759522
2006,female,37,NA,NA,NA,NA,NA,NA,hispanic,96930.016221134
2006,female,38,NA,NA,NA,NA,NA,NA,hispanic,94336.853832655
2006,female,39,NA,NA,NA,NA,NA,NA,hispanic,91948.552772463
2006,female,40,NA,NA,NA,NA,NA,NA,hispanic,91795.070582827
2006,female,41,NA,NA,NA,NA,NA,NA,hispanic,90581.90058924
2006,female,42,NA,NA,NA,NA,NA,NA,hispanic,87504.526684455
2006,female,43,NA,NA,NA,NA,NA,NA,hispanic,83901.791692056
2006,female,44,NA,NA,NA,NA,NA,NA,hispanic,81711.259105132
2006,female,45,NA,NA,NA,NA,NA,NA,hispanic,80369.490994409
2006,female,46,NA,NA,NA,NA,NA,NA,hispanic,76355.636733934
2006,female,47,NA,NA,NA,NA,NA,NA,hispanic,72684.138768079
2006,female,48,NA,NA,NA,NA,NA,NA,hispanic,69649.188518282
2006,female,49,NA,NA,NA,NA,NA,NA,hispanic,67311.262704964
2006,female,50,NA,NA,NA,NA,NA,NA,hispanic,64813.576978853
2006,female,51,NA,NA,NA,NA,NA,NA,hispanic,60985.003048539
2006,female,52,NA,NA,NA,NA,NA,NA,hispanic,56566.125620923
2006,female,53,NA,NA,NA,NA,NA,NA,hispanic,52691.888882718
2006,female,54,NA,NA,NA,NA,NA,NA,hispanic,50015.13933908
2006,female,55,NA,NA,NA,NA,NA,NA,hispanic,47964.322651504
2006,female,56,NA,NA,NA,NA,NA,NA,hispanic,45457.17177102
2006,female,57,NA,NA,NA,NA,NA,NA,hispanic,42439.711884454
2006,female,58,NA,NA,NA,NA,NA,NA,hispanic,39674.919123353
2006,female,59,NA,NA,NA,NA,NA,NA,hispanic,36286.665524519
2006,female,60,NA,NA,NA,NA,NA,NA,hispanic,34103.628063444
2006,female,61,NA,NA,NA,NA,NA,NA,hispanic,31878.037779612
2006,female,62,NA,NA,NA,NA,NA,NA,hispanic,30218.570779478
2006,female,63,NA,NA,NA,NA,NA,NA,hispanic,28022.194029345
2006,female,64,NA,NA,NA,NA,NA,NA,hispanic,26115.281963099
2006,female,65,NA,NA,NA,NA,NA,NA,hispanic,24992.657447907
2006,female,66,NA,NA,NA,NA,NA,NA,hispanic,23869.914190124
2006,female,67,NA,NA,NA,NA,NA,NA,hispanic,22418.214570678
2006,female,68,NA,NA,NA,NA,NA,NA,hispanic,21432.294491568
2006,female,69,NA,NA,NA,NA,NA,NA,hispanic,20594.659213614
2006,female,70,NA,NA,NA,NA,NA,NA,hispanic,19974.061449596
2006,female,71,NA,NA,NA,NA,NA,NA,hispanic,18867.523051335
2006,female,72,NA,NA,NA,NA,NA,NA,hispanic,17514.815148537
2006,female,73,NA,NA,NA,NA,NA,NA,hispanic,16844.059267787
2006,female,74,NA,NA,NA,NA,NA,NA,hispanic,16572.443270791
2006,female,75,NA,NA,NA,NA,NA,NA,hispanic,16393.38007772
2006,female,76,NA,NA,NA,NA,NA,NA,hispanic,15451.462287703
2006,female,77,NA,NA,NA,NA,NA,NA,hispanic,14150.073115727
2006,female,78,NA,NA,NA,NA,NA,NA,hispanic,13297.017993431
2006,female,79,NA,NA,NA,NA,NA,NA,hispanic,12311.017218183
2006,female,80,NA,NA,NA,NA,NA,NA,hispanic,11461.688528888
2006,female,81,NA,NA,NA,NA,NA,NA,hispanic,10232.819181034
2006,female,82,NA,NA,NA,NA,NA,NA,hispanic,9088.042056839
2006,female,83,NA,NA,NA,NA,NA,NA,hispanic,8062.511757821
2006,female,84,NA,NA,NA,NA,NA,NA,hispanic,7193.815586325
2006,female,85,NA,NA,NA,NA,NA,NA,hispanic,6311.131716011
2006,female,86,NA,NA,NA,NA,NA,NA,hispanic,5314.494579589
2006,female,87,NA,NA,NA,NA,NA,NA,hispanic,4311.283992045
2006,female,88,NA,NA,NA,NA,NA,NA,hispanic,3660.58813809
2006,female,89,NA,NA,NA,NA,NA,NA,hispanic,3043.720239016
2006,female,90,NA,NA,NA,NA,NA,NA,hispanic,2490.68109904
2006,female,91,NA,NA,NA,NA,NA,NA,hispanic,2193.101198616
2006,female,92,NA,NA,NA,NA,NA,NA,hispanic,1925.66329531
2006,female,93,NA,NA,NA,NA,NA,NA,hispanic,1548.37781394
2006,female,94,NA,NA,NA,NA,NA,NA,hispanic,1183.892558466
2006,female,95,NA,NA,NA,NA,NA,NA,hispanic,948.624687943
2006,female,96,NA,NA,NA,NA,NA,NA,hispanic,702.887450744
2006,female,97,NA,NA,NA,NA,NA,NA,hispanic,389.691517731
2006,female,98,NA,NA,NA,NA,NA,NA,hispanic,246.268548728
2006,female,99,NA,NA,NA,NA,NA,NA,hispanic,173.431675156
2006,female,100,NA,NA,NA,NA,NA,NA,hispanic,200.911413927
2006,male,0,NA,NA,NA,NA,NA,NA,hispanic,141227.767595491
2006,male,1,NA,NA,NA,NA,NA,NA,hispanic,137282.273800056
2006,male,2,NA,NA,NA,NA,NA,NA,hispanic,134234.984549427
2006,male,3,NA,NA,NA,NA,NA,NA,hispanic,132983.260716979
2006,male,4,NA,NA,NA,NA,NA,NA,hispanic,133049.190729596
2006,male,5,NA,NA,NA,NA,NA,NA,hispanic,133889.151517719
2006,male,6,NA,NA,NA,NA,NA,NA,hispanic,128974.603746565
2006,male,7,NA,NA,NA,NA,NA,NA,hispanic,127724.886486717
2006,male,8,NA,NA,NA,NA,NA,NA,hispanic,128861.335392044
2006,male,9,NA,NA,NA,NA,NA,NA,hispanic,131427.467288125
2006,male,10,NA,NA,NA,NA,NA,NA,hispanic,133834.620009796
2006,male,11,NA,NA,NA,NA,NA,NA,hispanic,135256.379321428
2006,male,12,NA,NA,NA,NA,NA,NA,hispanic,135621.400406865
2006,male,13,NA,NA,NA,NA,NA,NA,hispanic,135580.247885169
2006,male,14,NA,NA,NA,NA,NA,NA,hispanic,133709.174446279
2006,male,15,NA,NA,NA,NA,NA,NA,hispanic,131088.404592197
2006,male,16,NA,NA,NA,NA,NA,NA,hispanic,126004.028605139
2006,male,17,NA,NA,NA,NA,NA,NA,hispanic,122948.910919119
2006,male,18,NA,NA,NA,NA,NA,NA,hispanic,121607.624648247
2006,male,19,NA,NA,NA,NA,NA,NA,hispanic,121037.023658564
2006,male,20,NA,NA,NA,NA,NA,NA,hispanic,120172.614028139
2006,male,21,NA,NA,NA,NA,NA,NA,hispanic,116874.681784935
2006,male,22,NA,NA,NA,NA,NA,NA,hispanic,117444.786659891
2006,male,23,NA,NA,NA,NA,NA,NA,hispanic,118250.998499358
2006,male,24,NA,NA,NA,NA,NA,NA,hispanic,119388.91394161
2006,male,25,NA,NA,NA,NA,NA,NA,hispanic,121658.648392127
2006,male,26,NA,NA,NA,NA,NA,NA,hispanic,116128.741092636
2006,male,27,NA,NA,NA,NA,NA,NA,hispanic,114057.18655712
2006,male,28,NA,NA,NA,NA,NA,NA,hispanic,113405.341526653
2006,male,29,NA,NA,NA,NA,NA,NA,hispanic,113073.351494789
2006,male,30,NA,NA,NA,NA,NA,NA,hispanic,114311.54017708
2006,male,31,NA,NA,NA,NA,NA,NA,hispanic,111412.763336559
2006,male,32,NA,NA,NA,NA,NA,NA,hispanic,109268.005551609
2006,male,33,NA,NA,NA,NA,NA,NA,hispanic,108973.604117178
2006,male,34,NA,NA,NA,NA,NA,NA,hispanic,109366.375645757
2006,male,35,NA,NA,NA,NA,NA,NA,hispanic,112382.399760711
2006,male,36,NA,NA,NA,NA,NA,NA,hispanic,109271.214923763
2006,male,37,NA,NA,NA,NA,NA,NA,hispanic,104924.816902317
2006,male,38,NA,NA,NA,NA,NA,NA,hispanic,101167.515263968
2006,male,39,NA,NA,NA,NA,NA,NA,hispanic,98794.006422163
2006,male,40,NA,NA,NA,NA,NA,NA,hispanic,98669.289533225
2006,male,41,NA,NA,NA,NA,NA,NA,hispanic,95482.899012708
2006,male,42,NA,NA,NA,NA,NA,NA,hispanic,90691.594962808
2006,male,43,NA,NA,NA,NA,NA,NA,hispanic,86215.721726065
2006,male,44,NA,NA,NA,NA,NA,NA,hispanic,83587.373334054
2006,male,45,NA,NA,NA,NA,NA,NA,hispanic,82231.26530504
2006,male,46,NA,NA,NA,NA,NA,NA,hispanic,77422.126436303
2006,male,47,NA,NA,NA,NA,NA,NA,hispanic,72334.552853671
2006,male,48,NA,NA,NA,NA,NA,NA,hispanic,68780.022872648
2006,male,49,NA,NA,NA,NA,NA,NA,hispanic,65538.520478381
2006,male,50,NA,NA,NA,NA,NA,NA,hispanic,62969.932626517
2006,male,51,NA,NA,NA,NA,NA,NA,hispanic,58768.710025824
2006,male,52,NA,NA,NA,NA,NA,NA,hispanic,53689.459895263
2006,male,53,NA,NA,NA,NA,NA,NA,hispanic,49786.065479478
2006,male,54,NA,NA,NA,NA,NA,NA,hispanic,46754.606131457
2006,male,55,NA,NA,NA,NA,NA,NA,hispanic,44702.985270048
2006,male,56,NA,NA,NA,NA,NA,NA,hispanic,41709.324580164
2006,male,57,NA,NA,NA,NA,NA,NA,hispanic,38643.934477142
2006,male,58,NA,NA,NA,NA,NA,NA,hispanic,36075.93054983
2006,male,59,NA,NA,NA,NA,NA,NA,hispanic,32482.094699276
2006,male,60,NA,NA,NA,NA,NA,NA,hispanic,29720.501492678
2006,male,61,NA,NA,NA,NA,NA,NA,hispanic,27389.509838907
2006,male,62,NA,NA,NA,NA,NA,NA,hispanic,25380.360299436
2006,male,63,NA,NA,NA,NA,NA,NA,hispanic,23346.75970053
2006,male,64,NA,NA,NA,NA,NA,NA,hispanic,21652.114656072
2006,male,65,NA,NA,NA,NA,NA,NA,hispanic,20639.872348075
2006,male,66,NA,NA,NA,NA,NA,NA,hispanic,19444.334950042
2006,male,67,NA,NA,NA,NA,NA,NA,hispanic,18145.849053205
2006,male,68,NA,NA,NA,NA,NA,NA,hispanic,17016.271335118
2006,male,69,NA,NA,NA,NA,NA,NA,hispanic,16208.777306375
2006,male,70,NA,NA,NA,NA,NA,NA,hispanic,15413.358770533
2006,male,71,NA,NA,NA,NA,NA,NA,hispanic,14432.449884782
2006,male,72,NA,NA,NA,NA,NA,NA,hispanic,13288.182332976001
2006,male,73,NA,NA,NA,NA,NA,NA,hispanic,12686.988660761
2006,male,74,NA,NA,NA,NA,NA,NA,hispanic,12363.657687835
2006,male,75,NA,NA,NA,NA,NA,NA,hispanic,12059.154182177
2006,male,76,NA,NA,NA,NA,NA,NA,hispanic,11128.989757231
2006,male,77,NA,NA,NA,NA,NA,NA,hispanic,9968.198435082
2006,male,78,NA,NA,NA,NA,NA,NA,hispanic,9122.449439469
2006,male,79,NA,NA,NA,NA,NA,NA,hispanic,8385.292508687
2006,male,80,NA,NA,NA,NA,NA,NA,hispanic,7623.544897113
2006,male,81,NA,NA,NA,NA,NA,NA,hispanic,6982.604637791
2006,male,82,NA,NA,NA,NA,NA,NA,hispanic,6430.678486772
2006,male,83,NA,NA,NA,NA,NA,NA,hispanic,5535.43646005
2006,male,84,NA,NA,NA,NA,NA,NA,hispanic,4658.091204513
2006,male,85,NA,NA,NA,NA,NA,NA,hispanic,3797.851004144
2006,male,86,NA,NA,NA,NA,NA,NA,hispanic,3103.31060649
2006,male,87,NA,NA,NA,NA,NA,NA,hispanic,2437.639839489
2006,male,88,NA,NA,NA,NA,NA,NA,hispanic,1923.543516569
2006,male,89,NA,NA,NA,NA,NA,NA,hispanic,1547.090209498
2006,male,90,NA,NA,NA,NA,NA,NA,hispanic,1278.478533692
2006,male,91,NA,NA,NA,NA,NA,NA,hispanic,1007.734748953
2006,male,92,NA,NA,NA,NA,NA,NA,hispanic,836.622157489
2006,male,93,NA,NA,NA,NA,NA,NA,hispanic,687.932782405
2006,male,94,NA,NA,NA,NA,NA,NA,hispanic,525.822287266
2006,male,95,NA,NA,NA,NA,NA,NA,hispanic,382.251398489
2006,male,96,NA,NA,NA,NA,NA,NA,hispanic,249.482525031
2006,male,97,NA,NA,NA,NA,NA,NA,hispanic,132.622852099
2006,male,98,NA,NA,NA,NA,NA,NA,hispanic,105.263160068
2006,male,99,NA,NA,NA,NA,NA,NA,hispanic,67.333247782
2006,male,100,NA,NA,NA,NA,NA,NA,hispanic,82.690901732
2006,female,0,NA,NA,NA,NA,NA,NA,white,69476.893638566
2006,female,1,NA,NA,NA,NA,NA,NA,white,69866.664383058
2006,female,2,NA,NA,NA,NA,NA,NA,white,70685.062546238
2006,female,3,NA,NA,NA,NA,NA,NA,white,70606.713370859
2006,female,4,NA,NA,NA,NA,NA,NA,white,70933.888659326
2006,female,5,NA,NA,NA,NA,NA,NA,white,72552.932438405
2006,female,6,NA,NA,NA,NA,NA,NA,white,73401.624210436
2006,female,7,NA,NA,NA,NA,NA,NA,white,74143.739597558
2006,female,8,NA,NA,NA,NA,NA,NA,white,75775.581843147
2006,female,9,NA,NA,NA,NA,NA,NA,white,78320.382749323
2006,female,10,NA,NA,NA,NA,NA,NA,white,81840.627186564
2006,female,11,NA,NA,NA,NA,NA,NA,white,83674.695276591
2006,female,12,NA,NA,NA,NA,NA,NA,white,84231.291355507
2006,female,13,NA,NA,NA,NA,NA,NA,white,85405.697502508
2006,female,14,NA,NA,NA,NA,NA,NA,white,87233.961193096
2006,female,15,NA,NA,NA,NA,NA,NA,white,88669.419450143
2006,female,16,NA,NA,NA,NA,NA,NA,white,88619.887918598
2006,female,17,NA,NA,NA,NA,NA,NA,white,89043.584352475
2006,female,18,NA,NA,NA,NA,NA,NA,white,90888.470383949
2006,female,19,NA,NA,NA,NA,NA,NA,white,93696.786803781
2006,female,20,NA,NA,NA,NA,NA,NA,white,95677.110738456
2006,female,21,NA,NA,NA,NA,NA,NA,white,94093.842215143
2006,female,22,NA,NA,NA,NA,NA,NA,white,94083.753816884
2006,female,23,NA,NA,NA,NA,NA,NA,white,92366.787904588
2006,female,24,NA,NA,NA,NA,NA,NA,white,91322.929929372
2006,female,25,NA,NA,NA,NA,NA,NA,white,92233.305245085
2006,female,26,NA,NA,NA,NA,NA,NA,white,87952.58669533
2006,female,27,NA,NA,NA,NA,NA,NA,white,86261.129910104
2006,female,28,NA,NA,NA,NA,NA,NA,white,84743.629005025
2006,female,29,NA,NA,NA,NA,NA,NA,white,84355.004851892
2006,female,30,NA,NA,NA,NA,NA,NA,white,86554.143621442
2006,female,31,NA,NA,NA,NA,NA,NA,white,84675.323585324
2006,female,32,NA,NA,NA,NA,NA,NA,white,84578.982985363
2006,female,33,NA,NA,NA,NA,NA,NA,white,88392.84461874
2006,female,34,NA,NA,NA,NA,NA,NA,white,96963.011331815
2006,female,35,NA,NA,NA,NA,NA,NA,white,106258.368750383
2006,female,36,NA,NA,NA,NA,NA,NA,white,106954.824473031
2006,female,37,NA,NA,NA,NA,NA,NA,white,103823.444162593
2006,female,38,NA,NA,NA,NA,NA,NA,white,103462.951777437
2006,female,39,NA,NA,NA,NA,NA,NA,white,105429.266228352
2006,female,40,NA,NA,NA,NA,NA,NA,white,113051.570497252
2006,female,41,NA,NA,NA,NA,NA,NA,white,120890.718144702
2006,female,42,NA,NA,NA,NA,NA,NA,white,124874.261727981
2006,female,43,NA,NA,NA,NA,NA,NA,white,127905.139335616
2006,female,44,NA,NA,NA,NA,NA,NA,white,131428.625176049
2006,female,45,NA,NA,NA,NA,NA,NA,white,134550.34108404
2006,female,46,NA,NA,NA,NA,NA,NA,white,133747.345852148
2006,female,47,NA,NA,NA,NA,NA,NA,white,132889.364385867
2006,female,48,NA,NA,NA,NA,NA,NA,white,133545.394052436
2006,female,49,NA,NA,NA,NA,NA,NA,white,132494.326332232
2006,female,50,NA,NA,NA,NA,NA,NA,white,132046.264766293
2006,female,51,NA,NA,NA,NA,NA,NA,white,130811.272689296
2006,female,52,NA,NA,NA,NA,NA,NA,white,128179.275388759
2006,female,53,NA,NA,NA,NA,NA,NA,white,125084.342168944
2006,female,54,NA,NA,NA,NA,NA,NA,white,121243.371496874
2006,female,55,NA,NA,NA,NA,NA,NA,white,119940.936012762
2006,female,56,NA,NA,NA,NA,NA,NA,white,119042.022922774
2006,female,57,NA,NA,NA,NA,NA,NA,white,119570.141580446
2006,female,58,NA,NA,NA,NA,NA,NA,white,121373.440302495
2006,female,59,NA,NA,NA,NA,NA,NA,white,108598.446337515
2006,female,60,NA,NA,NA,NA,NA,NA,white,96390.09744926
2006,female,61,NA,NA,NA,NA,NA,NA,white,92870.942882308
2006,female,62,NA,NA,NA,NA,NA,NA,white,92332.18266103
2006,female,63,NA,NA,NA,NA,NA,NA,white,87044.603432155
2006,female,64,NA,NA,NA,NA,NA,NA,white,78754.156526538
2006,female,65,NA,NA,NA,NA,NA,NA,white,73830.365507692
2006,female,66,NA,NA,NA,NA,NA,NA,white,71287.132405398
2006,female,67,NA,NA,NA,NA,NA,NA,white,68906.125152624
2006,female,68,NA,NA,NA,NA,NA,NA,white,66116.407895452
2006,female,69,NA,NA,NA,NA,NA,NA,white,63583.087508432
2006,female,70,NA,NA,NA,NA,NA,NA,white,62276.194373231
2006,female,71,NA,NA,NA,NA,NA,NA,white,60358.198965748
2006,female,72,NA,NA,NA,NA,NA,NA,white,58491.655006119
2006,female,73,NA,NA,NA,NA,NA,NA,white,58127.366809184
2006,female,74,NA,NA,NA,NA,NA,NA,white,58469.959067399
2006,female,75,NA,NA,NA,NA,NA,NA,white,58861.619697688
2006,female,76,NA,NA,NA,NA,NA,NA,white,58017.735995057
2006,female,77,NA,NA,NA,NA,NA,NA,white,56960.363112565
2006,female,78,NA,NA,NA,NA,NA,NA,white,56973.065082618
2006,female,79,NA,NA,NA,NA,NA,NA,white,56855.566728164
2006,female,80,NA,NA,NA,NA,NA,NA,white,56405.728015462
2006,female,81,NA,NA,NA,NA,NA,NA,white,55343.166945013
2006,female,82,NA,NA,NA,NA,NA,NA,white,52098.189980863
2006,female,83,NA,NA,NA,NA,NA,NA,white,49167.063135609
2006,female,84,NA,NA,NA,NA,NA,NA,white,46141.507882284
2006,female,85,NA,NA,NA,NA,NA,NA,white,41252.479969979
2006,female,86,NA,NA,NA,NA,NA,NA,white,35645.576761847
2006,female,87,NA,NA,NA,NA,NA,NA,white,31238.894949993
2006,female,88,NA,NA,NA,NA,NA,NA,white,26900.105137881
2006,female,89,NA,NA,NA,NA,NA,NA,white,23241.909881028
2006,female,90,NA,NA,NA,NA,NA,NA,white,20329.230279971
2006,female,91,NA,NA,NA,NA,NA,NA,white,17502.115373618
2006,female,92,NA,NA,NA,NA,NA,NA,white,14514.864493823
2006,female,93,NA,NA,NA,NA,NA,NA,white,11727.408278847
2006,female,94,NA,NA,NA,NA,NA,NA,white,9155.331154912
2006,female,95,NA,NA,NA,NA,NA,NA,white,7036.204343942
2006,female,96,NA,NA,NA,NA,NA,NA,white,5323.070744646
2006,female,97,NA,NA,NA,NA,NA,NA,white,3792.536593089
2006,female,98,NA,NA,NA,NA,NA,NA,white,2832.983690915
2006,female,99,NA,NA,NA,NA,NA,NA,white,2114.184321308
2006,female,100,NA,NA,NA,NA,NA,NA,white,2650.06284485
2006,male,0,NA,NA,NA,NA,NA,NA,white,73349.181015802
2006,male,1,NA,NA,NA,NA,NA,NA,white,73864.656131588
2006,male,2,NA,NA,NA,NA,NA,NA,white,74210.85468101
2006,male,3,NA,NA,NA,NA,NA,NA,white,74463.307201051
2006,male,4,NA,NA,NA,NA,NA,NA,white,75270.591041929
2006,male,5,NA,NA,NA,NA,NA,NA,white,76867.349534926
2006,male,6,NA,NA,NA,NA,NA,NA,white,76970.759999737
2006,male,7,NA,NA,NA,NA,NA,NA,white,77882.277889541
2006,male,8,NA,NA,NA,NA,NA,NA,white,79703.982571671
2006,male,9,NA,NA,NA,NA,NA,NA,white,82557.515105019
2006,male,10,NA,NA,NA,NA,NA,NA,white,86123.568911583
2006,male,11,NA,NA,NA,NA,NA,NA,white,88603.403905266
2006,male,12,NA,NA,NA,NA,NA,NA,white,89419.693229965
2006,male,13,NA,NA,NA,NA,NA,NA,white,91265.131627164
2006,male,14,NA,NA,NA,NA,NA,NA,white,92312.242372857
2006,male,15,NA,NA,NA,NA,NA,NA,white,95421.100944561
2006,male,16,NA,NA,NA,NA,NA,NA,white,94334.269211308
2006,male,17,NA,NA,NA,NA,NA,NA,white,94731.616042741
2006,male,18,NA,NA,NA,NA,NA,NA,white,98793.291375417
2006,male,19,NA,NA,NA,NA,NA,NA,white,101265.739672243
2006,male,20,NA,NA,NA,NA,NA,NA,white,104668.995028055
2006,male,21,NA,NA,NA,NA,NA,NA,white,102213.668607112
2006,male,22,NA,NA,NA,NA,NA,NA,white,100357.097416065
2006,male,23,NA,NA,NA,NA,NA,NA,white,99132.304715895
2006,male,24,NA,NA,NA,NA,NA,NA,white,96430.192004872
2006,male,25,NA,NA,NA,NA,NA,NA,white,98138.76727391
2006,male,26,NA,NA,NA,NA,NA,NA,white,95329.821275857
2006,male,27,NA,NA,NA,NA,NA,NA,white,92897.921705073
2006,male,28,NA,NA,NA,NA,NA,NA,white,90874.06316938
2006,male,29,NA,NA,NA,NA,NA,NA,white,89219.016484163
2006,male,30,NA,NA,NA,NA,NA,NA,white,91832.302849656
2006,male,31,NA,NA,NA,NA,NA,NA,white,90258.783802366
2006,male,32,NA,NA,NA,NA,NA,NA,white,89772.954490412
2006,male,33,NA,NA,NA,NA,NA,NA,white,93622.451955218
2006,male,34,NA,NA,NA,NA,NA,NA,white,102192.979045476
2006,male,35,NA,NA,NA,NA,NA,NA,white,111893.785525435
2006,male,36,NA,NA,NA,NA,NA,NA,white,111843.094807198
2006,male,37,NA,NA,NA,NA,NA,NA,white,108621.746245358
2006,male,38,NA,NA,NA,NA,NA,NA,white,108337.292989878
2006,male,39,NA,NA,NA,NA,NA,NA,white,110328.71328773
2006,male,40,NA,NA,NA,NA,NA,NA,white,118233.460102927
2006,male,41,NA,NA,NA,NA,NA,NA,white,125880.853486499
2006,male,42,NA,NA,NA,NA,NA,NA,white,129181.717733724
2006,male,43,NA,NA,NA,NA,NA,NA,white,131984.620032786
2006,male,44,NA,NA,NA,NA,NA,NA,white,135629.765244653
2006,male,45,NA,NA,NA,NA,NA,NA,white,139025.738972017
2006,male,46,NA,NA,NA,NA,NA,NA,white,138748.125058231
2006,male,47,NA,NA,NA,NA,NA,NA,white,136915.519532571
2006,male,48,NA,NA,NA,NA,NA,NA,white,136855.283183386
2006,male,49,NA,NA,NA,NA,NA,NA,white,134659.051875647
2006,male,50,NA,NA,NA,NA,NA,NA,white,133739.334988401
2006,male,51,NA,NA,NA,NA,NA,NA,white,131785.717175932
2006,male,52,NA,NA,NA,NA,NA,NA,white,128103.971840662
2006,male,53,NA,NA,NA,NA,NA,NA,white,124344.714840854
2006,male,54,NA,NA,NA,NA,NA,NA,white,120136.302698544
2006,male,55,NA,NA,NA,NA,NA,NA,white,118653.800215106
2006,male,56,NA,NA,NA,NA,NA,NA,white,117827.925847877
2006,male,57,NA,NA,NA,NA,NA,NA,white,117549.576140115
2006,male,58,NA,NA,NA,NA,NA,NA,white,119295.773833594
2006,male,59,NA,NA,NA,NA,NA,NA,white,106692.29558786
2006,male,60,NA,NA,NA,NA,NA,NA,white,93610.838176795
2006,male,61,NA,NA,NA,NA,NA,NA,white,89506.746965672
2006,male,62,NA,NA,NA,NA,NA,NA,white,88328.531221113
2006,male,63,NA,NA,NA,NA,NA,NA,white,82381.940442255
2006,male,64,NA,NA,NA,NA,NA,NA,white,73861.407011917
2006,male,65,NA,NA,NA,NA,NA,NA,white,68759.711733424
2006,male,66,NA,NA,NA,NA,NA,NA,white,66054.987592196
2006,male,67,NA,NA,NA,NA,NA,NA,white,63129.310175389
2006,male,68,NA,NA,NA,NA,NA,NA,white,59856.299787418
2006,male,69,NA,NA,NA,NA,NA,NA,white,56491.096252964
2006,male,70,NA,NA,NA,NA,NA,NA,white,54780.438418509
2006,male,71,NA,NA,NA,NA,NA,NA,white,52715.092205597
2006,male,72,NA,NA,NA,NA,NA,NA,white,50618.714096189
2006,male,73,NA,NA,NA,NA,NA,NA,white,49909.452535734
2006,male,74,NA,NA,NA,NA,NA,NA,white,49665.189557148
2006,male,75,NA,NA,NA,NA,NA,NA,white,48961.668521674
2006,male,76,NA,NA,NA,NA,NA,NA,white,46870.078295882
2006,male,77,NA,NA,NA,NA,NA,NA,white,44069.471653956
2006,male,78,NA,NA,NA,NA,NA,NA,white,42165.963781319
2006,male,79,NA,NA,NA,NA,NA,NA,white,40078.919964658
2006,male,80,NA,NA,NA,NA,NA,NA,white,38501.672738566
2006,male,81,NA,NA,NA,NA,NA,NA,white,36828.577599309
2006,male,82,NA,NA,NA,NA,NA,NA,white,34315.869849106
2006,male,83,NA,NA,NA,NA,NA,NA,white,31767.0111089
2006,male,84,NA,NA,NA,NA,NA,NA,white,29562.303313829
2006,male,85,NA,NA,NA,NA,NA,NA,white,25886.992501957
2006,male,86,NA,NA,NA,NA,NA,NA,white,21535.954069253
2006,male,87,NA,NA,NA,NA,NA,NA,white,18027.528869546
2006,male,88,NA,NA,NA,NA,NA,NA,white,14977.696810967
2006,male,89,NA,NA,NA,NA,NA,NA,white,12208.100284189
2006,male,90,NA,NA,NA,NA,NA,NA,white,9764.314781121
2006,male,91,NA,NA,NA,NA,NA,NA,white,7954.09881217
2006,male,92,NA,NA,NA,NA,NA,NA,white,6036.101855163
2006,male,93,NA,NA,NA,NA,NA,NA,white,4531.069073102
2006,male,94,NA,NA,NA,NA,NA,NA,white,3309.499581162
2006,male,95,NA,NA,NA,NA,NA,NA,white,2266.037753369
2006,male,96,NA,NA,NA,NA,NA,NA,white,1487.077413414
2006,male,97,NA,NA,NA,NA,NA,NA,white,971.811409709
2006,male,98,NA,NA,NA,NA,NA,NA,white,592.45238073
2006,male,99,NA,NA,NA,NA,NA,NA,white,388.682967822
2006,male,100,NA,NA,NA,NA,NA,NA,white,573.347026498
2007,female,0,NA,NA,NA,NA,NA,NA,black,13369.963704318
2007,female,1,NA,NA,NA,NA,NA,NA,black,12934.961149869
2007,female,2,NA,NA,NA,NA,NA,NA,black,12973.250235514
2007,female,3,NA,NA,NA,NA,NA,NA,black,13154.441489367
2007,female,4,NA,NA,NA,NA,NA,NA,black,13528.912903108
2007,female,5,NA,NA,NA,NA,NA,NA,black,14077.276428716
2007,female,6,NA,NA,NA,NA,NA,NA,black,14625.324640009
2007,female,7,NA,NA,NA,NA,NA,NA,black,14869.427422799
2007,female,8,NA,NA,NA,NA,NA,NA,black,15321.050423421
2007,female,9,NA,NA,NA,NA,NA,NA,black,15730.923911606
2007,female,10,NA,NA,NA,NA,NA,NA,black,16323.577434755
2007,female,11,NA,NA,NA,NA,NA,NA,black,17279.295589447
2007,female,12,NA,NA,NA,NA,NA,NA,black,18138.651113782
2007,female,13,NA,NA,NA,NA,NA,NA,black,18504.192617212
2007,female,14,NA,NA,NA,NA,NA,NA,black,18803.876978942
2007,female,15,NA,NA,NA,NA,NA,NA,black,19088.102356424
2007,female,16,NA,NA,NA,NA,NA,NA,black,19240.633170603
2007,female,17,NA,NA,NA,NA,NA,NA,black,18837.386074874
2007,female,18,NA,NA,NA,NA,NA,NA,black,18058.08014718
2007,female,19,NA,NA,NA,NA,NA,NA,black,17331.900313931
2007,female,20,NA,NA,NA,NA,NA,NA,black,17077.379455422
2007,female,21,NA,NA,NA,NA,NA,NA,black,16825.711682579
2007,female,22,NA,NA,NA,NA,NA,NA,black,16003.153579645
2007,female,23,NA,NA,NA,NA,NA,NA,black,15505.9281057
2007,female,24,NA,NA,NA,NA,NA,NA,black,15429.358196361
2007,female,25,NA,NA,NA,NA,NA,NA,black,15243.799038052
2007,female,26,NA,NA,NA,NA,NA,NA,black,15569.463977182
2007,female,27,NA,NA,NA,NA,NA,NA,black,14989.492571035
2007,female,28,NA,NA,NA,NA,NA,NA,black,14631.092783028
2007,female,29,NA,NA,NA,NA,NA,NA,black,14248.895982249
2007,female,30,NA,NA,NA,NA,NA,NA,black,14154.424094417
2007,female,31,NA,NA,NA,NA,NA,NA,black,14484.412282959
2007,female,32,NA,NA,NA,NA,NA,NA,black,14030.002438978
2007,female,33,NA,NA,NA,NA,NA,NA,black,14011.035676462
2007,female,34,NA,NA,NA,NA,NA,NA,black,14554.910368527
2007,female,35,NA,NA,NA,NA,NA,NA,black,15866.8489408
2007,female,36,NA,NA,NA,NA,NA,NA,black,17296.779744026
2007,female,37,NA,NA,NA,NA,NA,NA,black,16691.394577825
2007,female,38,NA,NA,NA,NA,NA,NA,black,16011.825541207
2007,female,39,NA,NA,NA,NA,NA,NA,black,16321.200977277
2007,female,40,NA,NA,NA,NA,NA,NA,black,16931.707637125
2007,female,41,NA,NA,NA,NA,NA,NA,black,18144.905003582
2007,female,42,NA,NA,NA,NA,NA,NA,black,18374.484744529
2007,female,43,NA,NA,NA,NA,NA,NA,black,18317.005919682
2007,female,44,NA,NA,NA,NA,NA,NA,black,18434.918571568
2007,female,45,NA,NA,NA,NA,NA,NA,black,18827.49080407
2007,female,46,NA,NA,NA,NA,NA,NA,black,19234.037781541
2007,female,47,NA,NA,NA,NA,NA,NA,black,18652.862656295
2007,female,48,NA,NA,NA,NA,NA,NA,black,17818.618216539
2007,female,49,NA,NA,NA,NA,NA,NA,black,17454.505249519
2007,female,50,NA,NA,NA,NA,NA,NA,black,16838.961376177
2007,female,51,NA,NA,NA,NA,NA,NA,black,16546.851953324
2007,female,52,NA,NA,NA,NA,NA,NA,black,15605.928628479
2007,female,53,NA,NA,NA,NA,NA,NA,black,14802.024422364
2007,female,54,NA,NA,NA,NA,NA,NA,black,14112.331128846
2007,female,55,NA,NA,NA,NA,NA,NA,black,13713.980242313
2007,female,56,NA,NA,NA,NA,NA,NA,black,13733.948392802
2007,female,57,NA,NA,NA,NA,NA,NA,black,13256.124784062
2007,female,58,NA,NA,NA,NA,NA,NA,black,12557.356511838
2007,female,59,NA,NA,NA,NA,NA,NA,black,11682.657922898
2007,female,60,NA,NA,NA,NA,NA,NA,black,10235.382976433
2007,female,61,NA,NA,NA,NA,NA,NA,black,9526.96299553
2007,female,62,NA,NA,NA,NA,NA,NA,black,9214.146088642
2007,female,63,NA,NA,NA,NA,NA,NA,black,9052.055517837
2007,female,64,NA,NA,NA,NA,NA,NA,black,8505.625815352
2007,female,65,NA,NA,NA,NA,NA,NA,black,8006.88169096
2007,female,66,NA,NA,NA,NA,NA,NA,black,7754.005796333
2007,female,67,NA,NA,NA,NA,NA,NA,black,7531.28959504
2007,female,68,NA,NA,NA,NA,NA,NA,black,7053.029202032
2007,female,69,NA,NA,NA,NA,NA,NA,black,6671.750819197
2007,female,70,NA,NA,NA,NA,NA,NA,black,6380.071871505
2007,female,71,NA,NA,NA,NA,NA,NA,black,6223.285718495
2007,female,72,NA,NA,NA,NA,NA,NA,black,5906.824858037
2007,female,73,NA,NA,NA,NA,NA,NA,black,5528.630130491
2007,female,74,NA,NA,NA,NA,NA,NA,black,5024.005656234
2007,female,75,NA,NA,NA,NA,NA,NA,black,4709.544483398
2007,female,76,NA,NA,NA,NA,NA,NA,black,4619.164186224
2007,female,77,NA,NA,NA,NA,NA,NA,black,4406.253689024
2007,female,78,NA,NA,NA,NA,NA,NA,black,4078.279323344
2007,female,79,NA,NA,NA,NA,NA,NA,black,3896.916651814
2007,female,80,NA,NA,NA,NA,NA,NA,black,3770.692575116
2007,female,81,NA,NA,NA,NA,NA,NA,black,3603.766802145
2007,female,82,NA,NA,NA,NA,NA,NA,black,3325.850973232
2007,female,83,NA,NA,NA,NA,NA,NA,black,3047.440206364
2007,female,84,NA,NA,NA,NA,NA,NA,black,2747.673017104
2007,female,85,NA,NA,NA,NA,NA,NA,black,2523.026078524
2007,female,86,NA,NA,NA,NA,NA,NA,black,2254.781618086
2007,female,87,NA,NA,NA,NA,NA,NA,black,1985.605172777
2007,female,88,NA,NA,NA,NA,NA,NA,black,1628.758865627
2007,female,89,NA,NA,NA,NA,NA,NA,black,1421.689537415
2007,female,90,NA,NA,NA,NA,NA,NA,black,1215.079158551
2007,female,91,NA,NA,NA,NA,NA,NA,black,1038.71340337
2007,female,92,NA,NA,NA,NA,NA,NA,black,876.53298401
2007,female,93,NA,NA,NA,NA,NA,NA,black,764.438382886
2007,female,94,NA,NA,NA,NA,NA,NA,black,624.330112642
2007,female,95,NA,NA,NA,NA,NA,NA,black,488.864128435
2007,female,96,NA,NA,NA,NA,NA,NA,black,389.292022916
2007,female,97,NA,NA,NA,NA,NA,NA,black,270.187896651
2007,female,98,NA,NA,NA,NA,NA,NA,black,223.409322075
2007,female,99,NA,NA,NA,NA,NA,NA,black,112.977530088
2007,female,100,NA,NA,NA,NA,NA,NA,black,125.954103155
2007,male,0,NA,NA,NA,NA,NA,NA,black,13771.94527905
2007,male,1,NA,NA,NA,NA,NA,NA,black,13564.564113811
2007,male,2,NA,NA,NA,NA,NA,NA,black,13495.944353667
2007,male,3,NA,NA,NA,NA,NA,NA,black,13767.811888729
2007,male,4,NA,NA,NA,NA,NA,NA,black,14093.313981159
2007,male,5,NA,NA,NA,NA,NA,NA,black,14394.288678395
2007,male,6,NA,NA,NA,NA,NA,NA,black,15003.426982254
2007,male,7,NA,NA,NA,NA,NA,NA,black,15480.087891362
2007,male,8,NA,NA,NA,NA,NA,NA,black,15861.563046041
2007,male,9,NA,NA,NA,NA,NA,NA,black,16124.011737571
2007,male,10,NA,NA,NA,NA,NA,NA,black,16886.697580083
2007,male,11,NA,NA,NA,NA,NA,NA,black,17939.245376346
2007,male,12,NA,NA,NA,NA,NA,NA,black,18624.36959516
2007,male,13,NA,NA,NA,NA,NA,NA,black,19103.090293961
2007,male,14,NA,NA,NA,NA,NA,NA,black,19506.538394062
2007,male,15,NA,NA,NA,NA,NA,NA,black,19867.123155815
2007,male,16,NA,NA,NA,NA,NA,NA,black,20124.346386993
2007,male,17,NA,NA,NA,NA,NA,NA,black,19481.952881202
2007,male,18,NA,NA,NA,NA,NA,NA,black,18882.636193385
2007,male,19,NA,NA,NA,NA,NA,NA,black,18387.011234943
2007,male,20,NA,NA,NA,NA,NA,NA,black,18263.031684227
2007,male,21,NA,NA,NA,NA,NA,NA,black,17943.88208
2007,male,22,NA,NA,NA,NA,NA,NA,black,17254.559949495
2007,male,23,NA,NA,NA,NA,NA,NA,black,16625.738914131
2007,male,24,NA,NA,NA,NA,NA,NA,black,16332.838982371
2007,male,25,NA,NA,NA,NA,NA,NA,black,16066.458432963
2007,male,26,NA,NA,NA,NA,NA,NA,black,16592.403365246
2007,male,27,NA,NA,NA,NA,NA,NA,black,15707.943485694
2007,male,28,NA,NA,NA,NA,NA,NA,black,15125.41956899
2007,male,29,NA,NA,NA,NA,NA,NA,black,14663.615636975
2007,male,30,NA,NA,NA,NA,NA,NA,black,14312.780726114
2007,male,31,NA,NA,NA,NA,NA,NA,black,14525.220563888
2007,male,32,NA,NA,NA,NA,NA,NA,black,14016.786443057
2007,male,33,NA,NA,NA,NA,NA,NA,black,14104.31238548
2007,male,34,NA,NA,NA,NA,NA,NA,black,14695.747833887
2007,male,35,NA,NA,NA,NA,NA,NA,black,15963.815952094
2007,male,36,NA,NA,NA,NA,NA,NA,black,17344.984424252
2007,male,37,NA,NA,NA,NA,NA,NA,black,16871.936031058
2007,male,38,NA,NA,NA,NA,NA,NA,black,16244.573348516
2007,male,39,NA,NA,NA,NA,NA,NA,black,16226.641064217
2007,male,40,NA,NA,NA,NA,NA,NA,black,16929.524541633
2007,male,41,NA,NA,NA,NA,NA,NA,black,18113.036659629
2007,male,42,NA,NA,NA,NA,NA,NA,black,18517.990146224
2007,male,43,NA,NA,NA,NA,NA,NA,black,18260.826429502
2007,male,44,NA,NA,NA,NA,NA,NA,black,18309.230794731
2007,male,45,NA,NA,NA,NA,NA,NA,black,18694.791743191
2007,male,46,NA,NA,NA,NA,NA,NA,black,19154.795868497
2007,male,47,NA,NA,NA,NA,NA,NA,black,18533.097886261
2007,male,48,NA,NA,NA,NA,NA,NA,black,17723.58887207
2007,male,49,NA,NA,NA,NA,NA,NA,black,17061.620799561
2007,male,50,NA,NA,NA,NA,NA,NA,black,16531.706800359
2007,male,51,NA,NA,NA,NA,NA,NA,black,16179.073383254
2007,male,52,NA,NA,NA,NA,NA,NA,black,15302.51739973
2007,male,53,NA,NA,NA,NA,NA,NA,black,14050.556065148
2007,male,54,NA,NA,NA,NA,NA,NA,black,13027.479672436
2007,male,55,NA,NA,NA,NA,NA,NA,black,12631.125724328
2007,male,56,NA,NA,NA,NA,NA,NA,black,12655.359607711
2007,male,57,NA,NA,NA,NA,NA,NA,black,12086.745964576
2007,male,58,NA,NA,NA,NA,NA,NA,black,11094.575238313
2007,male,59,NA,NA,NA,NA,NA,NA,black,10304.957490308
2007,male,60,NA,NA,NA,NA,NA,NA,black,8882.491225838
2007,male,61,NA,NA,NA,NA,NA,NA,black,8199.896530837
2007,male,62,NA,NA,NA,NA,NA,NA,black,7925.963625857
2007,male,63,NA,NA,NA,NA,NA,NA,black,7583.381327679
2007,male,64,NA,NA,NA,NA,NA,NA,black,7040.990534043
2007,male,65,NA,NA,NA,NA,NA,NA,black,6567.483194083
2007,male,66,NA,NA,NA,NA,NA,NA,black,6415.97924003
2007,male,67,NA,NA,NA,NA,NA,NA,black,6237.033601933
2007,male,68,NA,NA,NA,NA,NA,NA,black,5882.01703428
2007,male,69,NA,NA,NA,NA,NA,NA,black,5689.164216417
2007,male,70,NA,NA,NA,NA,NA,NA,black,5335.36793787
2007,male,71,NA,NA,NA,NA,NA,NA,black,5120.186304608
2007,male,72,NA,NA,NA,NA,NA,NA,black,4712.942319277
2007,male,73,NA,NA,NA,NA,NA,NA,black,4239.351102541
2007,male,74,NA,NA,NA,NA,NA,NA,black,3877.662484107
2007,male,75,NA,NA,NA,NA,NA,NA,black,3506.768421639
2007,male,76,NA,NA,NA,NA,NA,NA,black,3273.563628474
2007,male,77,NA,NA,NA,NA,NA,NA,black,2928.848475794
2007,male,78,NA,NA,NA,NA,NA,NA,black,2613.090719718
2007,male,79,NA,NA,NA,NA,NA,NA,black,2475.267435144
2007,male,80,NA,NA,NA,NA,NA,NA,black,2280.697884017
2007,male,81,NA,NA,NA,NA,NA,NA,black,2068.320652744
2007,male,82,NA,NA,NA,NA,NA,NA,black,1954.625966986
2007,male,83,NA,NA,NA,NA,NA,NA,black,1717.661531399
2007,male,84,NA,NA,NA,NA,NA,NA,black,1481.043792927
2007,male,85,NA,NA,NA,NA,NA,NA,black,1304.417305129
2007,male,86,NA,NA,NA,NA,NA,NA,black,1121.956221329
2007,male,87,NA,NA,NA,NA,NA,NA,black,957.899941217
2007,male,88,NA,NA,NA,NA,NA,NA,black,750.817168459
2007,male,89,NA,NA,NA,NA,NA,NA,black,625.014118607
2007,male,90,NA,NA,NA,NA,NA,NA,black,496.448066545
2007,male,91,NA,NA,NA,NA,NA,NA,black,351.461752222
2007,male,92,NA,NA,NA,NA,NA,NA,black,315.147715079
2007,male,93,NA,NA,NA,NA,NA,NA,black,257.018282647
2007,male,94,NA,NA,NA,NA,NA,NA,black,177.965316512
2007,male,95,NA,NA,NA,NA,NA,NA,black,154.551118366
2007,male,96,NA,NA,NA,NA,NA,NA,black,121.127578495
2007,male,97,NA,NA,NA,NA,NA,NA,black,85.321733709
2007,male,98,NA,NA,NA,NA,NA,NA,black,51.192578216
2007,male,99,NA,NA,NA,NA,NA,NA,black,25.746236665
2007,male,100,NA,NA,NA,NA,NA,NA,black,27.962387972
2007,female,0,NA,NA,NA,NA,NA,NA,hispanic,137733.774124549
2007,female,1,NA,NA,NA,NA,NA,NA,hispanic,133569.102971969
2007,female,2,NA,NA,NA,NA,NA,NA,hispanic,130944.230106525
2007,female,3,NA,NA,NA,NA,NA,NA,hispanic,129017.162667688
2007,female,4,NA,NA,NA,NA,NA,NA,hispanic,127812.075622406
2007,female,5,NA,NA,NA,NA,NA,NA,hispanic,128300.859742438
2007,female,6,NA,NA,NA,NA,NA,NA,hispanic,127867.526658083
2007,female,7,NA,NA,NA,NA,NA,NA,hispanic,124546.909616413
2007,female,8,NA,NA,NA,NA,NA,NA,hispanic,124479.375049841
2007,female,9,NA,NA,NA,NA,NA,NA,hispanic,125652.789205425
2007,female,10,NA,NA,NA,NA,NA,NA,hispanic,127268.637624852
2007,female,11,NA,NA,NA,NA,NA,NA,hispanic,129010.761850285
2007,female,12,NA,NA,NA,NA,NA,NA,hispanic,130037.138511994
2007,female,13,NA,NA,NA,NA,NA,NA,hispanic,129863.093287703
2007,female,14,NA,NA,NA,NA,NA,NA,hispanic,129591.24211413
2007,female,15,NA,NA,NA,NA,NA,NA,hispanic,127268.413728251
2007,female,16,NA,NA,NA,NA,NA,NA,hispanic,123047.740973224
2007,female,17,NA,NA,NA,NA,NA,NA,hispanic,116981.884823975
2007,female,18,NA,NA,NA,NA,NA,NA,hispanic,113590.773949664
2007,female,19,NA,NA,NA,NA,NA,NA,hispanic,111215.320668037
2007,female,20,NA,NA,NA,NA,NA,NA,hispanic,110294.387061878
2007,female,21,NA,NA,NA,NA,NA,NA,hispanic,109887.108571105
2007,female,22,NA,NA,NA,NA,NA,NA,hispanic,107713.090780529
2007,female,23,NA,NA,NA,NA,NA,NA,hispanic,107995.394230876
2007,female,24,NA,NA,NA,NA,NA,NA,hispanic,108929.740896216
2007,female,25,NA,NA,NA,NA,NA,NA,hispanic,109439.963288436
2007,female,26,NA,NA,NA,NA,NA,NA,hispanic,109759.109299787
2007,female,27,NA,NA,NA,NA,NA,NA,hispanic,105086.572600095
2007,female,28,NA,NA,NA,NA,NA,NA,hispanic,104638.858319728
2007,female,29,NA,NA,NA,NA,NA,NA,hispanic,104800.984357555
2007,female,30,NA,NA,NA,NA,NA,NA,hispanic,105321.172738748
2007,female,31,NA,NA,NA,NA,NA,NA,hispanic,106873.64000869
2007,female,32,NA,NA,NA,NA,NA,NA,hispanic,105174.090697979
2007,female,33,NA,NA,NA,NA,NA,NA,hispanic,104170.880191779
2007,female,34,NA,NA,NA,NA,NA,NA,hispanic,103618.606441184
2007,female,35,NA,NA,NA,NA,NA,NA,hispanic,104008.754946996
2007,female,36,NA,NA,NA,NA,NA,NA,hispanic,104877.455162299
2007,female,37,NA,NA,NA,NA,NA,NA,hispanic,100806.352169848
2007,female,38,NA,NA,NA,NA,NA,NA,hispanic,96685.271628947
2007,female,39,NA,NA,NA,NA,NA,NA,hispanic,94126.019021261
2007,female,40,NA,NA,NA,NA,NA,NA,hispanic,91755.186945467
2007,female,41,NA,NA,NA,NA,NA,NA,hispanic,91752.020759355
2007,female,42,NA,NA,NA,NA,NA,NA,hispanic,90176.931718436
2007,female,43,NA,NA,NA,NA,NA,NA,hispanic,87019.828704972
2007,female,44,NA,NA,NA,NA,NA,NA,hispanic,83430.185808431
2007,female,45,NA,NA,NA,NA,NA,NA,hispanic,81493.283175224
2007,female,46,NA,NA,NA,NA,NA,NA,hispanic,80221.248619199
2007,female,47,NA,NA,NA,NA,NA,NA,hispanic,75751.386744931
2007,female,48,NA,NA,NA,NA,NA,NA,hispanic,72445.628190645
2007,female,49,NA,NA,NA,NA,NA,NA,hispanic,69305.959668038
2007,female,50,NA,NA,NA,NA,NA,NA,hispanic,67062.015077533
2007,female,51,NA,NA,NA,NA,NA,NA,hispanic,64585.973109166
2007,female,52,NA,NA,NA,NA,NA,NA,hispanic,60467.215413375
2007,female,53,NA,NA,NA,NA,NA,NA,hispanic,56098.859440832
2007,female,54,NA,NA,NA,NA,NA,NA,hispanic,52261.590962564
2007,female,55,NA,NA,NA,NA,NA,NA,hispanic,49641.674562175
2007,female,56,NA,NA,NA,NA,NA,NA,hispanic,47605.562811557
2007,female,57,NA,NA,NA,NA,NA,NA,hispanic,44889.194446177
2007,female,58,NA,NA,NA,NA,NA,NA,hispanic,42052.493288223
2007,female,59,NA,NA,NA,NA,NA,NA,hispanic,39271.049332033
2007,female,60,NA,NA,NA,NA,NA,NA,hispanic,35819.667106239
2007,female,61,NA,NA,NA,NA,NA,NA,hispanic,33835.511189154
2007,female,62,NA,NA,NA,NA,NA,NA,hispanic,31609.053107037
2007,female,63,NA,NA,NA,NA,NA,NA,hispanic,29989.124323564
2007,female,64,NA,NA,NA,NA,NA,NA,hispanic,27661.080557561
2007,female,65,NA,NA,NA,NA,NA,NA,hispanic,25889.031799543
2007,female,66,NA,NA,NA,NA,NA,NA,hispanic,24806.686070882
2007,female,67,NA,NA,NA,NA,NA,NA,hispanic,23583.58271023
2007,female,68,NA,NA,NA,NA,NA,NA,hispanic,22152.903559862
2007,female,69,NA,NA,NA,NA,NA,NA,hispanic,21158.064848081
2007,female,70,NA,NA,NA,NA,NA,NA,hispanic,20372.657068751
2007,female,71,NA,NA,NA,NA,NA,NA,hispanic,19718.085346433
2007,female,72,NA,NA,NA,NA,NA,NA,hispanic,18469.542892146
2007,female,73,NA,NA,NA,NA,NA,NA,hispanic,17198.827928448
2007,female,74,NA,NA,NA,NA,NA,NA,hispanic,16513.213118021
2007,female,75,NA,NA,NA,NA,NA,NA,hispanic,16314.431180582
2007,female,76,NA,NA,NA,NA,NA,NA,hispanic,16068.829629098
2007,female,77,NA,NA,NA,NA,NA,NA,hispanic,14965.528132407
2007,female,78,NA,NA,NA,NA,NA,NA,hispanic,13689.85877868
2007,female,79,NA,NA,NA,NA,NA,NA,hispanic,12829.749719195
2007,female,80,NA,NA,NA,NA,NA,NA,hispanic,11827.09192018
2007,female,81,NA,NA,NA,NA,NA,NA,hispanic,10964.269877092
2007,female,82,NA,NA,NA,NA,NA,NA,hispanic,9693.77439921
2007,female,83,NA,NA,NA,NA,NA,NA,hispanic,8569.615173809
2007,female,84,NA,NA,NA,NA,NA,NA,hispanic,7568.604259475
2007,female,85,NA,NA,NA,NA,NA,NA,hispanic,6691.148499803
2007,female,86,NA,NA,NA,NA,NA,NA,hispanic,5802.249905114
2007,female,87,NA,NA,NA,NA,NA,NA,hispanic,4810.466546755
2007,female,88,NA,NA,NA,NA,NA,NA,hispanic,3876.756867002
2007,female,89,NA,NA,NA,NA,NA,NA,hispanic,3242.588181798
2007,female,90,NA,NA,NA,NA,NA,NA,hispanic,2672.440212663
2007,female,91,NA,NA,NA,NA,NA,NA,hispanic,2182.285063305
2007,female,92,NA,NA,NA,NA,NA,NA,hispanic,1883.123565828
2007,female,93,NA,NA,NA,NA,NA,NA,hispanic,1646.479177541
2007,female,94,NA,NA,NA,NA,NA,NA,hispanic,1288.123266799
2007,female,95,NA,NA,NA,NA,NA,NA,hispanic,975.762117295
2007,female,96,NA,NA,NA,NA,NA,NA,hispanic,753.928051924
2007,female,97,NA,NA,NA,NA,NA,NA,hispanic,533.780850421
2007,female,98,NA,NA,NA,NA,NA,NA,hispanic,260.366230891
2007,female,99,NA,NA,NA,NA,NA,NA,hispanic,148.892894402
2007,female,100,NA,NA,NA,NA,NA,NA,hispanic,206.591987638
2007,male,0,NA,NA,NA,NA,NA,NA,hispanic,143294.025422712
2007,male,1,NA,NA,NA,NA,NA,NA,hispanic,139094.049987606
2007,male,2,NA,NA,NA,NA,NA,NA,hispanic,136156.174132873
2007,male,3,NA,NA,NA,NA,NA,NA,hispanic,133509.880400731
2007,male,4,NA,NA,NA,NA,NA,NA,hispanic,132401.373741128
2007,male,5,NA,NA,NA,NA,NA,NA,hispanic,132980.29161061
2007,male,6,NA,NA,NA,NA,NA,NA,hispanic,133917.636321562
2007,male,7,NA,NA,NA,NA,NA,NA,hispanic,129902.225464013
2007,male,8,NA,NA,NA,NA,NA,NA,hispanic,128824.362662047
2007,male,9,NA,NA,NA,NA,NA,NA,hispanic,130070.418762691
2007,male,10,NA,NA,NA,NA,NA,NA,hispanic,132335.578709427
2007,male,11,NA,NA,NA,NA,NA,NA,hispanic,133826.895119812
2007,male,12,NA,NA,NA,NA,NA,NA,hispanic,135245.903289901
2007,male,13,NA,NA,NA,NA,NA,NA,hispanic,135942.878921735
2007,male,14,NA,NA,NA,NA,NA,NA,hispanic,136253.777046458
2007,male,15,NA,NA,NA,NA,NA,NA,hispanic,134639.193548345
2007,male,16,NA,NA,NA,NA,NA,NA,hispanic,132276.739965476
2007,male,17,NA,NA,NA,NA,NA,NA,hispanic,127568.073917126
2007,male,18,NA,NA,NA,NA,NA,NA,hispanic,125213.701303021
2007,male,19,NA,NA,NA,NA,NA,NA,hispanic,123422.047216363
2007,male,20,NA,NA,NA,NA,NA,NA,hispanic,123387.708295766
2007,male,21,NA,NA,NA,NA,NA,NA,hispanic,122229.516791803
2007,male,22,NA,NA,NA,NA,NA,NA,hispanic,118595.134242605
2007,male,23,NA,NA,NA,NA,NA,NA,hispanic,118926.676466548
2007,male,24,NA,NA,NA,NA,NA,NA,hispanic,119555.402823516
2007,male,25,NA,NA,NA,NA,NA,NA,hispanic,120421.403203903
2007,male,26,NA,NA,NA,NA,NA,NA,hispanic,122445.016554802
2007,male,27,NA,NA,NA,NA,NA,NA,hispanic,115628.56263552
2007,male,28,NA,NA,NA,NA,NA,NA,hispanic,113780.205588269
2007,male,29,NA,NA,NA,NA,NA,NA,hispanic,113012.127669509
2007,male,30,NA,NA,NA,NA,NA,NA,hispanic,112723.888401348
2007,male,31,NA,NA,NA,NA,NA,NA,hispanic,113738.83940249
2007,male,32,NA,NA,NA,NA,NA,NA,hispanic,110554.251713455
2007,male,33,NA,NA,NA,NA,NA,NA,hispanic,108599.529176546
2007,male,34,NA,NA,NA,NA,NA,NA,hispanic,108557.717554906
2007,male,35,NA,NA,NA,NA,NA,NA,hispanic,108928.963548258
2007,male,36,NA,NA,NA,NA,NA,NA,hispanic,112049.129089928
2007,male,37,NA,NA,NA,NA,NA,NA,hispanic,108038.49528445
2007,male,38,NA,NA,NA,NA,NA,NA,hispanic,104108.302034714
2007,male,39,NA,NA,NA,NA,NA,NA,hispanic,100288.362149051
2007,male,40,NA,NA,NA,NA,NA,NA,hispanic,98208.612628319
2007,male,41,NA,NA,NA,NA,NA,NA,hispanic,98099.183030736
2007,male,42,NA,NA,NA,NA,NA,NA,hispanic,94474.066885699
2007,male,43,NA,NA,NA,NA,NA,NA,hispanic,89708.709097902
2007,male,44,NA,NA,NA,NA,NA,NA,hispanic,85443.673470454
2007,male,45,NA,NA,NA,NA,NA,NA,hispanic,82917.674088589
2007,male,46,NA,NA,NA,NA,NA,NA,hispanic,81788.223808396
2007,male,47,NA,NA,NA,NA,NA,NA,hispanic,76383.991416556
2007,male,48,NA,NA,NA,NA,NA,NA,hispanic,71817.961889332
2007,male,49,NA,NA,NA,NA,NA,NA,hispanic,68117.287055053
2007,male,50,NA,NA,NA,NA,NA,NA,hispanic,65072.190020163
2007,male,51,NA,NA,NA,NA,NA,NA,hispanic,62500.339895222
2007,male,52,NA,NA,NA,NA,NA,NA,hispanic,57922.476244185
2007,male,53,NA,NA,NA,NA,NA,NA,hispanic,52942.89775892
2007,male,54,NA,NA,NA,NA,NA,NA,hispanic,49176.320705702
2007,male,55,NA,NA,NA,NA,NA,NA,hispanic,46225.913612753
2007,male,56,NA,NA,NA,NA,NA,NA,hispanic,44153.656641629
2007,male,57,NA,NA,NA,NA,NA,NA,hispanic,40879.919171604
2007,male,58,NA,NA,NA,NA,NA,NA,hispanic,38149.248323634
2007,male,59,NA,NA,NA,NA,NA,NA,hispanic,35545.669168205
2007,male,60,NA,NA,NA,NA,NA,NA,hispanic,31874.167664949
2007,male,61,NA,NA,NA,NA,NA,NA,hispanic,29226.416598523
2007,male,62,NA,NA,NA,NA,NA,NA,hispanic,26936.354691357
2007,male,63,NA,NA,NA,NA,NA,NA,hispanic,24897.108333279
2007,male,64,NA,NA,NA,NA,NA,NA,hispanic,22868.668814214
2007,male,65,NA,NA,NA,NA,NA,NA,hispanic,21231.1223986
2007,male,66,NA,NA,NA,NA,NA,NA,hispanic,20280.299007978
2007,male,67,NA,NA,NA,NA,NA,NA,hispanic,19047.497495474
2007,male,68,NA,NA,NA,NA,NA,NA,hispanic,17725.568902648
2007,male,69,NA,NA,NA,NA,NA,NA,hispanic,16640.52845633
2007,male,70,NA,NA,NA,NA,NA,NA,hispanic,15885.813884517
2007,male,71,NA,NA,NA,NA,NA,NA,hispanic,15083.818390626
2007,male,72,NA,NA,NA,NA,NA,NA,hispanic,13955.215661467
2007,male,73,NA,NA,NA,NA,NA,NA,hispanic,12947.061284552
2007,male,74,NA,NA,NA,NA,NA,NA,hispanic,12350.713610691
2007,male,75,NA,NA,NA,NA,NA,NA,hispanic,12036.718007991
2007,male,76,NA,NA,NA,NA,NA,NA,hispanic,11723.483422729
2007,male,77,NA,NA,NA,NA,NA,NA,hispanic,10671.615271434
2007,male,78,NA,NA,NA,NA,NA,NA,hispanic,9548.376633733
2007,male,79,NA,NA,NA,NA,NA,NA,hispanic,8673.47151666
2007,male,80,NA,NA,NA,NA,NA,NA,hispanic,7936.568089004
2007,male,81,NA,NA,NA,NA,NA,NA,hispanic,7167.978009044
2007,male,82,NA,NA,NA,NA,NA,NA,hispanic,6546.085309179
2007,male,83,NA,NA,NA,NA,NA,NA,hispanic,5994.128447235
2007,male,84,NA,NA,NA,NA,NA,NA,hispanic,5079.679745783
2007,male,85,NA,NA,NA,NA,NA,NA,hispanic,4218.059126798
2007,male,86,NA,NA,NA,NA,NA,NA,hispanic,3410.281058876
2007,male,87,NA,NA,NA,NA,NA,NA,hispanic,2721.892128071
2007,male,88,NA,NA,NA,NA,NA,NA,hispanic,2133.775866671
2007,male,89,NA,NA,NA,NA,NA,NA,hispanic,1656.056075148
2007,male,90,NA,NA,NA,NA,NA,NA,hispanic,1330.075280088
2007,male,91,NA,NA,NA,NA,NA,NA,hispanic,1072.104826549
2007,male,92,NA,NA,NA,NA,NA,NA,hispanic,840.573953801
2007,male,93,NA,NA,NA,NA,NA,NA,hispanic,688.699832178
2007,male,94,NA,NA,NA,NA,NA,NA,hispanic,562.752582782
2007,male,95,NA,NA,NA,NA,NA,NA,hispanic,413.498115562
2007,male,96,NA,NA,NA,NA,NA,NA,hispanic,291.034316069
2007,male,97,NA,NA,NA,NA,NA,NA,hispanic,193.146865425
2007,male,98,NA,NA,NA,NA,NA,NA,hispanic,85.73983357
2007,male,99,NA,NA,NA,NA,NA,NA,hispanic,70.998179143
2007,male,100,NA,NA,NA,NA,NA,NA,hispanic,80.489566965
2007,female,0,NA,NA,NA,NA,NA,NA,white,68095.093181844
2007,female,1,NA,NA,NA,NA,NA,NA,white,68704.018939454
2007,female,2,NA,NA,NA,NA,NA,NA,white,69300.628904673
2007,female,3,NA,NA,NA,NA,NA,NA,white,69956.541208896
2007,female,4,NA,NA,NA,NA,NA,NA,white,69840.36781203
2007,female,5,NA,NA,NA,NA,NA,NA,white,70586.233821623
2007,female,6,NA,NA,NA,NA,NA,NA,white,72233.981622949
2007,female,7,NA,NA,NA,NA,NA,NA,white,73313.362515165
2007,female,8,NA,NA,NA,NA,NA,NA,white,74445.055359624
2007,female,9,NA,NA,NA,NA,NA,NA,white,76117.868468216
2007,female,10,NA,NA,NA,NA,NA,NA,white,78487.46070879
2007,female,11,NA,NA,NA,NA,NA,NA,white,80946.492761869
2007,female,12,NA,NA,NA,NA,NA,NA,white,82522.771880076
2007,female,13,NA,NA,NA,NA,NA,NA,white,83383.649691766
2007,female,14,NA,NA,NA,NA,NA,NA,white,84945.633746103
2007,female,15,NA,NA,NA,NA,NA,NA,white,86510.132909907
2007,female,16,NA,NA,NA,NA,NA,NA,white,88560.088963678
2007,female,17,NA,NA,NA,NA,NA,NA,white,88789.235564074
2007,female,18,NA,NA,NA,NA,NA,NA,white,89791.2435819
2007,female,19,NA,NA,NA,NA,NA,NA,white,90893.465634076
2007,female,20,NA,NA,NA,NA,NA,NA,white,93578.528464573
2007,female,21,NA,NA,NA,NA,NA,NA,white,95802.951748335
2007,female,22,NA,NA,NA,NA,NA,NA,white,95039.562944974
2007,female,23,NA,NA,NA,NA,NA,NA,white,93203.948309338
2007,female,24,NA,NA,NA,NA,NA,NA,white,93033.649664412
2007,female,25,NA,NA,NA,NA,NA,NA,white,92765.527454992
2007,female,26,NA,NA,NA,NA,NA,NA,white,93270.987748677
2007,female,27,NA,NA,NA,NA,NA,NA,white,88503.807610774
2007,female,28,NA,NA,NA,NA,NA,NA,white,86263.846679934
2007,female,29,NA,NA,NA,NA,NA,NA,white,84875.596391339
2007,female,30,NA,NA,NA,NA,NA,NA,white,84484.195748288
2007,female,31,NA,NA,NA,NA,NA,NA,white,85751.421712424
2007,female,32,NA,NA,NA,NA,NA,NA,white,83494.911716961
2007,female,33,NA,NA,NA,NA,NA,NA,white,83887.492916141
2007,female,34,NA,NA,NA,NA,NA,NA,white,88089.232176503
2007,female,35,NA,NA,NA,NA,NA,NA,white,98114.208107493
2007,female,36,NA,NA,NA,NA,NA,NA,white,106147.507309539
2007,female,37,NA,NA,NA,NA,NA,NA,white,106259.271470334
2007,female,38,NA,NA,NA,NA,NA,NA,white,102746.311568935
2007,female,39,NA,NA,NA,NA,NA,NA,white,102730.522615841
2007,female,40,NA,NA,NA,NA,NA,NA,white,104919.790132906
2007,female,41,NA,NA,NA,NA,NA,NA,white,113191.664783408
2007,female,42,NA,NA,NA,NA,NA,NA,white,120412.304366109
2007,female,43,NA,NA,NA,NA,NA,NA,white,124137.880033678
2007,female,44,NA,NA,NA,NA,NA,NA,white,127292.423718714
2007,female,45,NA,NA,NA,NA,NA,NA,white,130836.94368768
2007,female,46,NA,NA,NA,NA,NA,NA,white,133953.240242885
2007,female,47,NA,NA,NA,NA,NA,NA,white,132461.635626483
2007,female,48,NA,NA,NA,NA,NA,NA,white,132247.6188995
2007,female,49,NA,NA,NA,NA,NA,NA,white,132748.28258016
2007,female,50,NA,NA,NA,NA,NA,NA,white,131605.330824297
2007,female,51,NA,NA,NA,NA,NA,NA,white,131436.634368858
2007,female,52,NA,NA,NA,NA,NA,NA,white,129746.024701101
2007,female,53,NA,NA,NA,NA,NA,NA,white,127145.45812166
2007,female,54,NA,NA,NA,NA,NA,NA,white,123697.299379361
2007,female,55,NA,NA,NA,NA,NA,NA,white,119990.582500337
2007,female,56,NA,NA,NA,NA,NA,NA,white,118985.58462481
2007,female,57,NA,NA,NA,NA,NA,NA,white,117658.717329908
2007,female,58,NA,NA,NA,NA,NA,NA,white,118641.295716472
2007,female,59,NA,NA,NA,NA,NA,NA,white,120405.956714953
2007,female,60,NA,NA,NA,NA,NA,NA,white,105336.1601291
2007,female,61,NA,NA,NA,NA,NA,NA,white,94825.466015293
2007,female,62,NA,NA,NA,NA,NA,NA,white,91719.465896443
2007,female,63,NA,NA,NA,NA,NA,NA,white,91345.897432412
2007,female,64,NA,NA,NA,NA,NA,NA,white,85069.364987497
2007,female,65,NA,NA,NA,NA,NA,NA,white,77104.794972073
2007,female,66,NA,NA,NA,NA,NA,NA,white,72535.99732174
2007,female,67,NA,NA,NA,NA,NA,NA,white,70104.36005209
2007,female,68,NA,NA,NA,NA,NA,NA,white,67698.254544782
2007,female,69,NA,NA,NA,NA,NA,NA,white,64821.376116536
2007,female,70,NA,NA,NA,NA,NA,NA,white,62327.88897296
2007,female,71,NA,NA,NA,NA,NA,NA,white,61120.053848374
2007,female,72,NA,NA,NA,NA,NA,NA,white,58821.76186934
2007,female,73,NA,NA,NA,NA,NA,NA,white,57310.280180575
2007,female,74,NA,NA,NA,NA,NA,NA,white,56868.957381763
2007,female,75,NA,NA,NA,NA,NA,NA,white,57174.249409126
2007,female,76,NA,NA,NA,NA,NA,NA,white,57340.097005684
2007,female,77,NA,NA,NA,NA,NA,NA,white,56119.818657654
2007,female,78,NA,NA,NA,NA,NA,NA,white,55187.074406416
2007,female,79,NA,NA,NA,NA,NA,NA,white,54942.612852381
2007,female,80,NA,NA,NA,NA,NA,NA,white,54556.028624191
2007,female,81,NA,NA,NA,NA,NA,NA,white,53909.497640622
2007,female,82,NA,NA,NA,NA,NA,NA,white,52363.670917389
2007,female,83,NA,NA,NA,NA,NA,NA,white,48912.904457405
2007,female,84,NA,NA,NA,NA,NA,NA,white,45894.686827962
2007,female,85,NA,NA,NA,NA,NA,NA,white,42655.355694746
2007,female,86,NA,NA,NA,NA,NA,NA,white,37468.071803827
2007,female,87,NA,NA,NA,NA,NA,NA,white,31936.715191491
2007,female,88,NA,NA,NA,NA,NA,NA,white,27733.322185152
2007,female,89,NA,NA,NA,NA,NA,NA,white,23545.059475201
2007,female,90,NA,NA,NA,NA,NA,NA,white,20090.332367453
2007,female,91,NA,NA,NA,NA,NA,NA,white,17278.270015006
2007,female,92,NA,NA,NA,NA,NA,NA,white,14654.545721274
2007,female,93,NA,NA,NA,NA,NA,NA,white,11904.927339296
2007,female,94,NA,NA,NA,NA,NA,NA,white,9382.514998428
2007,female,95,NA,NA,NA,NA,NA,NA,white,7193.256019644
2007,female,96,NA,NA,NA,NA,NA,NA,white,5342.570149648
2007,female,97,NA,NA,NA,NA,NA,NA,white,3891.687506781
2007,female,98,NA,NA,NA,NA,NA,NA,white,2796.253343141
2007,female,99,NA,NA,NA,NA,NA,NA,white,2079.028515404
2007,female,100,NA,NA,NA,NA,NA,NA,white,2924.933765858
2007,male,0,NA,NA,NA,NA,NA,NA,white,72140.70579193
2007,male,1,NA,NA,NA,NA,NA,NA,white,72529.620153244
2007,male,2,NA,NA,NA,NA,NA,NA,white,73214.468462249
2007,male,3,NA,NA,NA,NA,NA,NA,white,73445.070671752
2007,male,4,NA,NA,NA,NA,NA,NA,white,73753.06544877
2007,male,5,NA,NA,NA,NA,NA,NA,white,74824.128239758
2007,male,6,NA,NA,NA,NA,NA,NA,white,76524.793218573
2007,male,7,NA,NA,NA,NA,NA,NA,white,76683.178061364
2007,male,8,NA,NA,NA,NA,NA,NA,white,77912.723416488
2007,male,9,NA,NA,NA,NA,NA,NA,white,79929.494751733
2007,male,10,NA,NA,NA,NA,NA,NA,white,82776.377464694
2007,male,11,NA,NA,NA,NA,NA,NA,white,85250.536982106
2007,male,12,NA,NA,NA,NA,NA,NA,white,87270.604855672
2007,male,13,NA,NA,NA,NA,NA,NA,white,88321.141245589
2007,male,14,NA,NA,NA,NA,NA,NA,white,90684.494671687
2007,male,15,NA,NA,NA,NA,NA,NA,white,92742.643919596
2007,male,16,NA,NA,NA,NA,NA,NA,white,96137.23676138
2007,male,17,NA,NA,NA,NA,NA,NA,white,94617.385121658
2007,male,18,NA,NA,NA,NA,NA,NA,white,96942.014019662
2007,male,19,NA,NA,NA,NA,NA,NA,white,98218.741049554
2007,male,20,NA,NA,NA,NA,NA,NA,white,102975.164422653
2007,male,21,NA,NA,NA,NA,NA,NA,white,103926.019633959
2007,male,22,NA,NA,NA,NA,NA,NA,white,101825.962145648
2007,male,23,NA,NA,NA,NA,NA,NA,white,99582.103899459
2007,male,24,NA,NA,NA,NA,NA,NA,white,98889.158938341
2007,male,25,NA,NA,NA,NA,NA,NA,white,98204.830167965
2007,male,26,NA,NA,NA,NA,NA,NA,white,100671.430192796
2007,male,27,NA,NA,NA,NA,NA,NA,white,95636.676652562
2007,male,28,NA,NA,NA,NA,NA,NA,white,92798.459832423
2007,male,29,NA,NA,NA,NA,NA,NA,white,90919.107865522
2007,male,30,NA,NA,NA,NA,NA,NA,white,89387.708975463
2007,male,31,NA,NA,NA,NA,NA,NA,white,91301.127092816
2007,male,32,NA,NA,NA,NA,NA,NA,white,89303.596143924
2007,male,33,NA,NA,NA,NA,NA,NA,white,89229.176051141
2007,male,34,NA,NA,NA,NA,NA,NA,white,93556.089088012
2007,male,35,NA,NA,NA,NA,NA,NA,white,103394.942103699
2007,male,36,NA,NA,NA,NA,NA,NA,white,111907.706371782
2007,male,37,NA,NA,NA,NA,NA,NA,white,110968.700360944
2007,male,38,NA,NA,NA,NA,NA,NA,white,107480.489182951
2007,male,39,NA,NA,NA,NA,NA,NA,white,107503.580866777
2007,male,40,NA,NA,NA,NA,NA,NA,white,109684.769961711
2007,male,41,NA,NA,NA,NA,NA,NA,white,118183.751017124
2007,male,42,NA,NA,NA,NA,NA,NA,white,125164.168307418
2007,male,43,NA,NA,NA,NA,NA,NA,white,128255.133223263
2007,male,44,NA,NA,NA,NA,NA,NA,white,131187.614260883
2007,male,45,NA,NA,NA,NA,NA,NA,white,134798.527823387
2007,male,46,NA,NA,NA,NA,NA,NA,white,138340.329610684
2007,male,47,NA,NA,NA,NA,NA,NA,white,137149.19815026
2007,male,48,NA,NA,NA,NA,NA,NA,white,135991.164349706
2007,male,49,NA,NA,NA,NA,NA,NA,white,135701.339547755
2007,male,50,NA,NA,NA,NA,NA,NA,white,133483.492245016
2007,male,51,NA,NA,NA,NA,NA,NA,white,132791.860963811
2007,male,52,NA,NA,NA,NA,NA,NA,white,130341.737436323
2007,male,53,NA,NA,NA,NA,NA,NA,white,126742.319772394
2007,male,54,NA,NA,NA,NA,NA,NA,white,122646.025126312
2007,male,55,NA,NA,NA,NA,NA,NA,white,118613.447207753
2007,male,56,NA,NA,NA,NA,NA,NA,white,117486.7368952
2007,male,57,NA,NA,NA,NA,NA,NA,white,116060.462257128
2007,male,58,NA,NA,NA,NA,NA,NA,white,116320.297788939
2007,male,59,NA,NA,NA,NA,NA,NA,white,117985.164048722
2007,male,60,NA,NA,NA,NA,NA,NA,white,103077.197801608
2007,male,61,NA,NA,NA,NA,NA,NA,white,91669.514364904
2007,male,62,NA,NA,NA,NA,NA,NA,white,87949.427270324
2007,male,63,NA,NA,NA,NA,NA,NA,white,86848.749138084
2007,male,64,NA,NA,NA,NA,NA,NA,white,80052.433732392
2007,male,65,NA,NA,NA,NA,NA,NA,white,71875.723624052
2007,male,66,NA,NA,NA,NA,NA,NA,white,67116.963197404
2007,male,67,NA,NA,NA,NA,NA,NA,white,64492.591706863
2007,male,68,NA,NA,NA,NA,NA,NA,white,61597.38777389
2007,male,69,NA,NA,NA,NA,NA,NA,white,58167.014671359
2007,male,70,NA,NA,NA,NA,NA,NA,white,55010.921146832
2007,male,71,NA,NA,NA,NA,NA,NA,white,53319.944088246
2007,male,72,NA,NA,NA,NA,NA,NA,white,50967.160590899
2007,male,73,NA,NA,NA,NA,NA,NA,white,49028.721278659
2007,male,74,NA,NA,NA,NA,NA,NA,white,48354.167819334
2007,male,75,NA,NA,NA,NA,NA,NA,white,47993.441993826
2007,male,76,NA,NA,NA,NA,NA,NA,white,47087.795024427
2007,male,77,NA,NA,NA,NA,NA,NA,white,44644.891728148
2007,male,78,NA,NA,NA,NA,NA,NA,white,41984.657576767
2007,male,79,NA,NA,NA,NA,NA,NA,white,39823.158576612
2007,male,80,NA,NA,NA,NA,NA,NA,white,37693.102833817
2007,male,81,NA,NA,NA,NA,NA,NA,white,36082.512020959
2007,male,82,NA,NA,NA,NA,NA,NA,white,34146.748223433
2007,male,83,NA,NA,NA,NA,NA,NA,white,31504.26201043
2007,male,84,NA,NA,NA,NA,NA,NA,white,29014.182551189
2007,male,85,NA,NA,NA,NA,NA,NA,white,26647.316509375
2007,male,86,NA,NA,NA,NA,NA,NA,white,22970.224964401
2007,male,87,NA,NA,NA,NA,NA,NA,white,18739.957506535
2007,male,88,NA,NA,NA,NA,NA,NA,white,15446.286521148
2007,male,89,NA,NA,NA,NA,NA,NA,white,12549.084174648
2007,male,90,NA,NA,NA,NA,NA,NA,white,10092.308618313
2007,male,91,NA,NA,NA,NA,NA,NA,white,7940.183712534
2007,male,92,NA,NA,NA,NA,NA,NA,white,6281.858556185
2007,male,93,NA,NA,NA,NA,NA,NA,white,4728.259968215
2007,male,94,NA,NA,NA,NA,NA,NA,white,3493.172603409
2007,male,95,NA,NA,NA,NA,NA,NA,white,2453.818304772
2007,male,96,NA,NA,NA,NA,NA,NA,white,1614.549106419
2007,male,97,NA,NA,NA,NA,NA,NA,white,1036.834117262
2007,male,98,NA,NA,NA,NA,NA,NA,white,661.466099926
2007,male,99,NA,NA,NA,NA,NA,NA,white,428.326506104
2007,male,100,NA,NA,NA,NA,NA,NA,white,631.189556678
2008,female,0,NA,NA,NA,NA,NA,NA,black,13459.800926901
2008,female,1,NA,NA,NA,NA,NA,NA,black,13299.913045653
2008,female,2,NA,NA,NA,NA,NA,NA,black,12972.671781118
2008,female,3,NA,NA,NA,NA,NA,NA,black,13014.60909769
2008,female,4,NA,NA,NA,NA,NA,NA,black,13225.571173561
2008,female,5,NA,NA,NA,NA,NA,NA,black,13603.241561003
2008,female,6,NA,NA,NA,NA,NA,NA,black,14176.697313045
2008,female,7,NA,NA,NA,NA,NA,NA,black,14662.140378468
2008,female,8,NA,NA,NA,NA,NA,NA,black,14902.567800397
2008,female,9,NA,NA,NA,NA,NA,NA,black,15303.780986992
2008,female,10,NA,NA,NA,NA,NA,NA,black,15727.834210584
2008,female,11,NA,NA,NA,NA,NA,NA,black,16288.292107282
2008,female,12,NA,NA,NA,NA,NA,NA,black,17322.755872482
2008,female,13,NA,NA,NA,NA,NA,NA,black,18205.522582955
2008,female,14,NA,NA,NA,NA,NA,NA,black,18509.411137802
2008,female,15,NA,NA,NA,NA,NA,NA,black,18776.335255812
2008,female,16,NA,NA,NA,NA,NA,NA,black,18955.124309172
2008,female,17,NA,NA,NA,NA,NA,NA,black,19090.754205651
2008,female,18,NA,NA,NA,NA,NA,NA,black,18562.874988631
2008,female,19,NA,NA,NA,NA,NA,NA,black,17750.943539929
2008,female,20,NA,NA,NA,NA,NA,NA,black,16997.668096123
2008,female,21,NA,NA,NA,NA,NA,NA,black,16800.870561055
2008,female,22,NA,NA,NA,NA,NA,NA,black,16578.769538724
2008,female,23,NA,NA,NA,NA,NA,NA,black,15667.075325645
2008,female,24,NA,NA,NA,NA,NA,NA,black,15361.008680655
2008,female,25,NA,NA,NA,NA,NA,NA,black,15330.981405781
2008,female,26,NA,NA,NA,NA,NA,NA,black,15194.424974878
2008,female,27,NA,NA,NA,NA,NA,NA,black,15622.77924124
2008,female,28,NA,NA,NA,NA,NA,NA,black,14960.144231903
2008,female,29,NA,NA,NA,NA,NA,NA,black,14563.28284985
2008,female,30,NA,NA,NA,NA,NA,NA,black,14214.738645103
2008,female,31,NA,NA,NA,NA,NA,NA,black,14054.984049218
2008,female,32,NA,NA,NA,NA,NA,NA,black,14431.558288073
2008,female,33,NA,NA,NA,NA,NA,NA,black,13912.876631471
2008,female,34,NA,NA,NA,NA,NA,NA,black,13982.062098244
2008,female,35,NA,NA,NA,NA,NA,NA,black,14535.022644117
2008,female,36,NA,NA,NA,NA,NA,NA,black,15899.344492431
2008,female,37,NA,NA,NA,NA,NA,NA,black,17298.269579901
2008,female,38,NA,NA,NA,NA,NA,NA,black,16442.186226994
2008,female,39,NA,NA,NA,NA,NA,NA,black,15844.829335092
2008,female,40,NA,NA,NA,NA,NA,NA,black,16240.161325393
2008,female,41,NA,NA,NA,NA,NA,NA,black,16860.161163495
2008,female,42,NA,NA,NA,NA,NA,NA,black,18131.078021449
2008,female,43,NA,NA,NA,NA,NA,NA,black,18142.627028605
2008,female,44,NA,NA,NA,NA,NA,NA,black,18138.517750707
2008,female,45,NA,NA,NA,NA,NA,NA,black,18279.874280444
2008,female,46,NA,NA,NA,NA,NA,NA,black,18672.963313465
2008,female,47,NA,NA,NA,NA,NA,NA,black,19151.072906226
2008,female,48,NA,NA,NA,NA,NA,NA,black,18378.624169106
2008,female,49,NA,NA,NA,NA,NA,NA,black,17666.495267621
2008,female,50,NA,NA,NA,NA,NA,NA,black,17306.455933126
2008,female,51,NA,NA,NA,NA,NA,NA,black,16634.129374094
2008,female,52,NA,NA,NA,NA,NA,NA,black,16402.766447339
2008,female,53,NA,NA,NA,NA,NA,NA,black,15334.755430552
2008,female,54,NA,NA,NA,NA,NA,NA,black,14602.221530983
2008,female,55,NA,NA,NA,NA,NA,NA,black,13909.32474885
2008,female,56,NA,NA,NA,NA,NA,NA,black,13525.857925364
2008,female,57,NA,NA,NA,NA,NA,NA,black,13573.737929204
2008,female,58,NA,NA,NA,NA,NA,NA,black,12997.863591752
2008,female,59,NA,NA,NA,NA,NA,NA,black,12344.860096636
2008,female,60,NA,NA,NA,NA,NA,NA,black,11454.844787819
2008,female,61,NA,NA,NA,NA,NA,NA,black,9927.827701762
2008,female,62,NA,NA,NA,NA,NA,NA,black,9354.504313256
2008,female,63,NA,NA,NA,NA,NA,NA,black,9066.211485046
2008,female,64,NA,NA,NA,NA,NA,NA,black,8896.285140399
2008,female,65,NA,NA,NA,NA,NA,NA,black,8322.43435585
2008,female,66,NA,NA,NA,NA,NA,NA,black,7831.546405923
2008,female,67,NA,NA,NA,NA,NA,NA,black,7632.071025426
2008,female,68,NA,NA,NA,NA,NA,NA,black,7316.096524767
2008,female,69,NA,NA,NA,NA,NA,NA,black,6861.400682869
2008,female,70,NA,NA,NA,NA,NA,NA,black,6482.253059583
2008,female,71,NA,NA,NA,NA,NA,NA,black,6218.879690297
2008,female,72,NA,NA,NA,NA,NA,NA,black,6046.743012669
2008,female,73,NA,NA,NA,NA,NA,NA,black,5674.017545572
2008,female,74,NA,NA,NA,NA,NA,NA,black,5349.457733606
2008,female,75,NA,NA,NA,NA,NA,NA,black,4806.168220923
2008,female,76,NA,NA,NA,NA,NA,NA,black,4520.877445063
2008,female,77,NA,NA,NA,NA,NA,NA,black,4449.538506542
2008,female,78,NA,NA,NA,NA,NA,NA,black,4176.041934281
2008,female,79,NA,NA,NA,NA,NA,NA,black,3849.10862964
2008,female,80,NA,NA,NA,NA,NA,NA,black,3711.91691171
2008,female,81,NA,NA,NA,NA,NA,NA,black,3569.416614403
2008,female,82,NA,NA,NA,NA,NA,NA,black,3408.682740168
2008,female,83,NA,NA,NA,NA,NA,NA,black,3093.113217796
2008,female,84,NA,NA,NA,NA,NA,NA,black,2815.263650679
2008,female,85,NA,NA,NA,NA,NA,NA,black,2522.018128742
2008,female,86,NA,NA,NA,NA,NA,NA,black,2300.510524734
2008,female,87,NA,NA,NA,NA,NA,NA,black,2045.448174878
2008,female,88,NA,NA,NA,NA,NA,NA,black,1737.990860737
2008,female,89,NA,NA,NA,NA,NA,NA,black,1442.889289607
2008,female,90,NA,NA,NA,NA,NA,NA,black,1235.115404958
2008,female,91,NA,NA,NA,NA,NA,NA,black,1047.019198929
2008,female,92,NA,NA,NA,NA,NA,NA,black,887.184338046
2008,female,93,NA,NA,NA,NA,NA,NA,black,742.23118694
2008,female,94,NA,NA,NA,NA,NA,NA,black,641.476098379
2008,female,95,NA,NA,NA,NA,NA,NA,black,508.359407765
2008,female,96,NA,NA,NA,NA,NA,NA,black,377.492622037
2008,female,97,NA,NA,NA,NA,NA,NA,black,311.090086296
2008,female,98,NA,NA,NA,NA,NA,NA,black,207.590681607
2008,female,99,NA,NA,NA,NA,NA,NA,black,169.108495688
2008,female,100,NA,NA,NA,NA,NA,NA,black,112.431749603
2008,male,0,NA,NA,NA,NA,NA,NA,black,14016.534011595
2008,male,1,NA,NA,NA,NA,NA,NA,black,13651.942057335
2008,male,2,NA,NA,NA,NA,NA,NA,black,13583.964441757
2008,male,3,NA,NA,NA,NA,NA,NA,black,13532.971167238
2008,male,4,NA,NA,NA,NA,NA,NA,black,13834.113169335
2008,male,5,NA,NA,NA,NA,NA,NA,black,14126.254923909
2008,male,6,NA,NA,NA,NA,NA,NA,black,14459.467495504001
2008,male,7,NA,NA,NA,NA,NA,NA,black,15071.381688459
2008,male,8,NA,NA,NA,NA,NA,NA,black,15482.282477775
2008,male,9,NA,NA,NA,NA,NA,NA,black,15817.729881791
2008,male,10,NA,NA,NA,NA,NA,NA,black,16081.667915652
2008,male,11,NA,NA,NA,NA,NA,NA,black,16807.850966016
2008,male,12,NA,NA,NA,NA,NA,NA,black,17932.135013632
2008,male,13,NA,NA,NA,NA,NA,NA,black,18661.139944971
2008,male,14,NA,NA,NA,NA,NA,NA,black,19247.159503811
2008,male,15,NA,NA,NA,NA,NA,NA,black,19695.989424317
2008,male,16,NA,NA,NA,NA,NA,NA,black,19956.047641179
2008,male,17,NA,NA,NA,NA,NA,NA,black,20070.378808897
2008,male,18,NA,NA,NA,NA,NA,NA,black,19346.212796645
2008,male,19,NA,NA,NA,NA,NA,NA,black,18788.087997416
2008,male,20,NA,NA,NA,NA,NA,NA,black,18307.462809894
2008,male,21,NA,NA,NA,NA,NA,NA,black,17885.204830035
2008,male,22,NA,NA,NA,NA,NA,NA,black,17768.896745502
2008,male,23,NA,NA,NA,NA,NA,NA,black,16718.168697541
2008,male,24,NA,NA,NA,NA,NA,NA,black,16146.154492603
2008,male,25,NA,NA,NA,NA,NA,NA,black,16183.239239326
2008,male,26,NA,NA,NA,NA,NA,NA,black,15957.320762954
2008,male,27,NA,NA,NA,NA,NA,NA,black,16570.295149342
2008,male,28,NA,NA,NA,NA,NA,NA,black,15590.428127125
2008,male,29,NA,NA,NA,NA,NA,NA,black,14972.62891604
2008,male,30,NA,NA,NA,NA,NA,NA,black,14568.187309501
2008,male,31,NA,NA,NA,NA,NA,NA,black,14137.749518358
2008,male,32,NA,NA,NA,NA,NA,NA,black,14470.561970734
2008,male,33,NA,NA,NA,NA,NA,NA,black,13913.001635733
2008,male,34,NA,NA,NA,NA,NA,NA,black,14133.625075816
2008,male,35,NA,NA,NA,NA,NA,NA,black,14640.515951864
2008,male,36,NA,NA,NA,NA,NA,NA,black,15974.24856482
2008,male,37,NA,NA,NA,NA,NA,NA,black,17362.57003212
2008,male,38,NA,NA,NA,NA,NA,NA,black,16653.587702524
2008,male,39,NA,NA,NA,NA,NA,NA,black,16077.764652474
2008,male,40,NA,NA,NA,NA,NA,NA,black,16116.66650257
2008,male,41,NA,NA,NA,NA,NA,NA,black,16809.361178888
2008,male,42,NA,NA,NA,NA,NA,NA,black,18039.273678815
2008,male,43,NA,NA,NA,NA,NA,NA,black,18279.094819347
2008,male,44,NA,NA,NA,NA,NA,NA,black,18078.005039818
2008,male,45,NA,NA,NA,NA,NA,NA,black,18133.484569403
2008,male,46,NA,NA,NA,NA,NA,NA,black,18549.931925915
2008,male,47,NA,NA,NA,NA,NA,NA,black,19009.300480088
2008,male,48,NA,NA,NA,NA,NA,NA,black,18244.831566043
2008,male,49,NA,NA,NA,NA,NA,NA,black,17549.763423039
2008,male,50,NA,NA,NA,NA,NA,NA,black,16864.05521536
2008,male,51,NA,NA,NA,NA,NA,NA,black,16342.580074638
2008,male,52,NA,NA,NA,NA,NA,NA,black,16012.483498219999
2008,male,53,NA,NA,NA,NA,NA,NA,black,15034.318914255
2008,male,54,NA,NA,NA,NA,NA,NA,black,13789.936315004
2008,male,55,NA,NA,NA,NA,NA,NA,black,12809.143202022
2008,male,56,NA,NA,NA,NA,NA,NA,black,12455.405470652
2008,male,57,NA,NA,NA,NA,NA,NA,black,12495.106073388
2008,male,58,NA,NA,NA,NA,NA,NA,black,11772.30713255
2008,male,59,NA,NA,NA,NA,NA,NA,black,10848.480568788
2008,male,60,NA,NA,NA,NA,NA,NA,black,10036.291291163
2008,male,61,NA,NA,NA,NA,NA,NA,black,8595.624725995
2008,male,62,NA,NA,NA,NA,NA,NA,black,8011.595864504
2008,male,63,NA,NA,NA,NA,NA,NA,black,7723.236858693
2008,male,64,NA,NA,NA,NA,NA,NA,black,7377.356395873
2008,male,65,NA,NA,NA,NA,NA,NA,black,6822.354514977
2008,male,66,NA,NA,NA,NA,NA,NA,black,6364.236966588
2008,male,67,NA,NA,NA,NA,NA,NA,black,6243.972900096
2008,male,68,NA,NA,NA,NA,NA,NA,black,6012.819458374
2008,male,69,NA,NA,NA,NA,NA,NA,black,5689.813847701
2008,male,70,NA,NA,NA,NA,NA,NA,black,5493.189682082
2008,male,71,NA,NA,NA,NA,NA,NA,black,5114.268536404
2008,male,72,NA,NA,NA,NA,NA,NA,black,4908.89815099
2008,male,73,NA,NA,NA,NA,NA,NA,black,4449.814786554
2008,male,74,NA,NA,NA,NA,NA,NA,black,4029.922684624
2008,male,75,NA,NA,NA,NA,NA,NA,black,3649.08808181
2008,male,76,NA,NA,NA,NA,NA,NA,black,3295.992019035
2008,male,77,NA,NA,NA,NA,NA,NA,black,3089.843758218
2008,male,78,NA,NA,NA,NA,NA,NA,black,2725.944253493
2008,male,79,NA,NA,NA,NA,NA,NA,black,2437.82760434
2008,male,80,NA,NA,NA,NA,NA,NA,black,2290.434749459
2008,male,81,NA,NA,NA,NA,NA,NA,black,2100.994150677
2008,male,82,NA,NA,NA,NA,NA,NA,black,1899.771845297
2008,male,83,NA,NA,NA,NA,NA,NA,black,1771.149369064
2008,male,84,NA,NA,NA,NA,NA,NA,black,1547.299819133
2008,male,85,NA,NA,NA,NA,NA,NA,black,1330.961349531
2008,male,86,NA,NA,NA,NA,NA,NA,black,1161.52709581
2008,male,87,NA,NA,NA,NA,NA,NA,black,969.899139028
2008,male,88,NA,NA,NA,NA,NA,NA,black,814.894621504
2008,male,89,NA,NA,NA,NA,NA,NA,black,645.776254277
2008,male,90,NA,NA,NA,NA,NA,NA,black,533.885499497
2008,male,91,NA,NA,NA,NA,NA,NA,black,407.96684539
2008,male,92,NA,NA,NA,NA,NA,NA,black,277.021523224
2008,male,93,NA,NA,NA,NA,NA,NA,black,261.583505463
2008,male,94,NA,NA,NA,NA,NA,NA,black,200.621975525
2008,male,95,NA,NA,NA,NA,NA,NA,black,139.826175607
2008,male,96,NA,NA,NA,NA,NA,NA,black,117.471459277
2008,male,97,NA,NA,NA,NA,NA,NA,black,91.666493283
2008,male,98,NA,NA,NA,NA,NA,NA,black,61.555476731
2008,male,99,NA,NA,NA,NA,NA,NA,black,35.544091486
2008,male,100,NA,NA,NA,NA,NA,NA,black,21.506643357
2008,female,0,NA,NA,NA,NA,NA,NA,hispanic,138132.686978472
2008,female,1,NA,NA,NA,NA,NA,NA,hispanic,135261.396177322
2008,female,2,NA,NA,NA,NA,NA,NA,hispanic,132190.443800902
2008,female,3,NA,NA,NA,NA,NA,NA,hispanic,129853.42187220701
2008,female,4,NA,NA,NA,NA,NA,NA,hispanic,128233.325978757
2008,female,5,NA,NA,NA,NA,NA,NA,hispanic,127112.61959135
2008,female,6,NA,NA,NA,NA,NA,NA,hispanic,127974.099478204
2008,female,7,NA,NA,NA,NA,NA,NA,hispanic,127831.974957139
2008,female,8,NA,NA,NA,NA,NA,NA,hispanic,125507.962923884
2008,female,9,NA,NA,NA,NA,NA,NA,hispanic,125582.940898429
2008,female,10,NA,NA,NA,NA,NA,NA,hispanic,126618.639569053
2008,female,11,NA,NA,NA,NA,NA,NA,hispanic,127995.030818711
2008,female,12,NA,NA,NA,NA,NA,NA,hispanic,129595.968982476
2008,female,13,NA,NA,NA,NA,NA,NA,hispanic,130256.991958643
2008,female,14,NA,NA,NA,NA,NA,NA,hispanic,130316.735384644
2008,female,15,NA,NA,NA,NA,NA,NA,hispanic,130077.396718893
2008,female,16,NA,NA,NA,NA,NA,NA,hispanic,127710.714160297
2008,female,17,NA,NA,NA,NA,NA,NA,hispanic,123318.228943738
2008,female,18,NA,NA,NA,NA,NA,NA,hispanic,117259.004714605
2008,female,19,NA,NA,NA,NA,NA,NA,hispanic,113848.547304262
2008,female,20,NA,NA,NA,NA,NA,NA,hispanic,111706.976607137
2008,female,21,NA,NA,NA,NA,NA,NA,hispanic,110944.693945095
2008,female,22,NA,NA,NA,NA,NA,NA,hispanic,110941.183763593
2008,female,23,NA,NA,NA,NA,NA,NA,hispanic,108251.161843801
2008,female,24,NA,NA,NA,NA,NA,NA,hispanic,109422.94148236
2008,female,25,NA,NA,NA,NA,NA,NA,hispanic,110366.495801718
2008,female,26,NA,NA,NA,NA,NA,NA,hispanic,110634.05463813
2008,female,27,NA,NA,NA,NA,NA,NA,hispanic,110918.799751246
2008,female,28,NA,NA,NA,NA,NA,NA,hispanic,105807.958325332
2008,female,29,NA,NA,NA,NA,NA,NA,hispanic,105619.830090484
2008,female,30,NA,NA,NA,NA,NA,NA,hispanic,105778.007902367
2008,female,31,NA,NA,NA,NA,NA,NA,hispanic,105844.20630889
2008,female,32,NA,NA,NA,NA,NA,NA,hispanic,107591.455304537
2008,female,33,NA,NA,NA,NA,NA,NA,hispanic,105334.823681801
2008,female,34,NA,NA,NA,NA,NA,NA,hispanic,104836.403540252
2008,female,35,NA,NA,NA,NA,NA,NA,hispanic,103857.234119777
2008,female,36,NA,NA,NA,NA,NA,NA,hispanic,104390.729034805
2008,female,37,NA,NA,NA,NA,NA,NA,hispanic,105295.952317506
2008,female,38,NA,NA,NA,NA,NA,NA,hispanic,100451.988789058
2008,female,39,NA,NA,NA,NA,NA,NA,hispanic,96561.583409781
2008,female,40,NA,NA,NA,NA,NA,NA,hispanic,93968.316531866
2008,female,41,NA,NA,NA,NA,NA,NA,hispanic,91579.766777512
2008,female,42,NA,NA,NA,NA,NA,NA,hispanic,91796.01686905
2008,female,43,NA,NA,NA,NA,NA,NA,hispanic,89842.449713211
2008,female,44,NA,NA,NA,NA,NA,NA,hispanic,86594.277261397
2008,female,45,NA,NA,NA,NA,NA,NA,hispanic,83025.20435476
2008,female,46,NA,NA,NA,NA,NA,NA,hispanic,81264.953698727
2008,female,47,NA,NA,NA,NA,NA,NA,hispanic,80127.574425271
2008,female,48,NA,NA,NA,NA,NA,NA,hispanic,75173.071076652
2008,female,49,NA,NA,NA,NA,NA,NA,hispanic,72235.510152488
2008,female,50,NA,NA,NA,NA,NA,NA,hispanic,68947.382039149
2008,female,51,NA,NA,NA,NA,NA,NA,hispanic,66786.906376803
2008,female,52,NA,NA,NA,NA,NA,NA,hispanic,64370.30128449
2008,female,53,NA,NA,NA,NA,NA,NA,hispanic,59944.223625317
2008,female,54,NA,NA,NA,NA,NA,NA,hispanic,55647.932188114
2008,female,55,NA,NA,NA,NA,NA,NA,hispanic,51771.457683594
2008,female,56,NA,NA,NA,NA,NA,NA,hispanic,49243.441108
2008,female,57,NA,NA,NA,NA,NA,NA,hispanic,47254.948642637
2008,female,58,NA,NA,NA,NA,NA,NA,hispanic,44324.927023787
2008,female,59,NA,NA,NA,NA,NA,NA,hispanic,41695.008660274
2008,female,60,NA,NA,NA,NA,NA,NA,hispanic,38873.053098772
2008,female,61,NA,NA,NA,NA,NA,NA,hispanic,35332.121955701
2008,female,62,NA,NA,NA,NA,NA,NA,hispanic,33573.53106268
2008,female,63,NA,NA,NA,NA,NA,NA,hispanic,31316.614441732
2008,female,64,NA,NA,NA,NA,NA,NA,hispanic,29727.019429635
2008,female,65,NA,NA,NA,NA,NA,NA,hispanic,27322.745996286
2008,female,66,NA,NA,NA,NA,NA,NA,hispanic,25657.002406203
2008,female,67,NA,NA,NA,NA,NA,NA,hispanic,24617.231242622
2008,female,68,NA,NA,NA,NA,NA,NA,hispanic,23284.863479023
2008,female,69,NA,NA,NA,NA,NA,NA,hispanic,21903.500307551
2008,female,70,NA,NA,NA,NA,NA,NA,hispanic,20895.322909603
2008,female,71,NA,NA,NA,NA,NA,NA,hispanic,20192.959857705
2008,female,72,NA,NA,NA,NA,NA,NA,hispanic,19439.872816304
2008,female,73,NA,NA,NA,NA,NA,NA,hispanic,18083.429502894
2008,female,74,NA,NA,NA,NA,NA,NA,hispanic,16892.799002867
2008,female,75,NA,NA,NA,NA,NA,NA,hispanic,16197.733953765
2008,female,76,NA,NA,NA,NA,NA,NA,hispanic,16076.421226743
2008,female,77,NA,NA,NA,NA,NA,NA,hispanic,15744.999096615
2008,female,78,NA,NA,NA,NA,NA,NA,hispanic,14471.056021869
2008,female,79,NA,NA,NA,NA,NA,NA,hispanic,13208.4183504
2008,female,80,NA,NA,NA,NA,NA,NA,hispanic,12351.416740735
2008,female,81,NA,NA,NA,NA,NA,NA,hispanic,11340.794328277
2008,female,82,NA,NA,NA,NA,NA,NA,hispanic,10465.483830785
2008,female,83,NA,NA,NA,NA,NA,NA,hispanic,9183.169601093
2008,female,84,NA,NA,NA,NA,NA,NA,hispanic,8040.572605399
2008,female,85,NA,NA,NA,NA,NA,NA,hispanic,7057.908690978
2008,female,86,NA,NA,NA,NA,NA,NA,hispanic,6190.93174409
2008,female,87,NA,NA,NA,NA,NA,NA,hispanic,5279.046833053
2008,female,88,NA,NA,NA,NA,NA,NA,hispanic,4300.710621954
2008,female,89,NA,NA,NA,NA,NA,NA,hispanic,3437.546175082
2008,female,90,NA,NA,NA,NA,NA,NA,hispanic,2835.121202301
2008,female,91,NA,NA,NA,NA,NA,NA,hispanic,2336.08573377
2008,female,92,NA,NA,NA,NA,NA,NA,hispanic,1885.010941728
2008,female,93,NA,NA,NA,NA,NA,NA,hispanic,1620.392837585
2008,female,94,NA,NA,NA,NA,NA,NA,hispanic,1371.850436964
2008,female,95,NA,NA,NA,NA,NA,NA,hispanic,1040.519312929
2008,female,96,NA,NA,NA,NA,NA,NA,hispanic,767.175704597
2008,female,97,NA,NA,NA,NA,NA,NA,hispanic,585.520762526
2008,female,98,NA,NA,NA,NA,NA,NA,hispanic,420.289169752
2008,female,99,NA,NA,NA,NA,NA,NA,hispanic,143.759922926
2008,female,100,NA,NA,NA,NA,NA,NA,hispanic,182.754598859
2008,male,0,NA,NA,NA,NA,NA,NA,hispanic,144429.258493008
2008,male,1,NA,NA,NA,NA,NA,NA,hispanic,140705.637535156
2008,male,2,NA,NA,NA,NA,NA,NA,hispanic,137790.459265438
2008,male,3,NA,NA,NA,NA,NA,NA,hispanic,134954.92702423
2008,male,4,NA,NA,NA,NA,NA,NA,hispanic,132676.934609844
2008,male,5,NA,NA,NA,NA,NA,NA,hispanic,131614.971599952
2008,male,6,NA,NA,NA,NA,NA,NA,hispanic,132711.154359757
2008,male,7,NA,NA,NA,NA,NA,NA,hispanic,133820.620005035
2008,male,8,NA,NA,NA,NA,NA,NA,hispanic,130677.486965539
2008,male,9,NA,NA,NA,NA,NA,NA,hispanic,129649.529995367
2008,male,10,NA,NA,NA,NA,NA,NA,hispanic,130787.817430272
2008,male,11,NA,NA,NA,NA,NA,NA,hispanic,132527.835756267
2008,male,12,NA,NA,NA,NA,NA,NA,hispanic,133721.136603914
2008,male,13,NA,NA,NA,NA,NA,NA,hispanic,135350.558517677
2008,male,14,NA,NA,NA,NA,NA,NA,hispanic,136543.365011086
2008,male,15,NA,NA,NA,NA,NA,NA,hispanic,137205.942943328
2008,male,16,NA,NA,NA,NA,NA,NA,hispanic,135892.450391551
2008,male,17,NA,NA,NA,NA,NA,NA,hispanic,133541.188302812
2008,male,18,NA,NA,NA,NA,NA,NA,hispanic,129047.753072482
2008,male,19,NA,NA,NA,NA,NA,NA,hispanic,126746.327758105
2008,male,20,NA,NA,NA,NA,NA,NA,hispanic,125060.482115948
2008,male,21,NA,NA,NA,NA,NA,NA,hispanic,125211.52258397
2008,male,22,NA,NA,NA,NA,NA,NA,hispanic,124003.856568482
2008,male,23,NA,NA,NA,NA,NA,NA,hispanic,119976.526248078
2008,male,24,NA,NA,NA,NA,NA,NA,hispanic,120911.724770067
2008,male,25,NA,NA,NA,NA,NA,NA,hispanic,120847.656096699
2008,male,26,NA,NA,NA,NA,NA,NA,hispanic,121320.126086669
2008,male,27,NA,NA,NA,NA,NA,NA,hispanic,123104.390225487
2008,male,28,NA,NA,NA,NA,NA,NA,hispanic,115359.309810185
2008,male,29,NA,NA,NA,NA,NA,NA,hispanic,113743.37181492
2008,male,30,NA,NA,NA,NA,NA,NA,hispanic,112872.747690275
2008,male,31,NA,NA,NA,NA,NA,NA,hispanic,112252.110930076
2008,male,32,NA,NA,NA,NA,NA,NA,hispanic,113642.688863233
2008,male,33,NA,NA,NA,NA,NA,NA,hispanic,109770.752231814
2008,male,34,NA,NA,NA,NA,NA,NA,hispanic,108513.944471081
2008,male,35,NA,NA,NA,NA,NA,NA,hispanic,108089.057484789
2008,male,36,NA,NA,NA,NA,NA,NA,hispanic,108562.17485434
2008,male,37,NA,NA,NA,NA,NA,NA,hispanic,111934.860085224
2008,male,38,NA,NA,NA,NA,NA,NA,hispanic,106992.762878714
2008,male,39,NA,NA,NA,NA,NA,NA,hispanic,103398.030764176
2008,male,40,NA,NA,NA,NA,NA,NA,hispanic,99553.457072146
2008,male,41,NA,NA,NA,NA,NA,NA,hispanic,97584.185314342
2008,male,42,NA,NA,NA,NA,NA,NA,hispanic,97663.534357234
2008,male,43,NA,NA,NA,NA,NA,NA,hispanic,93490.633127419
2008,male,44,NA,NA,NA,NA,NA,NA,hispanic,88830.81612567
2008,male,45,NA,NA,NA,NA,NA,NA,hispanic,84727.404328364
2008,male,46,NA,NA,NA,NA,NA,NA,hispanic,82184.410620579
2008,male,47,NA,NA,NA,NA,NA,NA,hispanic,81391.889701996
2008,male,48,NA,NA,NA,NA,NA,NA,hispanic,75393.823040733
2008,male,49,NA,NA,NA,NA,NA,NA,hispanic,71274.111575831
2008,male,50,NA,NA,NA,NA,NA,NA,hispanic,67455.016684975
2008,male,51,NA,NA,NA,NA,NA,NA,hispanic,64497.926910377
2008,male,52,NA,NA,NA,NA,NA,NA,hispanic,62072.212410375
2008,male,53,NA,NA,NA,NA,NA,NA,hispanic,57020.25367123
2008,male,54,NA,NA,NA,NA,NA,NA,hispanic,52240.262598119
2008,male,55,NA,NA,NA,NA,NA,NA,hispanic,48512.791251591
2008,male,56,NA,NA,NA,NA,NA,NA,hispanic,45670.532043386
2008,male,57,NA,NA,NA,NA,NA,NA,hispanic,43592.499056174
2008,male,58,NA,NA,NA,NA,NA,NA,hispanic,40085.805895087
2008,male,59,NA,NA,NA,NA,NA,NA,hispanic,37627.40688814
2008,male,60,NA,NA,NA,NA,NA,NA,hispanic,35029.688143925
2008,male,61,NA,NA,NA,NA,NA,NA,hispanic,31270.648386414
2008,male,62,NA,NA,NA,NA,NA,NA,hispanic,28743.787757138
2008,male,63,NA,NA,NA,NA,NA,NA,hispanic,26441.423709093
2008,male,64,NA,NA,NA,NA,NA,NA,hispanic,24414.635556944
2008,male,65,NA,NA,NA,NA,NA,NA,hispanic,22402.994590713
2008,male,66,NA,NA,NA,NA,NA,NA,hispanic,20797.065405918
2008,male,67,NA,NA,NA,NA,NA,NA,hispanic,19897.068083144
2008,male,68,NA,NA,NA,NA,NA,NA,hispanic,18626.003145388
2008,male,69,NA,NA,NA,NA,NA,NA,hispanic,17310.980034716
2008,male,70,NA,NA,NA,NA,NA,NA,hispanic,16264.372149732
2008,male,71,NA,NA,NA,NA,NA,NA,hispanic,15559.942898888
2008,male,72,NA,NA,NA,NA,NA,NA,hispanic,14755.02932936
2008,male,73,NA,NA,NA,NA,NA,NA,hispanic,13503.716919263
2008,male,74,NA,NA,NA,NA,NA,NA,hispanic,12586.889221244
2008,male,75,NA,NA,NA,NA,NA,NA,hispanic,12001.35524233
2008,male,76,NA,NA,NA,NA,NA,NA,hispanic,11703.989102389
2008,male,77,NA,NA,NA,NA,NA,NA,hispanic,11381.45092517
2008,male,78,NA,NA,NA,NA,NA,NA,hispanic,10227.317929061
2008,male,79,NA,NA,NA,NA,NA,NA,hispanic,9103.985127875
2008,male,80,NA,NA,NA,NA,NA,NA,hispanic,8224.329015269
2008,male,81,NA,NA,NA,NA,NA,NA,hispanic,7489.075954638
2008,male,82,NA,NA,NA,NA,NA,NA,hispanic,6731.504801918
2008,male,83,NA,NA,NA,NA,NA,NA,hispanic,6142.761479839
2008,male,84,NA,NA,NA,NA,NA,NA,hispanic,5585.179131701
2008,male,85,NA,NA,NA,NA,NA,NA,hispanic,4617.178436053
2008,male,86,NA,NA,NA,NA,NA,NA,hispanic,3811.699272339
2008,male,87,NA,NA,NA,NA,NA,NA,hispanic,3028.96813263
2008,male,88,NA,NA,NA,NA,NA,NA,hispanic,2353.681335609
2008,male,89,NA,NA,NA,NA,NA,NA,hispanic,1855.779277734
2008,male,90,NA,NA,NA,NA,NA,NA,hispanic,1410.898766593
2008,male,91,NA,NA,NA,NA,NA,NA,hispanic,1153.337095789
2008,male,92,NA,NA,NA,NA,NA,NA,hispanic,908.460629268
2008,male,93,NA,NA,NA,NA,NA,NA,hispanic,688.211662626
2008,male,94,NA,NA,NA,NA,NA,NA,hispanic,565.761875795
2008,male,95,NA,NA,NA,NA,NA,NA,hispanic,439.732230505
2008,male,96,NA,NA,NA,NA,NA,NA,hispanic,313.106834735
2008,male,97,NA,NA,NA,NA,NA,NA,hispanic,222.990896209
2008,male,98,NA,NA,NA,NA,NA,NA,hispanic,145.896425824
2008,male,99,NA,NA,NA,NA,NA,NA,hispanic,59.891187959
2008,male,100,NA,NA,NA,NA,NA,NA,hispanic,77.793932819
2008,female,0,NA,NA,NA,NA,NA,NA,white,67192.538506604
2008,female,1,NA,NA,NA,NA,NA,NA,white,67429.60877324
2008,female,2,NA,NA,NA,NA,NA,NA,white,68079.34534065
2008,female,3,NA,NA,NA,NA,NA,NA,white,68752.304331959
2008,female,4,NA,NA,NA,NA,NA,NA,white,69291.461933617
2008,female,5,NA,NA,NA,NA,NA,NA,white,69059.703857934
2008,female,6,NA,NA,NA,NA,NA,NA,white,70249.358956928
2008,female,7,NA,NA,NA,NA,NA,NA,white,71958.355129993
2008,female,8,NA,NA,NA,NA,NA,NA,white,73466.495900659
2008,female,9,NA,NA,NA,NA,NA,NA,white,74521.627667159
2008,female,10,NA,NA,NA,NA,NA,NA,white,75954.496036914
2008,female,11,NA,NA,NA,NA,NA,NA,white,77680.671315658
2008,female,12,NA,NA,NA,NA,NA,NA,white,80342.859797771
2008,female,13,NA,NA,NA,NA,NA,NA,white,82030.925645749
2008,female,14,NA,NA,NA,NA,NA,NA,white,82792.452654574
2008,female,15,NA,NA,NA,NA,NA,NA,white,84727.958626059
2008,female,16,NA,NA,NA,NA,NA,NA,white,86449.770301606
2008,female,17,NA,NA,NA,NA,NA,NA,white,87918.99933406
2008,female,18,NA,NA,NA,NA,NA,NA,white,89082.649424196
2008,female,19,NA,NA,NA,NA,NA,NA,white,89503.188348056
2008,female,20,NA,NA,NA,NA,NA,NA,white,90361.244378536
2008,female,21,NA,NA,NA,NA,NA,NA,white,93399.059488319
2008,female,22,NA,NA,NA,NA,NA,NA,white,96647.700766665
2008,female,23,NA,NA,NA,NA,NA,NA,white,93979.200547177
2008,female,24,NA,NA,NA,NA,NA,NA,white,93879.041234687
2008,female,25,NA,NA,NA,NA,NA,NA,white,94030.010916787
2008,female,26,NA,NA,NA,NA,NA,NA,white,93530.406985025
2008,female,27,NA,NA,NA,NA,NA,NA,white,93885.96658714
2008,female,28,NA,NA,NA,NA,NA,NA,white,88116.985924609
2008,female,29,NA,NA,NA,NA,NA,NA,white,86549.507054486
2008,female,30,NA,NA,NA,NA,NA,NA,white,85264.963283771
2008,female,31,NA,NA,NA,NA,NA,NA,white,83676.746428345
2008,female,32,NA,NA,NA,NA,NA,NA,white,85280.927435062
2008,female,33,NA,NA,NA,NA,NA,NA,white,82513.01443095
2008,female,34,NA,NA,NA,NA,NA,NA,white,83432.848481453
2008,female,35,NA,NA,NA,NA,NA,NA,white,88989.262012986
2008,female,36,NA,NA,NA,NA,NA,NA,white,98561.077570568
2008,female,37,NA,NA,NA,NA,NA,NA,white,106715.469302845
2008,female,38,NA,NA,NA,NA,NA,NA,white,105005.917100371
2008,female,39,NA,NA,NA,NA,NA,NA,white,101630.475469308
2008,female,40,NA,NA,NA,NA,NA,NA,white,102056.511089847
2008,female,41,NA,NA,NA,NA,NA,NA,white,104393.247441639
2008,female,42,NA,NA,NA,NA,NA,NA,white,113435.179139364
2008,female,43,NA,NA,NA,NA,NA,NA,white,119941.493453598
2008,female,44,NA,NA,NA,NA,NA,NA,white,123425.744862434
2008,female,45,NA,NA,NA,NA,NA,NA,white,126709.506504142
2008,female,46,NA,NA,NA,NA,NA,NA,white,130238.942760784
2008,female,47,NA,NA,NA,NA,NA,NA,white,133424.900316695
2008,female,48,NA,NA,NA,NA,NA,NA,white,131179.229419232
2008,female,49,NA,NA,NA,NA,NA,NA,white,131642.318174584
2008,female,50,NA,NA,NA,NA,NA,NA,white,132012.506270319
2008,female,51,NA,NA,NA,NA,NA,NA,white,130708.922835357
2008,female,52,NA,NA,NA,NA,NA,NA,white,130828.948319566
2008,female,53,NA,NA,NA,NA,NA,NA,white,128646.489592658
2008,female,54,NA,NA,NA,NA,NA,NA,white,125970.321619058
2008,female,55,NA,NA,NA,NA,NA,NA,white,122529.087254506
2008,female,56,NA,NA,NA,NA,NA,NA,white,118741.808482233
2008,female,57,NA,NA,NA,NA,NA,NA,white,118104.344734402
2008,female,58,NA,NA,NA,NA,NA,NA,white,116214.341354876
2008,female,59,NA,NA,NA,NA,NA,NA,white,117862.087712075
2008,female,60,NA,NA,NA,NA,NA,NA,white,119554.90339351
2008,female,61,NA,NA,NA,NA,NA,NA,white,102157.034482058
2008,female,62,NA,NA,NA,NA,NA,NA,white,93224.478186905
2008,female,63,NA,NA,NA,NA,NA,NA,white,90562.84202762
2008,female,64,NA,NA,NA,NA,NA,NA,white,90411.369877531
2008,female,65,NA,NA,NA,NA,NA,NA,white,83163.382548632
2008,female,66,NA,NA,NA,NA,NA,NA,white,75366.806230299
2008,female,67,NA,NA,NA,NA,NA,NA,white,71325.153873471
2008,female,68,NA,NA,NA,NA,NA,NA,white,68837.68816378
2008,female,69,NA,NA,NA,NA,NA,NA,white,66501.123584658
2008,female,70,NA,NA,NA,NA,NA,NA,white,63474.77794828
2008,female,71,NA,NA,NA,NA,NA,NA,white,61062.552125365
2008,female,72,NA,NA,NA,NA,NA,NA,white,59964.23186488
2008,female,73,NA,NA,NA,NA,NA,NA,white,57320.818075409
2008,female,74,NA,NA,NA,NA,NA,NA,white,56064.588524843
2008,female,75,NA,NA,NA,NA,NA,NA,white,55519.233717284
2008,female,76,NA,NA,NA,NA,NA,NA,white,55880.539935341
2008,female,77,NA,NA,NA,NA,NA,NA,white,55787.647934859
2008,female,78,NA,NA,NA,NA,NA,NA,white,54149.606632979
2008,female,79,NA,NA,NA,NA,NA,NA,white,53356.020860723
2008,female,80,NA,NA,NA,NA,NA,NA,white,52858.862003405004
2008,female,81,NA,NA,NA,NA,NA,NA,white,52280.897134697
2008,female,82,NA,NA,NA,NA,NA,NA,white,51385.213867617
2008,female,83,NA,NA,NA,NA,NA,NA,white,49345.526165935
2008,female,84,NA,NA,NA,NA,NA,NA,white,45723.476664871
2008,female,85,NA,NA,NA,NA,NA,NA,white,42611.636335101
2008,female,86,NA,NA,NA,NA,NA,NA,white,39117.414426087
2008,female,87,NA,NA,NA,NA,NA,NA,white,33661.034617649
2008,female,88,NA,NA,NA,NA,NA,NA,white,28334.50695112
2008,female,89,NA,NA,NA,NA,NA,NA,white,24367.548927149
2008,female,90,NA,NA,NA,NA,NA,NA,white,20432.494425038
2008,female,91,NA,NA,NA,NA,NA,NA,white,17143.124590765
2008,female,92,NA,NA,NA,NA,NA,NA,white,14411.374708712
2008,female,93,NA,NA,NA,NA,NA,NA,white,12047.357626834
2008,female,94,NA,NA,NA,NA,NA,NA,white,9516.133589412
2008,female,95,NA,NA,NA,NA,NA,NA,white,7335.483189062
2008,female,96,NA,NA,NA,NA,NA,NA,white,5517.393362596
2008,female,97,NA,NA,NA,NA,NA,NA,white,3943.151371838
2008,female,98,NA,NA,NA,NA,NA,NA,white,2805.718914115
2008,female,99,NA,NA,NA,NA,NA,NA,white,2002.317817943
2008,female,100,NA,NA,NA,NA,NA,NA,white,3071.762284244
2008,male,0,NA,NA,NA,NA,NA,NA,white,70953.933206822
2008,male,1,NA,NA,NA,NA,NA,NA,white,71447.436232627
2008,male,2,NA,NA,NA,NA,NA,NA,white,71848.010265429
2008,male,3,NA,NA,NA,NA,NA,NA,white,72624.275524847
2008,male,4,NA,NA,NA,NA,NA,NA,white,72732.236576299
2008,male,5,NA,NA,NA,NA,NA,NA,white,73017.078840931
2008,male,6,NA,NA,NA,NA,NA,NA,white,74391.455769972
2008,male,7,NA,NA,NA,NA,NA,NA,white,76154.552179802
2008,male,8,NA,NA,NA,NA,NA,NA,white,76575.574747246
2008,male,9,NA,NA,NA,NA,NA,NA,white,77797.586939633
2008,male,10,NA,NA,NA,NA,NA,NA,white,79527.932939125
2008,male,11,NA,NA,NA,NA,NA,NA,white,82092.72491424
2008,male,12,NA,NA,NA,NA,NA,NA,white,84377.360350369
2008,male,13,NA,NA,NA,NA,NA,NA,white,86672.091539536
2008,male,14,NA,NA,NA,NA,NA,NA,white,88421.037586776
2008,male,15,NA,NA,NA,NA,NA,NA,white,90998.298105263
2008,male,16,NA,NA,NA,NA,NA,NA,white,92980.927966044
2008,male,17,NA,NA,NA,NA,NA,NA,white,95784.662102294
2008,male,18,NA,NA,NA,NA,NA,NA,white,95528.953028878
2008,male,19,NA,NA,NA,NA,NA,NA,white,96135.980933633
2008,male,20,NA,NA,NA,NA,NA,NA,white,100135.355484634
2008,male,21,NA,NA,NA,NA,NA,NA,white,101815.526294455
2008,male,22,NA,NA,NA,NA,NA,NA,white,103374.249034325
2008,male,23,NA,NA,NA,NA,NA,NA,white,100994.257320025
2008,male,24,NA,NA,NA,NA,NA,NA,white,99384.486342832
2008,male,25,NA,NA,NA,NA,NA,NA,white,100241.128993516
2008,male,26,NA,NA,NA,NA,NA,NA,white,100389.540444464
2008,male,27,NA,NA,NA,NA,NA,NA,white,101265.17152243
2008,male,28,NA,NA,NA,NA,NA,NA,white,95230.890307437
2008,male,29,NA,NA,NA,NA,NA,NA,white,92903.251850877
2008,male,30,NA,NA,NA,NA,NA,NA,white,91259.391675795
2008,male,31,NA,NA,NA,NA,NA,NA,white,88652.897149874
2008,male,32,NA,NA,NA,NA,NA,NA,white,91108.999302468
2008,male,33,NA,NA,NA,NA,NA,NA,white,88533.779978094
2008,male,34,NA,NA,NA,NA,NA,NA,white,88913.64105698
2008,male,35,NA,NA,NA,NA,NA,NA,white,94521.030516242
2008,male,36,NA,NA,NA,NA,NA,NA,white,103838.918225922
2008,male,37,NA,NA,NA,NA,NA,NA,white,112544.235524282
2008,male,38,NA,NA,NA,NA,NA,NA,white,109537.307933092
2008,male,39,NA,NA,NA,NA,NA,NA,white,106299.012304546
2008,male,40,NA,NA,NA,NA,NA,NA,white,106737.834028779
2008,male,41,NA,NA,NA,NA,NA,NA,white,109027.941645502
2008,male,42,NA,NA,NA,NA,NA,NA,white,118245.946819844
2008,male,43,NA,NA,NA,NA,NA,NA,white,124391.064120035
2008,male,44,NA,NA,NA,NA,NA,NA,white,127402.099203612
2008,male,45,NA,NA,NA,NA,NA,NA,white,130414.875976043
2008,male,46,NA,NA,NA,NA,NA,NA,white,133975.044810515
2008,male,47,NA,NA,NA,NA,NA,NA,white,137699.418862317
2008,male,48,NA,NA,NA,NA,NA,NA,white,135573.141966892
2008,male,49,NA,NA,NA,NA,NA,NA,white,135123.810314138
2008,male,50,NA,NA,NA,NA,NA,NA,white,134636.462356231
2008,male,51,NA,NA,NA,NA,NA,NA,white,132293.961602863
2008,male,52,NA,NA,NA,NA,NA,NA,white,131887.113149027
2008,male,53,NA,NA,NA,NA,NA,NA,white,128791.246255476
2008,male,54,NA,NA,NA,NA,NA,NA,white,125184.07253378
2008,male,55,NA,NA,NA,NA,NA,NA,white,121194.113572048
2008,male,56,NA,NA,NA,NA,NA,NA,white,117043.163581452
2008,male,57,NA,NA,NA,NA,NA,NA,white,116357.404603001
2008,male,58,NA,NA,NA,NA,NA,NA,white,114154.375058253
2008,male,59,NA,NA,NA,NA,NA,NA,white,115174.143822588
2008,male,60,NA,NA,NA,NA,NA,NA,white,116774.522045848
2008,male,61,NA,NA,NA,NA,NA,NA,white,99470.542148977
2008,male,62,NA,NA,NA,NA,NA,NA,white,89726.339032234
2008,male,63,NA,NA,NA,NA,NA,NA,white,86382.636400353
2008,male,64,NA,NA,NA,NA,NA,NA,white,85444.7104076
2008,male,65,NA,NA,NA,NA,NA,NA,white,77738.637124451
2008,male,66,NA,NA,NA,NA,NA,NA,white,69796.694026264
2008,male,67,NA,NA,NA,NA,NA,NA,white,65548.098200226
2008,male,68,NA,NA,NA,NA,NA,NA,white,62877.048630396
2008,male,69,NA,NA,NA,NA,NA,NA,white,60052.886591592
2008,male,70,NA,NA,NA,NA,NA,NA,white,56386.805378502
2008,male,71,NA,NA,NA,NA,NA,NA,white,53457.561104414
2008,male,72,NA,NA,NA,NA,NA,NA,white,51839.471007156
2008,male,73,NA,NA,NA,NA,NA,NA,white,49178.595373496
2008,male,74,NA,NA,NA,NA,NA,NA,white,47456.932973006
2008,male,75,NA,NA,NA,NA,NA,NA,white,46786.335557067
2008,male,76,NA,NA,NA,NA,NA,NA,white,46271.686530356
2008,male,77,NA,NA,NA,NA,NA,NA,white,45134.593514647
2008,male,78,NA,NA,NA,NA,NA,NA,white,42422.862689504
2008,male,79,NA,NA,NA,NA,NA,NA,white,39836.705540763
2008,male,80,NA,NA,NA,NA,NA,NA,white,37516.210184385
2008,male,81,NA,NA,NA,NA,NA,NA,white,35301.772378541
2008,male,82,NA,NA,NA,NA,NA,NA,white,33648.94544058
2008,male,83,NA,NA,NA,NA,NA,NA,white,31520.321681898
2008,male,84,NA,NA,NA,NA,NA,NA,white,28786.994249123
2008,male,85,NA,NA,NA,NA,NA,NA,white,26279.049484988
2008,male,86,NA,NA,NA,NA,NA,NA,white,23795.635343977
2008,male,87,NA,NA,NA,NA,NA,NA,white,20051.259380001
2008,male,88,NA,NA,NA,NA,NA,NA,white,16073.899847104
2008,male,89,NA,NA,NA,NA,NA,NA,white,13062.297746758
2008,male,90,NA,NA,NA,NA,NA,NA,white,10360.54739238
2008,male,91,NA,NA,NA,NA,NA,NA,white,8253.531917872
2008,male,92,NA,NA,NA,NA,NA,NA,white,6356.144218372
2008,male,93,NA,NA,NA,NA,NA,NA,white,4955.435030855
2008,male,94,NA,NA,NA,NA,NA,NA,white,3649.812271052
2008,male,95,NA,NA,NA,NA,NA,NA,white,2586.596159348
2008,male,96,NA,NA,NA,NA,NA,NA,white,1754.955197439
2008,male,97,NA,NA,NA,NA,NA,NA,white,1101.607516237
2008,male,98,NA,NA,NA,NA,NA,NA,white,700.143252363
2008,male,99,NA,NA,NA,NA,NA,NA,white,476.649730482
2008,male,100,NA,NA,NA,NA,NA,NA,white,664.129785569
2009,female,0,NA,NA,NA,NA,NA,NA,black,13007.231455842
2009,female,1,NA,NA,NA,NA,NA,NA,black,13315.852162793
2009,female,2,NA,NA,NA,NA,NA,NA,black,13282.317127163
2009,female,3,NA,NA,NA,NA,NA,NA,black,13149.454123699
2009,female,4,NA,NA,NA,NA,NA,NA,black,12889.963941498
2009,female,5,NA,NA,NA,NA,NA,NA,black,12906.748756965
2009,female,6,NA,NA,NA,NA,NA,NA,black,13203.231669075
2009,female,7,NA,NA,NA,NA,NA,NA,black,13568.475714246
2009,female,8,NA,NA,NA,NA,NA,NA,black,14199.890800578
2009,female,9,NA,NA,NA,NA,NA,NA,black,14604.004089009
2009,female,10,NA,NA,NA,NA,NA,NA,black,14842.139616971
2009,female,11,NA,NA,NA,NA,NA,NA,black,15135.291415671
2009,female,12,NA,NA,NA,NA,NA,NA,black,15615.455507759
2009,female,13,NA,NA,NA,NA,NA,NA,black,16202.435875765
2009,female,14,NA,NA,NA,NA,NA,NA,black,17245.359353923
2009,female,15,NA,NA,NA,NA,NA,NA,black,18108.073719746
2009,female,16,NA,NA,NA,NA,NA,NA,black,18204.543245262
2009,female,17,NA,NA,NA,NA,NA,NA,black,18470.071286117
2009,female,18,NA,NA,NA,NA,NA,NA,black,18698.116078587
2009,female,19,NA,NA,NA,NA,NA,NA,black,18807.913809775
2009,female,20,NA,NA,NA,NA,NA,NA,black,18056.052988727
2009,female,21,NA,NA,NA,NA,NA,NA,black,17153.953169897
2009,female,22,NA,NA,NA,NA,NA,NA,black,16477.379483316
2009,female,23,NA,NA,NA,NA,NA,NA,black,16245.168955553
2009,female,24,NA,NA,NA,NA,NA,NA,black,16044.364241352
2009,female,25,NA,NA,NA,NA,NA,NA,black,15212.38626457
2009,female,26,NA,NA,NA,NA,NA,NA,black,15006.758793846
2009,female,27,NA,NA,NA,NA,NA,NA,black,15012.261655741
2009,female,28,NA,NA,NA,NA,NA,NA,black,14993.277846322
2009,female,29,NA,NA,NA,NA,NA,NA,black,15514.581818902
2009,female,30,NA,NA,NA,NA,NA,NA,black,14747.517326039
2009,female,31,NA,NA,NA,NA,NA,NA,black,14273.182424954
2009,female,32,NA,NA,NA,NA,NA,NA,black,13919.501596122
2009,female,33,NA,NA,NA,NA,NA,NA,black,13787.394795066
2009,female,34,NA,NA,NA,NA,NA,NA,black,14276.133464481
2009,female,35,NA,NA,NA,NA,NA,NA,black,13639.195472277
2009,female,36,NA,NA,NA,NA,NA,NA,black,13800.876586796
2009,female,37,NA,NA,NA,NA,NA,NA,black,14387.762064256
2009,female,38,NA,NA,NA,NA,NA,NA,black,15873.069644002
2009,female,39,NA,NA,NA,NA,NA,NA,black,17189.302040453
2009,female,40,NA,NA,NA,NA,NA,NA,black,15882.550545348
2009,female,41,NA,NA,NA,NA,NA,NA,black,15420.09884667
2009,female,42,NA,NA,NA,NA,NA,NA,black,15973.276465892
2009,female,43,NA,NA,NA,NA,NA,NA,black,16644.797623695
2009,female,44,NA,NA,NA,NA,NA,NA,black,18024.995522003
2009,female,45,NA,NA,NA,NA,NA,NA,black,17678.721531492
2009,female,46,NA,NA,NA,NA,NA,NA,black,17697.210146295
2009,female,47,NA,NA,NA,NA,NA,NA,black,17910.86584463
2009,female,48,NA,NA,NA,NA,NA,NA,black,18305.955362492
2009,female,49,NA,NA,NA,NA,NA,NA,black,18841.847196583
2009,female,50,NA,NA,NA,NA,NA,NA,black,17734.891254093
2009,female,51,NA,NA,NA,NA,NA,NA,black,17200.409214378
2009,female,52,NA,NA,NA,NA,NA,NA,black,16829.728797458
2009,female,53,NA,NA,NA,NA,NA,NA,black,16129.15947804
2009,female,54,NA,NA,NA,NA,NA,NA,black,15964.216023078
2009,female,55,NA,NA,NA,NA,NA,NA,black,14732.483881362
2009,female,56,NA,NA,NA,NA,NA,NA,black,14142.916383275
2009,female,57,NA,NA,NA,NA,NA,NA,black,13410.255280836
2009,female,58,NA,NA,NA,NA,NA,NA,black,13114.624464435
2009,female,59,NA,NA,NA,NA,NA,NA,black,13169.014934099
2009,female,60,NA,NA,NA,NA,NA,NA,black,12441.031282453
2009,female,61,NA,NA,NA,NA,NA,NA,black,11851.913127628
2009,female,62,NA,NA,NA,NA,NA,NA,black,10951.752146487
2009,female,63,NA,NA,NA,NA,NA,NA,black,9303.653772459
2009,female,64,NA,NA,NA,NA,NA,NA,black,8952.935832445
2009,female,65,NA,NA,NA,NA,NA,NA,black,8720.729180819
2009,female,66,NA,NA,NA,NA,NA,NA,black,8508.401441587
2009,female,67,NA,NA,NA,NA,NA,NA,black,7869.143177224
2009,female,68,NA,NA,NA,NA,NA,NA,black,7428.166920154
2009,female,69,NA,NA,NA,NA,NA,NA,black,7308.97090829
2009,female,70,NA,NA,NA,NA,NA,NA,black,6886.024852363
2009,female,71,NA,NA,NA,NA,NA,NA,black,6445.759420128
2009,female,72,NA,NA,NA,NA,NA,NA,black,6058.976575037
2009,female,73,NA,NA,NA,NA,NA,NA,black,5840.928603935
2009,female,74,NA,NA,NA,NA,NA,NA,black,5670.337898741
2009,female,75,NA,NA,NA,NA,NA,NA,black,5186.574285632
2009,female,76,NA,NA,NA,NA,NA,NA,black,4928.135522006
2009,female,77,NA,NA,NA,NA,NA,NA,black,4352.104123234
2009,female,78,NA,NA,NA,NA,NA,NA,black,4131.77206415
2009,female,79,NA,NA,NA,NA,NA,NA,black,4080.435560044
2009,female,80,NA,NA,NA,NA,NA,NA,black,3700.474679314
2009,female,81,NA,NA,NA,NA,NA,NA,black,3456.717183582
2009,female,82,NA,NA,NA,NA,NA,NA,black,3290.527868054
2009,female,83,NA,NA,NA,NA,NA,NA,black,3133.129898744
2009,female,84,NA,NA,NA,NA,NA,NA,black,2990.741013447
2009,female,85,NA,NA,NA,NA,NA,NA,black,2608.163531324
2009,female,86,NA,NA,NA,NA,NA,NA,black,2323.122193489
2009,female,87,NA,NA,NA,NA,NA,NA,black,2071.919039983
2009,female,88,NA,NA,NA,NA,NA,NA,black,1834.740154391
2009,female,89,NA,NA,NA,NA,NA,NA,black,1646.646322514
2009,female,90,NA,NA,NA,NA,NA,NA,black,1277.145050358
2009,female,91,NA,NA,NA,NA,NA,NA,black,1066.670783261
2009,female,92,NA,NA,NA,NA,NA,NA,black,930.614794182
2009,female,93,NA,NA,NA,NA,NA,NA,black,742.920413566
2009,female,94,NA,NA,NA,NA,NA,NA,black,620.572278964
2009,female,95,NA,NA,NA,NA,NA,NA,black,503.297382807
2009,female,96,NA,NA,NA,NA,NA,NA,black,422.204448898
2009,female,97,NA,NA,NA,NA,NA,NA,black,298.059323514
2009,female,98,NA,NA,NA,NA,NA,NA,black,226.087978333
2009,female,99,NA,NA,NA,NA,NA,NA,black,189.873906995
2009,female,100,NA,NA,NA,NA,NA,NA,black,296.260412824
2009,male,0,NA,NA,NA,NA,NA,NA,black,13230.410588491
2009,male,1,NA,NA,NA,NA,NA,NA,black,13611.451926821
2009,male,2,NA,NA,NA,NA,NA,NA,black,13773.217330045
2009,male,3,NA,NA,NA,NA,NA,NA,black,13522.009103501
2009,male,4,NA,NA,NA,NA,NA,NA,black,13454.083187644
2009,male,5,NA,NA,NA,NA,NA,NA,black,13428.134109145
2009,male,6,NA,NA,NA,NA,NA,NA,black,13751.178264269
2009,male,7,NA,NA,NA,NA,NA,NA,black,13987.538939411
2009,male,8,NA,NA,NA,NA,NA,NA,black,14373.779942864
2009,male,9,NA,NA,NA,NA,NA,NA,black,15017.102601863
2009,male,10,NA,NA,NA,NA,NA,NA,black,15417.860733388
2009,male,11,NA,NA,NA,NA,NA,NA,black,15635.830500727
2009,male,12,NA,NA,NA,NA,NA,NA,black,15953.384736502
2009,male,13,NA,NA,NA,NA,NA,NA,black,16712.879314658
2009,male,14,NA,NA,NA,NA,NA,NA,black,17878.123968549
2009,male,15,NA,NA,NA,NA,NA,NA,black,18655.441559556
2009,male,16,NA,NA,NA,NA,NA,NA,black,19226.05443732
2009,male,17,NA,NA,NA,NA,NA,NA,black,19467.817201996
2009,male,18,NA,NA,NA,NA,NA,NA,black,19804.364081102
2009,male,19,NA,NA,NA,NA,NA,NA,black,19993.862219686
2009,male,20,NA,NA,NA,NA,NA,NA,black,19406.87654681
2009,male,21,NA,NA,NA,NA,NA,NA,black,18317.376003034
2009,male,22,NA,NA,NA,NA,NA,NA,black,17905.461520219
2009,male,23,NA,NA,NA,NA,NA,NA,black,17413.914979976
2009,male,24,NA,NA,NA,NA,NA,NA,black,16717.187206683
2009,male,25,NA,NA,NA,NA,NA,NA,black,15911.007708024
2009,male,26,NA,NA,NA,NA,NA,NA,black,15813.508416804
2009,male,27,NA,NA,NA,NA,NA,NA,black,15775.116218837
2009,male,28,NA,NA,NA,NA,NA,NA,black,15648.31384174
2009,male,29,NA,NA,NA,NA,NA,NA,black,16368.544430894
2009,male,30,NA,NA,NA,NA,NA,NA,black,15264.083423996
2009,male,31,NA,NA,NA,NA,NA,NA,black,14580.323526825
2009,male,32,NA,NA,NA,NA,NA,NA,black,14204.991661363
2009,male,33,NA,NA,NA,NA,NA,NA,black,13747.223905697
2009,male,34,NA,NA,NA,NA,NA,NA,black,14379.39694412
2009,male,35,NA,NA,NA,NA,NA,NA,black,13685.163957981
2009,male,36,NA,NA,NA,NA,NA,NA,black,13913.637951188
2009,male,37,NA,NA,NA,NA,NA,NA,black,14470.435838356
2009,male,38,NA,NA,NA,NA,NA,NA,black,15905.545140733
2009,male,39,NA,NA,NA,NA,NA,NA,black,17302.007854748
2009,male,40,NA,NA,NA,NA,NA,NA,black,16106.048818113
2009,male,41,NA,NA,NA,NA,NA,NA,black,15649.232532945
2009,male,42,NA,NA,NA,NA,NA,NA,black,15810.909117961
2009,male,43,NA,NA,NA,NA,NA,NA,black,16555.046472708
2009,male,44,NA,NA,NA,NA,NA,NA,black,17863.304810338
2009,male,45,NA,NA,NA,NA,NA,NA,black,17799.077792457
2009,male,46,NA,NA,NA,NA,NA,NA,black,17652.819862606
2009,male,47,NA,NA,NA,NA,NA,NA,black,17692.373118428
2009,male,48,NA,NA,NA,NA,NA,NA,black,18169.663528865
2009,male,49,NA,NA,NA,NA,NA,NA,black,18715.896958974
2009,male,50,NA,NA,NA,NA,NA,NA,black,17564.244828805
2009,male,51,NA,NA,NA,NA,NA,NA,black,17063.845017812
2009,male,52,NA,NA,NA,NA,NA,NA,black,16342.858222465
2009,male,53,NA,NA,NA,NA,NA,NA,black,15833.598493702
2009,male,54,NA,NA,NA,NA,NA,NA,black,15558.529881911
2009,male,55,NA,NA,NA,NA,NA,NA,black,14389.635668205
2009,male,56,NA,NA,NA,NA,NA,NA,black,13163.243217864
2009,male,57,NA,NA,NA,NA,NA,NA,black,12283.854187729
2009,male,58,NA,NA,NA,NA,NA,NA,black,11995.218764584
2009,male,59,NA,NA,NA,NA,NA,NA,black,12083.007840144
2009,male,60,NA,NA,NA,NA,NA,NA,black,11105.902155624
2009,male,61,NA,NA,NA,NA,NA,NA,black,10290.877768544
2009,male,62,NA,NA,NA,NA,NA,NA,black,9429.030325772
2009,male,63,NA,NA,NA,NA,NA,NA,black,7983.083326578
2009,male,64,NA,NA,NA,NA,NA,NA,black,7576.504707065
2009,male,65,NA,NA,NA,NA,NA,NA,black,7282.189697129
2009,male,66,NA,NA,NA,NA,NA,NA,black,6925.50044456
2009,male,67,NA,NA,NA,NA,NA,NA,black,6346.733407503
2009,male,68,NA,NA,NA,NA,NA,NA,black,5908.237379171
2009,male,69,NA,NA,NA,NA,NA,NA,black,5845.949337346
2009,male,70,NA,NA,NA,NA,NA,NA,black,5530.269909836
2009,male,71,NA,NA,NA,NA,NA,NA,black,5290.129910785
2009,male,72,NA,NA,NA,NA,NA,NA,black,5068.903485401
2009,male,73,NA,NA,NA,NA,NA,NA,black,4687.0370104310005
2009,male,74,NA,NA,NA,NA,NA,NA,black,4486.467915346
2009,male,75,NA,NA,NA,NA,NA,NA,black,3929.180269139
2009,male,76,NA,NA,NA,NA,NA,NA,black,3606.700829978
2009,male,77,NA,NA,NA,NA,NA,NA,black,3190.208710839
2009,male,78,NA,NA,NA,NA,NA,NA,black,2893.915774298
2009,male,79,NA,NA,NA,NA,NA,NA,black,2721.522631904
2009,male,80,NA,NA,NA,NA,NA,NA,black,2316.816826844
2009,male,81,NA,NA,NA,NA,NA,NA,black,2045.25022093
2009,male,82,NA,NA,NA,NA,NA,NA,black,1907.831857391
2009,male,83,NA,NA,NA,NA,NA,NA,black,1717.481419483
2009,male,84,NA,NA,NA,NA,NA,NA,black,1582.870182862
2009,male,85,NA,NA,NA,NA,NA,NA,black,1429.958942386
2009,male,86,NA,NA,NA,NA,NA,NA,black,1223.02046626
2009,male,87,NA,NA,NA,NA,NA,NA,black,1015.048293158
2009,male,88,NA,NA,NA,NA,NA,NA,black,854.205836943
2009,male,89,NA,NA,NA,NA,NA,NA,black,726.295711332
2009,male,90,NA,NA,NA,NA,NA,NA,black,570.006111896
2009,male,91,NA,NA,NA,NA,NA,NA,black,433.776312607
2009,male,92,NA,NA,NA,NA,NA,NA,black,373.952708913
2009,male,93,NA,NA,NA,NA,NA,NA,black,258.88212121
2009,male,94,NA,NA,NA,NA,NA,NA,black,168.818184054
2009,male,95,NA,NA,NA,NA,NA,NA,black,165.947205721
2009,male,96,NA,NA,NA,NA,NA,NA,black,118.73012088
2009,male,97,NA,NA,NA,NA,NA,NA,black,74.504003552
2009,male,98,NA,NA,NA,NA,NA,NA,black,58.29960012
2009,male,99,NA,NA,NA,NA,NA,NA,black,41.990365797
2009,male,100,NA,NA,NA,NA,NA,NA,black,57.832014755
2009,female,0,NA,NA,NA,NA,NA,NA,hispanic,130279.864729742
2009,female,1,NA,NA,NA,NA,NA,NA,hispanic,133812.68459382
2009,female,2,NA,NA,NA,NA,NA,NA,hispanic,135214.990272766
2009,female,3,NA,NA,NA,NA,NA,NA,hispanic,132215.626616193
2009,female,4,NA,NA,NA,NA,NA,NA,hispanic,129514.725864569
2009,female,5,NA,NA,NA,NA,NA,NA,hispanic,127329.036457488
2009,female,6,NA,NA,NA,NA,NA,NA,hispanic,126161.317813166
2009,female,7,NA,NA,NA,NA,NA,NA,hispanic,125162.760210993
2009,female,8,NA,NA,NA,NA,NA,NA,hispanic,126467.017027129
2009,female,9,NA,NA,NA,NA,NA,NA,hispanic,125964.953719338
2009,female,10,NA,NA,NA,NA,NA,NA,hispanic,125264.528415743
2009,female,11,NA,NA,NA,NA,NA,NA,hispanic,125359.854610225
2009,female,12,NA,NA,NA,NA,NA,NA,hispanic,126549.631168959
2009,female,13,NA,NA,NA,NA,NA,NA,hispanic,127398.249909579
2009,female,14,NA,NA,NA,NA,NA,NA,hispanic,128486.961204547
2009,female,15,NA,NA,NA,NA,NA,NA,hispanic,129145.217301957
2009,female,16,NA,NA,NA,NA,NA,NA,hispanic,129272.09285943
2009,female,17,NA,NA,NA,NA,NA,NA,hispanic,129376.403739277
2009,female,18,NA,NA,NA,NA,NA,NA,hispanic,127888.627321601
2009,female,19,NA,NA,NA,NA,NA,NA,hispanic,122456.569249054
2009,female,20,NA,NA,NA,NA,NA,NA,hispanic,115757.145581039
2009,female,21,NA,NA,NA,NA,NA,NA,hispanic,113029.92590152
2009,female,22,NA,NA,NA,NA,NA,NA,hispanic,111397.085990372
2009,female,23,NA,NA,NA,NA,NA,NA,hispanic,110255.451171608
2009,female,24,NA,NA,NA,NA,NA,NA,hispanic,110395.397814389
2009,female,25,NA,NA,NA,NA,NA,NA,hispanic,108506.479718893
2009,female,26,NA,NA,NA,NA,NA,NA,hispanic,110352.313198362
2009,female,27,NA,NA,NA,NA,NA,NA,hispanic,110921.154400055
2009,female,28,NA,NA,NA,NA,NA,NA,hispanic,111098.785771259
2009,female,29,NA,NA,NA,NA,NA,NA,hispanic,111214.902317542
2009,female,30,NA,NA,NA,NA,NA,NA,hispanic,105733.869037339
2009,female,31,NA,NA,NA,NA,NA,NA,hispanic,105745.93569178
2009,female,32,NA,NA,NA,NA,NA,NA,hispanic,105974.466071752
2009,female,33,NA,NA,NA,NA,NA,NA,hispanic,105680.921876563
2009,female,34,NA,NA,NA,NA,NA,NA,hispanic,107788.230157606
2009,female,35,NA,NA,NA,NA,NA,NA,hispanic,104968.501349125
2009,female,36,NA,NA,NA,NA,NA,NA,hispanic,104592.566980926
2009,female,37,NA,NA,NA,NA,NA,NA,hispanic,103208.788635152
2009,female,38,NA,NA,NA,NA,NA,NA,hispanic,104020.099540695
2009,female,39,NA,NA,NA,NA,NA,NA,hispanic,104981.509130967
2009,female,40,NA,NA,NA,NA,NA,NA,hispanic,98911.724655718
2009,female,41,NA,NA,NA,NA,NA,NA,hispanic,95396.027047
2009,female,42,NA,NA,NA,NA,NA,NA,hispanic,92749.304273241
2009,female,43,NA,NA,NA,NA,NA,NA,hispanic,90563.284436784
2009,female,44,NA,NA,NA,NA,NA,NA,hispanic,91077.937111121
2009,female,45,NA,NA,NA,NA,NA,NA,hispanic,88542.691995985
2009,female,46,NA,NA,NA,NA,NA,NA,hispanic,85108.859250213
2009,female,47,NA,NA,NA,NA,NA,NA,hispanic,81530.574570959
2009,female,48,NA,NA,NA,NA,NA,NA,hispanic,80128.635917226
2009,female,49,NA,NA,NA,NA,NA,NA,hispanic,79211.188963246
2009,female,50,NA,NA,NA,NA,NA,NA,hispanic,73414.299664726
2009,female,51,NA,NA,NA,NA,NA,NA,hispanic,71077.329501319
2009,female,52,NA,NA,NA,NA,NA,NA,hispanic,67537.028579791
2009,female,53,NA,NA,NA,NA,NA,NA,hispanic,65593.856954168
2009,female,54,NA,NA,NA,NA,NA,NA,hispanic,63310.78296519
2009,female,55,NA,NA,NA,NA,NA,NA,hispanic,58436.841299442
2009,female,56,NA,NA,NA,NA,NA,NA,hispanic,54220.146015281
2009,female,57,NA,NA,NA,NA,NA,NA,hispanic,50441.53058851
2009,female,58,NA,NA,NA,NA,NA,NA,hispanic,48093.707742615
2009,female,59,NA,NA,NA,NA,NA,NA,hispanic,46270.400936534
2009,female,60,NA,NA,NA,NA,NA,NA,hispanic,42952.106936118
2009,female,61,NA,NA,NA,NA,NA,NA,hispanic,40656.9745791
2009,female,62,NA,NA,NA,NA,NA,NA,hispanic,37787.594330676
2009,female,63,NA,NA,NA,NA,NA,NA,hispanic,34144.923198894
2009,female,64,NA,NA,NA,NA,NA,NA,hispanic,32673.568639624
2009,female,65,NA,NA,NA,NA,NA,NA,hispanic,30439.651416035
2009,female,66,NA,NA,NA,NA,NA,NA,hispanic,28913.246025222
2009,female,67,NA,NA,NA,NA,NA,NA,hispanic,26343.706573069
2009,female,68,NA,NA,NA,NA,NA,NA,hispanic,24898.084948244
2009,female,69,NA,NA,NA,NA,NA,NA,hispanic,23919.523314423
2009,female,70,NA,NA,NA,NA,NA,NA,hispanic,22449.40777722
2009,female,71,NA,NA,NA,NA,NA,NA,hispanic,21154.732686358
2009,female,72,NA,NA,NA,NA,NA,NA,hispanic,20150.488355941
2009,female,73,NA,NA,NA,NA,NA,NA,hispanic,19488.514738318
2009,female,74,NA,NA,NA,NA,NA,NA,hispanic,18696.39526723
2009,female,75,NA,NA,NA,NA,NA,NA,hispanic,17101.847016738
2009,female,76,NA,NA,NA,NA,NA,NA,hispanic,16048.433030448
2009,female,77,NA,NA,NA,NA,NA,NA,hispanic,15385.865452934
2009,female,78,NA,NA,NA,NA,NA,NA,hispanic,15406.948207371
2009,female,79,NA,NA,NA,NA,NA,NA,hispanic,14928.694465323
2009,female,80,NA,NA,NA,NA,NA,NA,hispanic,13300.384670471
2009,female,81,NA,NA,NA,NA,NA,NA,hispanic,12187.292198269
2009,female,82,NA,NA,NA,NA,NA,NA,hispanic,11280.272459343
2009,female,83,NA,NA,NA,NA,NA,NA,hispanic,10267.157006944
2009,female,84,NA,NA,NA,NA,NA,NA,hispanic,9291.423299454
2009,female,85,NA,NA,NA,NA,NA,NA,hispanic,8025.920569747
2009,female,86,NA,NA,NA,NA,NA,NA,hispanic,6967.809256866
2009,female,87,NA,NA,NA,NA,NA,NA,hispanic,6058.367399972
2009,female,88,NA,NA,NA,NA,NA,NA,hispanic,5190.911413159
2009,female,89,NA,NA,NA,NA,NA,NA,hispanic,4304.428539026
2009,female,90,NA,NA,NA,NA,NA,NA,hispanic,3340.141189061
2009,female,91,NA,NA,NA,NA,NA,NA,hispanic,2676.543094384
2009,female,92,NA,NA,NA,NA,NA,NA,hispanic,2111.162088081
2009,female,93,NA,NA,NA,NA,NA,NA,hispanic,1721.329232345
2009,female,94,NA,NA,NA,NA,NA,NA,hispanic,1391.023730643
2009,female,95,NA,NA,NA,NA,NA,NA,hispanic,1098.583557928
2009,female,96,NA,NA,NA,NA,NA,NA,hispanic,885.422101624
2009,female,97,NA,NA,NA,NA,NA,NA,hispanic,669.318709365
2009,female,98,NA,NA,NA,NA,NA,NA,hispanic,486.267360049
2009,female,99,NA,NA,NA,NA,NA,NA,hispanic,348.452649709
2009,female,100,NA,NA,NA,NA,NA,NA,hispanic,502.925785548
2009,male,0,NA,NA,NA,NA,NA,NA,hispanic,135868.092315876
2009,male,1,NA,NA,NA,NA,NA,NA,hispanic,140334.600474932
2009,male,2,NA,NA,NA,NA,NA,NA,hispanic,141152.824102542
2009,male,3,NA,NA,NA,NA,NA,NA,hispanic,137603.133148321
2009,male,4,NA,NA,NA,NA,NA,NA,hispanic,135084.117185583
2009,male,5,NA,NA,NA,NA,NA,NA,hispanic,132154.696194837
2009,male,6,NA,NA,NA,NA,NA,NA,hispanic,130441.523898852
2009,male,7,NA,NA,NA,NA,NA,NA,hispanic,129313.10567417
2009,male,8,NA,NA,NA,NA,NA,NA,hispanic,131185.806645044
2009,male,9,NA,NA,NA,NA,NA,NA,hispanic,131659.308535097
2009,male,10,NA,NA,NA,NA,NA,NA,hispanic,129898.284176303
2009,male,11,NA,NA,NA,NA,NA,NA,hispanic,128588.850364495
2009,male,12,NA,NA,NA,NA,NA,NA,hispanic,129578.153333568
2009,male,13,NA,NA,NA,NA,NA,NA,hispanic,131167.120492907
2009,male,14,NA,NA,NA,NA,NA,NA,hispanic,132330.829711449
2009,male,15,NA,NA,NA,NA,NA,NA,hispanic,134629.328581321
2009,male,16,NA,NA,NA,NA,NA,NA,hispanic,136491.81353522
2009,male,17,NA,NA,NA,NA,NA,NA,hispanic,137867.425742192
2009,male,18,NA,NA,NA,NA,NA,NA,hispanic,137612.978946046
2009,male,19,NA,NA,NA,NA,NA,NA,hispanic,134132.697626756
2009,male,20,NA,NA,NA,NA,NA,NA,hispanic,128824.322096872
2009,male,21,NA,NA,NA,NA,NA,NA,hispanic,126992.280557584
2009,male,22,NA,NA,NA,NA,NA,NA,hispanic,125161.80791365
2009,male,23,NA,NA,NA,NA,NA,NA,hispanic,125138.909212725
2009,male,24,NA,NA,NA,NA,NA,NA,hispanic,124140.335696567
2009,male,25,NA,NA,NA,NA,NA,NA,hispanic,120754.817461788
2009,male,26,NA,NA,NA,NA,NA,NA,hispanic,122188.285235101
2009,male,27,NA,NA,NA,NA,NA,NA,hispanic,121095.403247366
2009,male,28,NA,NA,NA,NA,NA,NA,hispanic,121309.505479235
2009,male,29,NA,NA,NA,NA,NA,NA,hispanic,122931.836206
2009,male,30,NA,NA,NA,NA,NA,NA,hispanic,114104.344951083
2009,male,31,NA,NA,NA,NA,NA,NA,hispanic,112573.377032373
2009,male,32,NA,NA,NA,NA,NA,NA,hispanic,111701.109035686
2009,male,33,NA,NA,NA,NA,NA,NA,hispanic,110832.33063546
2009,male,34,NA,NA,NA,NA,NA,NA,hispanic,112694.181518978
2009,male,35,NA,NA,NA,NA,NA,NA,hispanic,108195.18275154
2009,male,36,NA,NA,NA,NA,NA,NA,hispanic,107287.587974748
2009,male,37,NA,NA,NA,NA,NA,NA,hispanic,106415.124195449
2009,male,38,NA,NA,NA,NA,NA,NA,hispanic,107365.052597038
2009,male,39,NA,NA,NA,NA,NA,NA,hispanic,110959.695807515
2009,male,40,NA,NA,NA,NA,NA,NA,hispanic,104401.121146789
2009,male,41,NA,NA,NA,NA,NA,NA,hispanic,101394.635510329
2009,male,42,NA,NA,NA,NA,NA,NA,hispanic,97422.920450238
2009,male,43,NA,NA,NA,NA,NA,NA,hispanic,95919.446672309
2009,male,44,NA,NA,NA,NA,NA,NA,hispanic,96172.228642931
2009,male,45,NA,NA,NA,NA,NA,NA,hispanic,91201.88046446
2009,male,46,NA,NA,NA,NA,NA,NA,hispanic,86567.115663583
2009,male,47,NA,NA,NA,NA,NA,NA,hispanic,82701.967977614
2009,male,48,NA,NA,NA,NA,NA,NA,hispanic,80264.50403458
2009,male,49,NA,NA,NA,NA,NA,NA,hispanic,80019.420364795
2009,male,50,NA,NA,NA,NA,NA,NA,hispanic,72850.186962765
2009,male,51,NA,NA,NA,NA,NA,NA,hispanic,69531.515501386
2009,male,52,NA,NA,NA,NA,NA,NA,hispanic,65489.360857398
2009,male,53,NA,NA,NA,NA,NA,NA,hispanic,62835.07863752
2009,male,54,NA,NA,NA,NA,NA,NA,hispanic,60646.578841087
2009,male,55,NA,NA,NA,NA,NA,NA,hispanic,54903.527261336
2009,male,56,NA,NA,NA,NA,NA,NA,hispanic,50371.548288421
2009,male,57,NA,NA,NA,NA,NA,NA,hispanic,46856.354086494
2009,male,58,NA,NA,NA,NA,NA,NA,hispanic,44253.300214611
2009,male,59,NA,NA,NA,NA,NA,NA,hispanic,42251.751148042
2009,male,60,NA,NA,NA,NA,NA,NA,hispanic,38325.041578821
2009,male,61,NA,NA,NA,NA,NA,NA,hispanic,36360.05681989
2009,male,62,NA,NA,NA,NA,NA,NA,hispanic,33674.201435542
2009,male,63,NA,NA,NA,NA,NA,NA,hispanic,29814.293794688
2009,male,64,NA,NA,NA,NA,NA,NA,hispanic,27517.793761067
2009,male,65,NA,NA,NA,NA,NA,NA,hispanic,25243.409167601
2009,male,66,NA,NA,NA,NA,NA,NA,hispanic,23255.448567425
2009,male,67,NA,NA,NA,NA,NA,NA,hispanic,21329.851153811
2009,male,68,NA,NA,NA,NA,NA,NA,hispanic,19839.087215675
2009,male,69,NA,NA,NA,NA,NA,NA,hispanic,19022.571366119
2009,male,70,NA,NA,NA,NA,NA,NA,hispanic,17686.094995325
2009,male,71,NA,NA,NA,NA,NA,NA,hispanic,16366.409646459
2009,male,72,NA,NA,NA,NA,NA,NA,hispanic,15369.676043196
2009,male,73,NA,NA,NA,NA,NA,NA,hispanic,14714.437114134
2009,male,74,NA,NA,NA,NA,NA,NA,hispanic,13948.117098607
2009,male,75,NA,NA,NA,NA,NA,NA,hispanic,12532.859690927
2009,male,76,NA,NA,NA,NA,NA,NA,hispanic,11707.608379991
2009,male,77,NA,NA,NA,NA,NA,NA,hispanic,11185.659811235
2009,male,78,NA,NA,NA,NA,NA,NA,hispanic,10855.144629544
2009,male,79,NA,NA,NA,NA,NA,NA,hispanic,10520.175989919
2009,male,80,NA,NA,NA,NA,NA,NA,hispanic,9179.049191478
2009,male,81,NA,NA,NA,NA,NA,NA,hispanic,8092.337521675
2009,male,82,NA,NA,NA,NA,NA,NA,hispanic,7293.265767028
2009,male,83,NA,NA,NA,NA,NA,NA,hispanic,6625.456279776
2009,male,84,NA,NA,NA,NA,NA,NA,hispanic,5831.493476698
2009,male,85,NA,NA,NA,NA,NA,NA,hispanic,5265.389851624
2009,male,86,NA,NA,NA,NA,NA,NA,hispanic,4686.040883493
2009,male,87,NA,NA,NA,NA,NA,NA,hispanic,3760.309847108
2009,male,88,NA,NA,NA,NA,NA,NA,hispanic,2998.00929118
2009,male,89,NA,NA,NA,NA,NA,NA,hispanic,2358.447644719
2009,male,90,NA,NA,NA,NA,NA,NA,hispanic,1716.785426927
2009,male,91,NA,NA,NA,NA,NA,NA,hispanic,1363.385808509
2009,male,92,NA,NA,NA,NA,NA,NA,hispanic,1014.534474504
2009,male,93,NA,NA,NA,NA,NA,NA,hispanic,810.381815535
2009,male,94,NA,NA,NA,NA,NA,NA,hispanic,637.911258479
2009,male,95,NA,NA,NA,NA,NA,NA,hispanic,469.620425643
2009,male,96,NA,NA,NA,NA,NA,NA,hispanic,358.409028521
2009,male,97,NA,NA,NA,NA,NA,NA,hispanic,273.01953803
2009,male,98,NA,NA,NA,NA,NA,NA,hispanic,183.990679376
2009,male,99,NA,NA,NA,NA,NA,NA,hispanic,137.800299268
2009,male,100,NA,NA,NA,NA,NA,NA,hispanic,205.250213154
2009,female,0,NA,NA,NA,NA,NA,NA,white,63254.208185552
2009,female,1,NA,NA,NA,NA,NA,NA,white,64564.851229305
2009,female,2,NA,NA,NA,NA,NA,NA,white,66039.29588438
2009,female,3,NA,NA,NA,NA,NA,NA,white,66503.081338916
2009,female,4,NA,NA,NA,NA,NA,NA,white,66926.632930518
2009,female,5,NA,NA,NA,NA,NA,NA,white,67778.81940119
2009,female,6,NA,NA,NA,NA,NA,NA,white,68047.66556845
2009,female,7,NA,NA,NA,NA,NA,NA,white,67603.51415486
2009,female,8,NA,NA,NA,NA,NA,NA,white,69759.828191928
2009,female,9,NA,NA,NA,NA,NA,NA,white,71527.329112966
2009,female,10,NA,NA,NA,NA,NA,NA,white,73216.060776333
2009,female,11,NA,NA,NA,NA,NA,NA,white,73531.281590405
2009,female,12,NA,NA,NA,NA,NA,NA,white,74667.54817482
2009,female,13,NA,NA,NA,NA,NA,NA,white,76457.473630407
2009,female,14,NA,NA,NA,NA,NA,NA,white,78784.679189867
2009,female,15,NA,NA,NA,NA,NA,NA,white,80095.241391195
2009,female,16,NA,NA,NA,NA,NA,NA,white,80930.581984248
2009,female,17,NA,NA,NA,NA,NA,NA,white,82221.215534055
2009,female,18,NA,NA,NA,NA,NA,NA,white,86224.05013501
2009,female,19,NA,NA,NA,NA,NA,NA,white,88732.844399937
2009,female,20,NA,NA,NA,NA,NA,NA,white,88482.824285145
2009,female,21,NA,NA,NA,NA,NA,NA,white,87875.258086714
2009,female,22,NA,NA,NA,NA,NA,NA,white,91183.155557354
2009,female,23,NA,NA,NA,NA,NA,NA,white,92232.626884823
2009,female,24,NA,NA,NA,NA,NA,NA,white,94661.758929972
2009,female,25,NA,NA,NA,NA,NA,NA,white,93240.255897772
2009,female,26,NA,NA,NA,NA,NA,NA,white,93551.971614662
2009,female,27,NA,NA,NA,NA,NA,NA,white,93857.133323437
2009,female,28,NA,NA,NA,NA,NA,NA,white,92857.857685171
2009,female,29,NA,NA,NA,NA,NA,NA,white,92896.728407772
2009,female,30,NA,NA,NA,NA,NA,NA,white,87963.082489982
2009,female,31,NA,NA,NA,NA,NA,NA,white,85951.584435293
2009,female,32,NA,NA,NA,NA,NA,NA,white,83806.119144722
2009,female,33,NA,NA,NA,NA,NA,NA,white,82115.976956721
2009,female,34,NA,NA,NA,NA,NA,NA,white,83471.767553595
2009,female,35,NA,NA,NA,NA,NA,NA,white,81660.033913616
2009,female,36,NA,NA,NA,NA,NA,NA,white,82882.924763383
2009,female,37,NA,NA,NA,NA,NA,NA,white,89264.780375924
2009,female,38,NA,NA,NA,NA,NA,NA,white,99338.937511943
2009,female,39,NA,NA,NA,NA,NA,NA,white,106062.460316131
2009,female,40,NA,NA,NA,NA,NA,NA,white,102192.286974527
2009,female,41,NA,NA,NA,NA,NA,NA,white,99256.078562554
2009,female,42,NA,NA,NA,NA,NA,NA,white,100372.177570983
2009,female,43,NA,NA,NA,NA,NA,NA,white,103013.866657694
2009,female,44,NA,NA,NA,NA,NA,NA,white,113274.37836002
2009,female,45,NA,NA,NA,NA,NA,NA,white,118476.087173921
2009,female,46,NA,NA,NA,NA,NA,NA,white,121472.107341173
2009,female,47,NA,NA,NA,NA,NA,NA,white,124955.986128376
2009,female,48,NA,NA,NA,NA,NA,NA,white,128438.113887754
2009,female,49,NA,NA,NA,NA,NA,NA,white,131668.065284733
2009,female,50,NA,NA,NA,NA,NA,NA,white,128044.532838499
2009,female,51,NA,NA,NA,NA,NA,NA,white,129674.980936885
2009,female,52,NA,NA,NA,NA,NA,NA,white,129646.250730749
2009,female,53,NA,NA,NA,NA,NA,NA,white,127924.59385534
2009,female,54,NA,NA,NA,NA,NA,NA,white,128518.136641374
2009,female,55,NA,NA,NA,NA,NA,NA,white,125466.872024116
2009,female,56,NA,NA,NA,NA,NA,NA,white,123213.607063059
2009,female,57,NA,NA,NA,NA,NA,NA,white,119534.819005366
2009,female,58,NA,NA,NA,NA,NA,NA,white,115596.60293478
2009,female,59,NA,NA,NA,NA,NA,NA,white,115627.384394512
2009,female,60,NA,NA,NA,NA,NA,NA,white,112906.972868694
2009,female,61,NA,NA,NA,NA,NA,NA,white,115628.0072573
2009,female,62,NA,NA,NA,NA,NA,NA,white,117042.347615661
2009,female,63,NA,NA,NA,NA,NA,NA,white,95613.451467917
2009,female,64,NA,NA,NA,NA,NA,NA,white,89708.227924639
2009,female,65,NA,NA,NA,NA,NA,NA,white,87760.563288511
2009,female,66,NA,NA,NA,NA,NA,NA,white,87900.613607707
2009,female,67,NA,NA,NA,NA,NA,NA,white,78950.708519455
2009,female,68,NA,NA,NA,NA,NA,NA,white,71608.368339247
2009,female,69,NA,NA,NA,NA,NA,NA,white,68439.24764631
2009,female,70,NA,NA,NA,NA,NA,NA,white,65833.162518574
2009,female,71,NA,NA,NA,NA,NA,NA,white,63504.462481852
2009,female,72,NA,NA,NA,NA,NA,NA,white,60240.214898122
2009,female,73,NA,NA,NA,NA,NA,NA,white,58058.499725548
2009,female,74,NA,NA,NA,NA,NA,NA,white,57191.438092672
2009,female,75,NA,NA,NA,NA,NA,NA,white,53822.935054645
2009,female,76,NA,NA,NA,NA,NA,NA,white,52968.499983635
2009,female,77,NA,NA,NA,NA,NA,NA,white,52237.629315136
2009,female,78,NA,NA,NA,NA,NA,NA,white,52563.220772055
2009,female,79,NA,NA,NA,NA,NA,NA,white,52031.217241675
2009,female,80,NA,NA,NA,NA,NA,NA,white,49559.08234243
2009,female,81,NA,NA,NA,NA,NA,NA,white,48987.710025485
2009,female,82,NA,NA,NA,NA,NA,NA,white,48072.086216403
2009,female,83,NA,NA,NA,NA,NA,NA,white,46947.796472353
2009,female,84,NA,NA,NA,NA,NA,NA,white,45679.464653494
2009,female,85,NA,NA,NA,NA,NA,NA,white,42861.843057059
2009,female,86,NA,NA,NA,NA,NA,NA,white,38854.983850954
2009,female,87,NA,NA,NA,NA,NA,NA,white,35843.822530381
2009,female,88,NA,NA,NA,NA,NA,NA,white,31858.270617097
2009,female,89,NA,NA,NA,NA,NA,NA,white,26534.24942308
2009,female,90,NA,NA,NA,NA,NA,NA,white,21388.286474451
2009,female,91,NA,NA,NA,NA,NA,NA,white,17913.142693674
2009,female,92,NA,NA,NA,NA,NA,NA,white,14530.165283638
2009,female,93,NA,NA,NA,NA,NA,NA,white,11831.440875167
2009,female,94,NA,NA,NA,NA,NA,NA,white,9541.385256239
2009,female,95,NA,NA,NA,NA,NA,NA,white,7616.152721683
2009,female,96,NA,NA,NA,NA,NA,NA,white,5640.391317466
2009,female,97,NA,NA,NA,NA,NA,NA,white,4097.830042959
2009,female,98,NA,NA,NA,NA,NA,NA,white,2869.356737945
2009,female,99,NA,NA,NA,NA,NA,NA,white,2024.902333746
2009,female,100,NA,NA,NA,NA,NA,NA,white,2972.135342649
2009,male,0,NA,NA,NA,NA,NA,NA,white,66620.920752293
2009,male,1,NA,NA,NA,NA,NA,NA,white,68140.135834219
2009,male,2,NA,NA,NA,NA,NA,NA,white,69679.732231108
2009,male,3,NA,NA,NA,NA,NA,NA,white,70361.422721884
2009,male,4,NA,NA,NA,NA,NA,NA,white,70666.052062636
2009,male,5,NA,NA,NA,NA,NA,NA,white,71511.503345944
2009,male,6,NA,NA,NA,NA,NA,NA,white,71339.25617717
2009,male,7,NA,NA,NA,NA,NA,NA,white,71574.951382845
2009,male,8,NA,NA,NA,NA,NA,NA,white,73514.80666142
2009,male,9,NA,NA,NA,NA,NA,NA,white,75232.092457807
2009,male,10,NA,NA,NA,NA,NA,NA,white,75797.497931002
2009,male,11,NA,NA,NA,NA,NA,NA,white,76463.841642715
2009,male,12,NA,NA,NA,NA,NA,NA,white,78342.304662116
2009,male,13,NA,NA,NA,NA,NA,NA,white,80877.03664619
2009,male,14,NA,NA,NA,NA,NA,NA,white,83156.8726763
2009,male,15,NA,NA,NA,NA,NA,NA,white,85071.384458641
2009,male,16,NA,NA,NA,NA,NA,NA,white,86856.773100777
2009,male,17,NA,NA,NA,NA,NA,NA,white,87258.345092127
2009,male,18,NA,NA,NA,NA,NA,NA,white,93551.035132934
2009,male,19,NA,NA,NA,NA,NA,NA,white,95332.077101569
2009,male,20,NA,NA,NA,NA,NA,NA,white,97531.418914011
2009,male,21,NA,NA,NA,NA,NA,NA,white,96822.354476712
2009,male,22,NA,NA,NA,NA,NA,NA,white,98489.022862832
2009,male,23,NA,NA,NA,NA,NA,NA,white,100050.188391081
2009,male,24,NA,NA,NA,NA,NA,NA,white,100470.048719979
2009,male,25,NA,NA,NA,NA,NA,NA,white,98545.707510932
2009,male,26,NA,NA,NA,NA,NA,NA,white,100844.747231663
2009,male,27,NA,NA,NA,NA,NA,NA,white,101179.665633784
2009,male,28,NA,NA,NA,NA,NA,NA,white,99592.565507634
2009,male,29,NA,NA,NA,NA,NA,NA,white,100455.354011148
2009,male,30,NA,NA,NA,NA,NA,NA,white,94931.897468718
2009,male,31,NA,NA,NA,NA,NA,NA,white,91938.403269284
2009,male,32,NA,NA,NA,NA,NA,NA,white,89502.006529519
2009,male,33,NA,NA,NA,NA,NA,NA,white,87023.733124853
2009,male,34,NA,NA,NA,NA,NA,NA,white,89649.922844441
2009,male,35,NA,NA,NA,NA,NA,NA,white,87812.998585829
2009,male,36,NA,NA,NA,NA,NA,NA,white,88293.982528974
2009,male,37,NA,NA,NA,NA,NA,NA,white,94734.849191127
2009,male,38,NA,NA,NA,NA,NA,NA,white,104432.276112692
2009,male,39,NA,NA,NA,NA,NA,NA,white,111915.13947818
2009,male,40,NA,NA,NA,NA,NA,NA,white,106385.025930423
2009,male,41,NA,NA,NA,NA,NA,NA,white,103768.634963189
2009,male,42,NA,NA,NA,NA,NA,NA,white,104807.535076417
2009,male,43,NA,NA,NA,NA,NA,NA,white,107375.247528093
2009,male,44,NA,NA,NA,NA,NA,NA,white,117765.753966576
2009,male,45,NA,NA,NA,NA,NA,NA,white,122439.437270306
2009,male,46,NA,NA,NA,NA,NA,NA,white,125144.922469421
2009,male,47,NA,NA,NA,NA,NA,NA,white,128287.1546607
2009,male,48,NA,NA,NA,NA,NA,NA,white,131638.168626977
2009,male,49,NA,NA,NA,NA,NA,NA,white,135739.706703428
2009,male,50,NA,NA,NA,NA,NA,NA,white,131800.181709812
2009,male,51,NA,NA,NA,NA,NA,NA,white,132647.421595807
2009,male,52,NA,NA,NA,NA,NA,NA,white,131580.153865419
2009,male,53,NA,NA,NA,NA,NA,NA,white,128903.38393754
2009,male,54,NA,NA,NA,NA,NA,NA,white,128915.261223637
2009,male,55,NA,NA,NA,NA,NA,NA,white,124704.669462239
2009,male,56,NA,NA,NA,NA,NA,NA,white,121624.517973761
2009,male,57,NA,NA,NA,NA,NA,NA,white,117511.093294897
2009,male,58,NA,NA,NA,NA,NA,NA,white,113179.216519491
2009,male,59,NA,NA,NA,NA,NA,NA,white,113282.637968861
2009,male,60,NA,NA,NA,NA,NA,NA,white,109909.931613803
2009,male,61,NA,NA,NA,NA,NA,NA,white,112138.432806587
2009,male,62,NA,NA,NA,NA,NA,NA,white,113583.489006063
2009,male,63,NA,NA,NA,NA,NA,NA,white,92200.320113208
2009,male,64,NA,NA,NA,NA,NA,NA,white,85434.105277493
2009,male,65,NA,NA,NA,NA,NA,NA,white,82865.256539447
2009,male,66,NA,NA,NA,NA,NA,NA,white,82034.594530369
2009,male,67,NA,NA,NA,NA,NA,NA,white,72898.070275963
2009,male,68,NA,NA,NA,NA,NA,NA,white,65528.068792888
2009,male,69,NA,NA,NA,NA,NA,NA,white,62096.101257975
2009,male,70,NA,NA,NA,NA,NA,NA,white,59214.416985312
2009,male,71,NA,NA,NA,NA,NA,NA,white,56483.031471047
2009,male,72,NA,NA,NA,NA,NA,NA,white,52490.55240103
2009,male,73,NA,NA,NA,NA,NA,NA,white,49904.469471614
2009,male,74,NA,NA,NA,NA,NA,NA,white,48553.47598656
2009,male,75,NA,NA,NA,NA,NA,NA,white,45175.816764996
2009,male,76,NA,NA,NA,NA,NA,NA,white,43797.634026257
2009,male,77,NA,NA,NA,NA,NA,NA,white,43227.654384663
2009,male,78,NA,NA,NA,NA,NA,NA,white,42483.849282603
2009,male,79,NA,NA,NA,NA,NA,NA,white,40884.322693267
2009,male,80,NA,NA,NA,NA,NA,NA,white,37505.705714574
2009,male,81,NA,NA,NA,NA,NA,NA,white,35136.66024098
2009,male,82,NA,NA,NA,NA,NA,NA,white,32731.480034642
2009,male,83,NA,NA,NA,NA,NA,NA,white,30353.800905474
2009,male,84,NA,NA,NA,NA,NA,NA,white,28649.947485541
2009,male,85,NA,NA,NA,NA,NA,NA,white,26150.2647363
2009,male,86,NA,NA,NA,NA,NA,NA,white,23209.39479324
2009,male,87,NA,NA,NA,NA,NA,NA,white,20876.13462787
2009,male,88,NA,NA,NA,NA,NA,NA,white,18195.880313245
2009,male,89,NA,NA,NA,NA,NA,NA,white,14723.590856136
2009,male,90,NA,NA,NA,NA,NA,NA,white,11256.67892418
2009,male,91,NA,NA,NA,NA,NA,NA,white,8928.782926166
2009,male,92,NA,NA,NA,NA,NA,NA,white,6655.430140042
2009,male,93,NA,NA,NA,NA,NA,NA,white,5116.083224949
2009,male,94,NA,NA,NA,NA,NA,NA,white,3851.433778333
2009,male,95,NA,NA,NA,NA,NA,NA,white,2779.743150686
2009,male,96,NA,NA,NA,NA,NA,NA,white,1923.900504829
2009,male,97,NA,NA,NA,NA,NA,NA,white,1244.778216328
2009,male,98,NA,NA,NA,NA,NA,NA,white,791.858673378
2009,male,99,NA,NA,NA,NA,NA,NA,white,493.717768898
2009,male,100,NA,NA,NA,NA,NA,NA,white,680.01160709
2010,female,0,NA,NA,NA,NA,NA,NA,white,61587
2011,female,0,NA,NA,NA,NA,NA,NA,white,66716
2012,female,0,NA,NA,NA,NA,NA,NA,white,69739
2013,female,0,NA,NA,NA,NA,NA,NA,white,70377
2014,female,0,NA,NA,NA,NA,NA,NA,white,70261
2015,female,0,NA,NA,NA,NA,NA,NA,white,70272
2016,female,0,NA,NA,NA,NA,NA,NA,white,69405
2017,female,0,NA,NA,NA,NA,NA,NA,white,67491
2018,female,0,NA,NA,NA,NA,NA,NA,white,64225
2019,female,0,NA,NA,NA,NA,NA,NA,white,60377
2020,female,0,NA,NA,NA,NA,NA,NA,white,54394
2010,female,1,NA,NA,NA,NA,NA,NA,white,62080
2011,female,1,NA,NA,NA,NA,NA,NA,white,64980
2012,female,1,NA,NA,NA,NA,NA,NA,white,66859
2013,female,1,NA,NA,NA,NA,NA,NA,white,68551
2014,female,1,NA,NA,NA,NA,NA,NA,white,69168
2015,female,1,NA,NA,NA,NA,NA,NA,white,69070
2016,female,1,NA,NA,NA,NA,NA,NA,white,69124
2017,female,1,NA,NA,NA,NA,NA,NA,white,68240
2018,female,1,NA,NA,NA,NA,NA,NA,white,65649
2019,female,1,NA,NA,NA,NA,NA,NA,white,60592
2020,female,1,NA,NA,NA,NA,NA,NA,white,53699
2010,female,2,NA,NA,NA,NA,NA,NA,white,63556
2011,female,2,NA,NA,NA,NA,NA,NA,white,63044
2012,female,2,NA,NA,NA,NA,NA,NA,white,63914
2013,female,2,NA,NA,NA,NA,NA,NA,white,66144
2014,female,2,NA,NA,NA,NA,NA,NA,white,68366
2015,female,2,NA,NA,NA,NA,NA,NA,white,68749
2016,female,2,NA,NA,NA,NA,NA,NA,white,68478
2017,female,2,NA,NA,NA,NA,NA,NA,white,68219
2018,female,2,NA,NA,NA,NA,NA,NA,white,66479
2019,female,2,NA,NA,NA,NA,NA,NA,white,61999
2020,female,2,NA,NA,NA,NA,NA,NA,white,54117
2010,female,3,NA,NA,NA,NA,NA,NA,white,65003
2011,female,3,NA,NA,NA,NA,NA,NA,white,62721
2012,female,3,NA,NA,NA,NA,NA,NA,white,62214
2013,female,3,NA,NA,NA,NA,NA,NA,white,62558
2014,female,3,NA,NA,NA,NA,NA,NA,white,64575
2015,female,3,NA,NA,NA,NA,NA,NA,white,66825
2016,female,3,NA,NA,NA,NA,NA,NA,white,67149
2017,female,3,NA,NA,NA,NA,NA,NA,white,66786
2018,female,3,NA,NA,NA,NA,NA,NA,white,65865
2019,female,3,NA,NA,NA,NA,NA,NA,white,62047
2020,female,3,NA,NA,NA,NA,NA,NA,white,55818
2010,female,4,NA,NA,NA,NA,NA,NA,white,64907
2011,female,4,NA,NA,NA,NA,NA,NA,white,62972
2012,female,4,NA,NA,NA,NA,NA,NA,white,61916
2013,female,4,NA,NA,NA,NA,NA,NA,white,60807
2014,female,4,NA,NA,NA,NA,NA,NA,white,60823
2015,female,4,NA,NA,NA,NA,NA,NA,white,62950
2016,female,4,NA,NA,NA,NA,NA,NA,white,65235
2017,female,4,NA,NA,NA,NA,NA,NA,white,65677
2018,female,4,NA,NA,NA,NA,NA,NA,white,64964
2019,female,4,NA,NA,NA,NA,NA,NA,white,62520
2020,female,4,NA,NA,NA,NA,NA,NA,white,57319
2010,female,5,NA,NA,NA,NA,NA,NA,white,65487
2011,female,5,NA,NA,NA,NA,NA,NA,white,63776
2012,female,5,NA,NA,NA,NA,NA,NA,white,62225
2013,female,5,NA,NA,NA,NA,NA,NA,white,60347
2014,female,5,NA,NA,NA,NA,NA,NA,white,58929
2015,female,5,NA,NA,NA,NA,NA,NA,white,58989
2016,female,5,NA,NA,NA,NA,NA,NA,white,61158
2017,female,5,NA,NA,NA,NA,NA,NA,white,63590
2018,female,5,NA,NA,NA,NA,NA,NA,white,63711
2019,female,5,NA,NA,NA,NA,NA,NA,white,61358
2020,female,5,NA,NA,NA,NA,NA,NA,white,57797
2010,female,6,NA,NA,NA,NA,NA,NA,white,66227
2011,female,6,NA,NA,NA,NA,NA,NA,white,63891
2012,female,6,NA,NA,NA,NA,NA,NA,white,62143
2013,female,6,NA,NA,NA,NA,NA,NA,white,60022
2014,female,6,NA,NA,NA,NA,NA,NA,white,57936
2015,female,6,NA,NA,NA,NA,NA,NA,white,56647
2016,female,6,NA,NA,NA,NA,NA,NA,white,56918
2017,female,6,NA,NA,NA,NA,NA,NA,white,59569
2018,female,6,NA,NA,NA,NA,NA,NA,white,62175
2019,female,6,NA,NA,NA,NA,NA,NA,white,61378
2020,female,6,NA,NA,NA,NA,NA,NA,white,57408
2010,female,7,NA,NA,NA,NA,NA,NA,white,66136
2011,female,7,NA,NA,NA,NA,NA,NA,white,64316
2012,female,7,NA,NA,NA,NA,NA,NA,white,62437
2013,female,7,NA,NA,NA,NA,NA,NA,white,60121
2014,female,7,NA,NA,NA,NA,NA,NA,white,57949
2015,female,7,NA,NA,NA,NA,NA,NA,white,56087
2016,female,7,NA,NA,NA,NA,NA,NA,white,54899
2017,female,7,NA,NA,NA,NA,NA,NA,white,55504
2018,female,7,NA,NA,NA,NA,NA,NA,white,58137
2019,female,7,NA,NA,NA,NA,NA,NA,white,59657
2020,female,7,NA,NA,NA,NA,NA,NA,white,57108
2010,female,8,NA,NA,NA,NA,NA,NA,white,65630
2011,female,8,NA,NA,NA,NA,NA,NA,white,64377
2012,female,8,NA,NA,NA,NA,NA,NA,white,62773
2013,female,8,NA,NA,NA,NA,NA,NA,white,60375
2014,female,8,NA,NA,NA,NA,NA,NA,white,57855
2015,female,8,NA,NA,NA,NA,NA,NA,white,55788
2016,female,8,NA,NA,NA,NA,NA,NA,white,54069
2017,female,8,NA,NA,NA,NA,NA,NA,white,53339
2018,female,8,NA,NA,NA,NA,NA,NA,white,53983
2019,female,8,NA,NA,NA,NA,NA,NA,white,55537
2020,female,8,NA,NA,NA,NA,NA,NA,white,57415
2010,female,9,NA,NA,NA,NA,NA,NA,white,68166
2011,female,9,NA,NA,NA,NA,NA,NA,white,65253
2012,female,9,NA,NA,NA,NA,NA,NA,white,63228
2013,female,9,NA,NA,NA,NA,NA,NA,white,60922
2014,female,9,NA,NA,NA,NA,NA,NA,white,58611
2015,female,9,NA,NA,NA,NA,NA,NA,white,56357
2016,female,9,NA,NA,NA,NA,NA,NA,white,54610
2017,female,9,NA,NA,NA,NA,NA,NA,white,53570
2018,female,9,NA,NA,NA,NA,NA,NA,white,53512
2019,female,9,NA,NA,NA,NA,NA,NA,white,54645
2020,female,9,NA,NA,NA,NA,NA,NA,white,57629
2010,female,10,NA,NA,NA,NA,NA,NA,white,69432
2011,female,10,NA,NA,NA,NA,NA,NA,white,66357
2012,female,10,NA,NA,NA,NA,NA,NA,white,63776
2013,female,10,NA,NA,NA,NA,NA,NA,white,61258
2014,female,10,NA,NA,NA,NA,NA,NA,white,58975
2015,female,10,NA,NA,NA,NA,NA,NA,white,56894
2016,female,10,NA,NA,NA,NA,NA,NA,white,55074
2017,female,10,NA,NA,NA,NA,NA,NA,white,54235
2018,female,10,NA,NA,NA,NA,NA,NA,white,54312
2019,female,10,NA,NA,NA,NA,NA,NA,white,55394
2020,female,10,NA,NA,NA,NA,NA,NA,white,57632
2010,female,11,NA,NA,NA,NA,NA,NA,white,70805
2011,female,11,NA,NA,NA,NA,NA,NA,white,67709
2012,female,11,NA,NA,NA,NA,NA,NA,white,65083
2013,female,11,NA,NA,NA,NA,NA,NA,white,61984
2014,female,11,NA,NA,NA,NA,NA,NA,white,59204
2015,female,11,NA,NA,NA,NA,NA,NA,white,57171
2016,female,11,NA,NA,NA,NA,NA,NA,white,55572
2017,female,11,NA,NA,NA,NA,NA,NA,white,54685
2018,female,11,NA,NA,NA,NA,NA,NA,white,55033
2019,female,11,NA,NA,NA,NA,NA,NA,white,56340
2020,female,11,NA,NA,NA,NA,NA,NA,white,59722
2010,female,12,NA,NA,NA,NA,NA,NA,white,71111
2011,female,12,NA,NA,NA,NA,NA,NA,white,69425
2012,female,12,NA,NA,NA,NA,NA,NA,white,67278
2013,female,12,NA,NA,NA,NA,NA,NA,white,64336
2014,female,12,NA,NA,NA,NA,NA,NA,white,61132
2015,female,12,NA,NA,NA,NA,NA,NA,white,58550
2016,female,12,NA,NA,NA,NA,NA,NA,white,56854
2017,female,12,NA,NA,NA,NA,NA,NA,white,55943
2018,female,12,NA,NA,NA,NA,NA,NA,white,56033
2019,female,12,NA,NA,NA,NA,NA,NA,white,57853
2020,female,12,NA,NA,NA,NA,NA,NA,white,61884
2010,female,13,NA,NA,NA,NA,NA,NA,white,73005
2011,female,13,NA,NA,NA,NA,NA,NA,white,71180
2012,female,13,NA,NA,NA,NA,NA,NA,white,69242
2013,female,13,NA,NA,NA,NA,NA,NA,white,66874
2014,female,13,NA,NA,NA,NA,NA,NA,white,63982
2015,female,13,NA,NA,NA,NA,NA,NA,white,60886
2016,female,13,NA,NA,NA,NA,NA,NA,white,58495
2017,female,13,NA,NA,NA,NA,NA,NA,white,57270
2018,female,13,NA,NA,NA,NA,NA,NA,white,57175
2019,female,13,NA,NA,NA,NA,NA,NA,white,58615
2020,female,13,NA,NA,NA,NA,NA,NA,white,62657
2010,female,14,NA,NA,NA,NA,NA,NA,white,75209
2011,female,14,NA,NA,NA,NA,NA,NA,white,72647
2012,female,14,NA,NA,NA,NA,NA,NA,white,70782
2013,female,14,NA,NA,NA,NA,NA,NA,white,68801
2014,female,14,NA,NA,NA,NA,NA,NA,white,66651
2015,female,14,NA,NA,NA,NA,NA,NA,white,63850
2016,female,14,NA,NA,NA,NA,NA,NA,white,60963
2017,female,14,NA,NA,NA,NA,NA,NA,white,59043
2018,female,14,NA,NA,NA,NA,NA,NA,white,58556
2019,female,14,NA,NA,NA,NA,NA,NA,white,59627
2020,female,14,NA,NA,NA,NA,NA,NA,white,62466
2010,female,15,NA,NA,NA,NA,NA,NA,white,78123
2011,female,15,NA,NA,NA,NA,NA,NA,white,74844
2012,female,15,NA,NA,NA,NA,NA,NA,white,72555
2013,female,15,NA,NA,NA,NA,NA,NA,white,70425
2014,female,15,NA,NA,NA,NA,NA,NA,white,68447
2015,female,15,NA,NA,NA,NA,NA,NA,white,66357
2016,female,15,NA,NA,NA,NA,NA,NA,white,63722
2017,female,15,NA,NA,NA,NA,NA,NA,white,61219
2018,female,15,NA,NA,NA,NA,NA,NA,white,59885
2019,female,15,NA,NA,NA,NA,NA,NA,white,60273
2020,female,15,NA,NA,NA,NA,NA,NA,white,62685
2010,female,16,NA,NA,NA,NA,NA,NA,white,79962
2011,female,16,NA,NA,NA,NA,NA,NA,white,77106
2012,female,16,NA,NA,NA,NA,NA,NA,white,74614
2013,female,16,NA,NA,NA,NA,NA,NA,white,72148
2014,female,16,NA,NA,NA,NA,NA,NA,white,70079
2015,female,16,NA,NA,NA,NA,NA,NA,white,68180
2016,female,16,NA,NA,NA,NA,NA,NA,white,66263
2017,female,16,NA,NA,NA,NA,NA,NA,white,64062
2018,female,16,NA,NA,NA,NA,NA,NA,white,62153
2019,female,16,NA,NA,NA,NA,NA,NA,white,61717
2020,female,16,NA,NA,NA,NA,NA,NA,white,64419
2010,female,17,NA,NA,NA,NA,NA,NA,white,81236
2011,female,17,NA,NA,NA,NA,NA,NA,white,79031
2012,female,17,NA,NA,NA,NA,NA,NA,white,76992
2013,female,17,NA,NA,NA,NA,NA,NA,white,74417
2014,female,17,NA,NA,NA,NA,NA,NA,white,71820
2015,female,17,NA,NA,NA,NA,NA,NA,white,69722
2016,female,17,NA,NA,NA,NA,NA,NA,white,67919
2017,female,17,NA,NA,NA,NA,NA,NA,white,66418
2018,female,17,NA,NA,NA,NA,NA,NA,white,64726
2019,female,17,NA,NA,NA,NA,NA,NA,white,63523
2020,female,17,NA,NA,NA,NA,NA,NA,white,63722
2010,female,18,NA,NA,NA,NA,NA,NA,white,84579
2011,female,18,NA,NA,NA,NA,NA,NA,white,81408
2012,female,18,NA,NA,NA,NA,NA,NA,white,78845
2013,female,18,NA,NA,NA,NA,NA,NA,white,76446
2014,female,18,NA,NA,NA,NA,NA,NA,white,74024
2015,female,18,NA,NA,NA,NA,NA,NA,white,71607
2016,female,18,NA,NA,NA,NA,NA,NA,white,69764
2017,female,18,NA,NA,NA,NA,NA,NA,white,68608
2018,female,18,NA,NA,NA,NA,NA,NA,white,67998
2019,female,18,NA,NA,NA,NA,NA,NA,white,67803
2020,female,18,NA,NA,NA,NA,NA,NA,white,67301
2010,female,19,NA,NA,NA,NA,NA,NA,white,87812
2011,female,19,NA,NA,NA,NA,NA,NA,white,83803
2012,female,19,NA,NA,NA,NA,NA,NA,white,81183
2013,female,19,NA,NA,NA,NA,NA,NA,white,78466
2014,female,19,NA,NA,NA,NA,NA,NA,white,76039
2015,female,19,NA,NA,NA,NA,NA,NA,white,73571
2016,female,19,NA,NA,NA,NA,NA,NA,white,71078
2017,female,19,NA,NA,NA,NA,NA,NA,white,69245
2018,female,19,NA,NA,NA,NA,NA,NA,white,67878
2019,female,19,NA,NA,NA,NA,NA,NA,white,66500
2020,female,19,NA,NA,NA,NA,NA,NA,white,64245
2010,female,20,NA,NA,NA,NA,NA,NA,white,88964
2011,female,20,NA,NA,NA,NA,NA,NA,white,86626
2012,female,20,NA,NA,NA,NA,NA,NA,white,84168
2013,female,20,NA,NA,NA,NA,NA,NA,white,81520
2014,female,20,NA,NA,NA,NA,NA,NA,white,78801
2015,female,20,NA,NA,NA,NA,NA,NA,white,76352
2016,female,20,NA,NA,NA,NA,NA,NA,white,73737
2017,female,20,NA,NA,NA,NA,NA,NA,white,71111
2018,female,20,NA,NA,NA,NA,NA,NA,white,68879
2019,female,20,NA,NA,NA,NA,NA,NA,white,66837
2020,female,20,NA,NA,NA,NA,NA,NA,white,64262
2010,female,21,NA,NA,NA,NA,NA,NA,white,87542
2011,female,21,NA,NA,NA,NA,NA,NA,white,87400
2012,female,21,NA,NA,NA,NA,NA,NA,white,86220
2013,female,21,NA,NA,NA,NA,NA,NA,white,83987
2014,female,21,NA,NA,NA,NA,NA,NA,white,81234
2015,female,21,NA,NA,NA,NA,NA,NA,white,78436
2016,female,21,NA,NA,NA,NA,NA,NA,white,75890
2017,female,21,NA,NA,NA,NA,NA,NA,white,73318
2018,female,21,NA,NA,NA,NA,NA,NA,white,70529
2019,female,21,NA,NA,NA,NA,NA,NA,white,67661
2020,female,21,NA,NA,NA,NA,NA,NA,white,65045
2010,female,22,NA,NA,NA,NA,NA,NA,white,87515
2011,female,22,NA,NA,NA,NA,NA,NA,white,87614
2012,female,22,NA,NA,NA,NA,NA,NA,white,86859
2013,female,22,NA,NA,NA,NA,NA,NA,white,85410
2014,female,22,NA,NA,NA,NA,NA,NA,white,83268
2015,female,22,NA,NA,NA,NA,NA,NA,white,80568
2016,female,22,NA,NA,NA,NA,NA,NA,white,77810
2017,female,22,NA,NA,NA,NA,NA,NA,white,75502
2018,female,22,NA,NA,NA,NA,NA,NA,white,73000
2019,female,22,NA,NA,NA,NA,NA,NA,white,69905
2020,female,22,NA,NA,NA,NA,NA,NA,white,66109
2010,female,23,NA,NA,NA,NA,NA,NA,white,89073
2011,female,23,NA,NA,NA,NA,NA,NA,white,87913
2012,female,23,NA,NA,NA,NA,NA,NA,white,87066
2013,female,23,NA,NA,NA,NA,NA,NA,white,86037
2014,female,23,NA,NA,NA,NA,NA,NA,white,84651
2015,female,23,NA,NA,NA,NA,NA,NA,white,82499
2016,female,23,NA,NA,NA,NA,NA,NA,white,79852
2017,female,23,NA,NA,NA,NA,NA,NA,white,77420
2018,female,23,NA,NA,NA,NA,NA,NA,white,75407
2019,female,23,NA,NA,NA,NA,NA,NA,white,72973
2020,female,23,NA,NA,NA,NA,NA,NA,white,70036
2010,female,24,NA,NA,NA,NA,NA,NA,white,91438
2011,female,24,NA,NA,NA,NA,NA,NA,white,89034
2012,female,24,NA,NA,NA,NA,NA,NA,white,87606
2013,female,24,NA,NA,NA,NA,NA,NA,white,86404
2014,female,24,NA,NA,NA,NA,NA,NA,white,85408
2015,female,24,NA,NA,NA,NA,NA,NA,white,84017
2016,female,24,NA,NA,NA,NA,NA,NA,white,81905
2017,female,24,NA,NA,NA,NA,NA,NA,white,79476
2018,female,24,NA,NA,NA,NA,NA,NA,white,77138
2019,female,24,NA,NA,NA,NA,NA,NA,white,74959
2020,female,24,NA,NA,NA,NA,NA,NA,white,73730
2010,female,25,NA,NA,NA,NA,NA,NA,white,94624
2011,female,25,NA,NA,NA,NA,NA,NA,white,91545
2012,female,25,NA,NA,NA,NA,NA,NA,white,89321
2013,female,25,NA,NA,NA,NA,NA,NA,white,87459
2014,female,25,NA,NA,NA,NA,NA,NA,white,86125
2015,female,25,NA,NA,NA,NA,NA,NA,white,85134
2016,female,25,NA,NA,NA,NA,NA,NA,white,83895
2017,female,25,NA,NA,NA,NA,NA,NA,white,82142
2018,female,25,NA,NA,NA,NA,NA,NA,white,80242
2019,female,25,NA,NA,NA,NA,NA,NA,white,78661
2020,female,25,NA,NA,NA,NA,NA,NA,white,77150
2010,female,26,NA,NA,NA,NA,NA,NA,white,91647
2011,female,26,NA,NA,NA,NA,NA,NA,white,92087
2012,female,26,NA,NA,NA,NA,NA,NA,white,91154
2013,female,26,NA,NA,NA,NA,NA,NA,white,89260
2014,female,26,NA,NA,NA,NA,NA,NA,white,87347
2015,female,26,NA,NA,NA,NA,NA,NA,white,86028
2016,female,26,NA,NA,NA,NA,NA,NA,white,85111
2017,female,26,NA,NA,NA,NA,NA,NA,white,84275
2018,female,26,NA,NA,NA,NA,NA,NA,white,83095
2019,female,26,NA,NA,NA,NA,NA,NA,white,82150
2020,female,26,NA,NA,NA,NA,NA,NA,white,79966
2010,female,27,NA,NA,NA,NA,NA,NA,white,93295
2011,female,27,NA,NA,NA,NA,NA,NA,white,93179
2012,female,27,NA,NA,NA,NA,NA,NA,white,92595
2013,female,27,NA,NA,NA,NA,NA,NA,white,91279
2014,female,27,NA,NA,NA,NA,NA,NA,white,89380
2015,female,27,NA,NA,NA,NA,NA,NA,white,87448
2016,female,27,NA,NA,NA,NA,NA,NA,white,86082
2017,female,27,NA,NA,NA,NA,NA,NA,white,85371
2018,female,27,NA,NA,NA,NA,NA,NA,white,84685
2019,female,27,NA,NA,NA,NA,NA,NA,white,83856
2020,female,27,NA,NA,NA,NA,NA,NA,white,82855
2010,female,28,NA,NA,NA,NA,NA,NA,white,92735
2011,female,28,NA,NA,NA,NA,NA,NA,white,92905
2012,female,28,NA,NA,NA,NA,NA,NA,white,92947
2013,female,28,NA,NA,NA,NA,NA,NA,white,92736
2014,female,28,NA,NA,NA,NA,NA,NA,white,91875
2015,female,28,NA,NA,NA,NA,NA,NA,white,90024
2016,female,28,NA,NA,NA,NA,NA,NA,white,88156
2017,female,28,NA,NA,NA,NA,NA,NA,white,87149
2018,female,28,NA,NA,NA,NA,NA,NA,white,87078
2019,female,28,NA,NA,NA,NA,NA,NA,white,87850
2020,female,28,NA,NA,NA,NA,NA,NA,white,88025
2010,female,29,NA,NA,NA,NA,NA,NA,white,91919
2011,female,29,NA,NA,NA,NA,NA,NA,white,93001
2012,female,29,NA,NA,NA,NA,NA,NA,white,93283
2013,female,29,NA,NA,NA,NA,NA,NA,white,93410
2014,female,29,NA,NA,NA,NA,NA,NA,white,93329
2015,female,29,NA,NA,NA,NA,NA,NA,white,92534
2016,female,29,NA,NA,NA,NA,NA,NA,white,90806
2017,female,29,NA,NA,NA,NA,NA,NA,white,89412
2018,female,29,NA,NA,NA,NA,NA,NA,white,89277
2019,female,29,NA,NA,NA,NA,NA,NA,white,91160
2020,female,29,NA,NA,NA,NA,NA,NA,white,94589
2010,female,30,NA,NA,NA,NA,NA,NA,white,92710
2011,female,30,NA,NA,NA,NA,NA,NA,white,93428
2012,female,30,NA,NA,NA,NA,NA,NA,white,93990
2013,female,30,NA,NA,NA,NA,NA,NA,white,94377
2014,female,30,NA,NA,NA,NA,NA,NA,white,94736
2015,female,30,NA,NA,NA,NA,NA,NA,white,94609
2016,female,30,NA,NA,NA,NA,NA,NA,white,93774
2017,female,30,NA,NA,NA,NA,NA,NA,white,92321
2018,female,30,NA,NA,NA,NA,NA,NA,white,91563
2019,female,30,NA,NA,NA,NA,NA,NA,white,93329
2020,female,30,NA,NA,NA,NA,NA,NA,white,96584
2010,female,31,NA,NA,NA,NA,NA,NA,white,84375
2011,female,31,NA,NA,NA,NA,NA,NA,white,90146
2012,female,31,NA,NA,NA,NA,NA,NA,white,93395
2013,female,31,NA,NA,NA,NA,NA,NA,white,95079
2014,female,31,NA,NA,NA,NA,NA,NA,white,95855
2015,female,31,NA,NA,NA,NA,NA,NA,white,96177
2016,female,31,NA,NA,NA,NA,NA,NA,white,95891
2017,female,31,NA,NA,NA,NA,NA,NA,white,94974
2018,female,31,NA,NA,NA,NA,NA,NA,white,93664
2019,female,31,NA,NA,NA,NA,NA,NA,white,93941
2020,female,31,NA,NA,NA,NA,NA,NA,white,94437
2010,female,32,NA,NA,NA,NA,NA,NA,white,84716
2011,female,32,NA,NA,NA,NA,NA,NA,white,88959
2012,female,32,NA,NA,NA,NA,NA,NA,white,92107
2013,female,32,NA,NA,NA,NA,NA,NA,white,94883
2014,female,32,NA,NA,NA,NA,NA,NA,white,96727
2015,female,32,NA,NA,NA,NA,NA,NA,white,97344
2016,female,32,NA,NA,NA,NA,NA,NA,white,97413
2017,female,32,NA,NA,NA,NA,NA,NA,white,96906
2018,female,32,NA,NA,NA,NA,NA,NA,white,95872
2019,female,32,NA,NA,NA,NA,NA,NA,white,95091
2020,female,32,NA,NA,NA,NA,NA,NA,white,93103
2010,female,33,NA,NA,NA,NA,NA,NA,white,81661
2011,female,33,NA,NA,NA,NA,NA,NA,white,85788
2012,female,33,NA,NA,NA,NA,NA,NA,white,89242
2013,female,33,NA,NA,NA,NA,NA,NA,white,93180
2014,female,33,NA,NA,NA,NA,NA,NA,white,96449
2015,female,33,NA,NA,NA,NA,NA,NA,white,98000
2016,female,33,NA,NA,NA,NA,NA,NA,white,98221
2017,female,33,NA,NA,NA,NA,NA,NA,white,97778
2018,female,33,NA,NA,NA,NA,NA,NA,white,96512
2019,female,33,NA,NA,NA,NA,NA,NA,white,94735
2020,female,33,NA,NA,NA,NA,NA,NA,white,91092
2010,female,34,NA,NA,NA,NA,NA,NA,white,80371
2011,female,34,NA,NA,NA,NA,NA,NA,white,83619
2012,female,34,NA,NA,NA,NA,NA,NA,white,86882
2013,female,34,NA,NA,NA,NA,NA,NA,white,90440
2014,female,34,NA,NA,NA,NA,NA,NA,white,94462
2015,female,34,NA,NA,NA,NA,NA,NA,white,97587
2016,female,34,NA,NA,NA,NA,NA,NA,white,98806
2017,female,34,NA,NA,NA,NA,NA,NA,white,98495
2018,female,34,NA,NA,NA,NA,NA,NA,white,97195
2019,female,34,NA,NA,NA,NA,NA,NA,white,95055
2020,female,34,NA,NA,NA,NA,NA,NA,white,91239
2010,female,35,NA,NA,NA,NA,NA,NA,white,83746
2011,female,35,NA,NA,NA,NA,NA,NA,white,83403
2012,female,35,NA,NA,NA,NA,NA,NA,white,84805
2013,female,35,NA,NA,NA,NA,NA,NA,white,87482
2014,female,35,NA,NA,NA,NA,NA,NA,white,91073
2015,female,35,NA,NA,NA,NA,NA,NA,white,94932
2016,female,35,NA,NA,NA,NA,NA,NA,white,97793
2017,female,35,NA,NA,NA,NA,NA,NA,white,98589
2018,female,35,NA,NA,NA,NA,NA,NA,white,97587
2019,female,35,NA,NA,NA,NA,NA,NA,white,95227
2020,female,35,NA,NA,NA,NA,NA,NA,white,90693
2010,female,36,NA,NA,NA,NA,NA,NA,white,78965
2011,female,36,NA,NA,NA,NA,NA,NA,white,81460
2012,female,36,NA,NA,NA,NA,NA,NA,white,83310
2013,female,36,NA,NA,NA,NA,NA,NA,white,85185
2014,female,36,NA,NA,NA,NA,NA,NA,white,87781
2015,female,36,NA,NA,NA,NA,NA,NA,white,91234
2016,female,36,NA,NA,NA,NA,NA,NA,white,94828
2017,female,36,NA,NA,NA,NA,NA,NA,white,97296
2018,female,36,NA,NA,NA,NA,NA,NA,white,97344
2019,female,36,NA,NA,NA,NA,NA,NA,white,94972
2020,female,36,NA,NA,NA,NA,NA,NA,white,88888
2010,female,37,NA,NA,NA,NA,NA,NA,white,82790
2011,female,37,NA,NA,NA,NA,NA,NA,white,82333
2012,female,37,NA,NA,NA,NA,NA,NA,white,82679
2013,female,37,NA,NA,NA,NA,NA,NA,white,83384
2014,female,37,NA,NA,NA,NA,NA,NA,white,84938
2015,female,37,NA,NA,NA,NA,NA,NA,white,87366
2016,female,37,NA,NA,NA,NA,NA,NA,white,90551
2017,female,37,NA,NA,NA,NA,NA,NA,white,93924
2018,female,37,NA,NA,NA,NA,NA,NA,white,95727
2019,female,37,NA,NA,NA,NA,NA,NA,white,94334
2020,female,37,NA,NA,NA,NA,NA,NA,white,89015
2010,female,38,NA,NA,NA,NA,NA,NA,white,89052
2011,female,38,NA,NA,NA,NA,NA,NA,white,84540
2012,female,38,NA,NA,NA,NA,NA,NA,white,82696
2013,female,38,NA,NA,NA,NA,NA,NA,white,82564
2014,female,38,NA,NA,NA,NA,NA,NA,white,83303
2015,female,38,NA,NA,NA,NA,NA,NA,white,84576
2016,female,38,NA,NA,NA,NA,NA,NA,white,86742
2017,female,38,NA,NA,NA,NA,NA,NA,white,89634
2018,female,38,NA,NA,NA,NA,NA,NA,white,92170
2019,female,38,NA,NA,NA,NA,NA,NA,white,92218
2020,female,38,NA,NA,NA,NA,NA,NA,white,87423
2010,female,39,NA,NA,NA,NA,NA,NA,white,100128
2011,female,39,NA,NA,NA,NA,NA,NA,white,90299
2012,female,39,NA,NA,NA,NA,NA,NA,white,85253
2013,female,39,NA,NA,NA,NA,NA,NA,white,82454
2014,female,39,NA,NA,NA,NA,NA,NA,white,82145
2015,female,39,NA,NA,NA,NA,NA,NA,white,82689
2016,female,39,NA,NA,NA,NA,NA,NA,white,83817
2017,female,39,NA,NA,NA,NA,NA,NA,white,85712
2018,female,39,NA,NA,NA,NA,NA,NA,white,87802
2019,female,39,NA,NA,NA,NA,NA,NA,white,88591
2020,female,39,NA,NA,NA,NA,NA,NA,white,86660
2010,female,40,NA,NA,NA,NA,NA,NA,white,105352
2011,female,40,NA,NA,NA,NA,NA,NA,white,96673
2012,female,40,NA,NA,NA,NA,NA,NA,white,90548
2013,female,40,NA,NA,NA,NA,NA,NA,white,85201
2014,female,40,NA,NA,NA,NA,NA,NA,white,81892
2015,female,40,NA,NA,NA,NA,NA,NA,white,81450
2016,female,40,NA,NA,NA,NA,NA,NA,white,82005
2017,female,40,NA,NA,NA,NA,NA,NA,white,83155
2018,female,40,NA,NA,NA,NA,NA,NA,white,84849
2019,female,40,NA,NA,NA,NA,NA,NA,white,86297
2020,female,40,NA,NA,NA,NA,NA,NA,white,84222
2010,female,41,NA,NA,NA,NA,NA,NA,white,98653
2011,female,41,NA,NA,NA,NA,NA,NA,white,98759
2012,female,41,NA,NA,NA,NA,NA,NA,white,95832
2013,female,41,NA,NA,NA,NA,NA,NA,white,90284
2014,female,41,NA,NA,NA,NA,NA,NA,white,84495
2015,female,41,NA,NA,NA,NA,NA,NA,white,81127
2016,female,41,NA,NA,NA,NA,NA,NA,white,80581
2017,female,41,NA,NA,NA,NA,NA,NA,white,81120
2018,female,41,NA,NA,NA,NA,NA,NA,white,81815
2019,female,41,NA,NA,NA,NA,NA,NA,white,82401
2020,female,41,NA,NA,NA,NA,NA,NA,white,80735
2010,female,42,NA,NA,NA,NA,NA,NA,white,97032
2011,female,42,NA,NA,NA,NA,NA,NA,white,99119
2012,female,42,NA,NA,NA,NA,NA,NA,white,98395
2013,female,42,NA,NA,NA,NA,NA,NA,white,95063
2014,female,42,NA,NA,NA,NA,NA,NA,white,89429
2015,female,42,NA,NA,NA,NA,NA,NA,white,83588
2016,female,42,NA,NA,NA,NA,NA,NA,white,80210
2017,female,42,NA,NA,NA,NA,NA,NA,white,79859
2018,female,42,NA,NA,NA,NA,NA,NA,white,80261
2019,female,42,NA,NA,NA,NA,NA,NA,white,80341
2020,female,42,NA,NA,NA,NA,NA,NA,white,79113
2010,female,43,NA,NA,NA,NA,NA,NA,white,99128
2011,female,43,NA,NA,NA,NA,NA,NA,white,98804
2012,female,43,NA,NA,NA,NA,NA,NA,white,98212
2013,female,43,NA,NA,NA,NA,NA,NA,white,97308
2014,female,43,NA,NA,NA,NA,NA,NA,white,94553
2015,female,43,NA,NA,NA,NA,NA,NA,white,88855
2016,female,43,NA,NA,NA,NA,NA,NA,white,82989
2017,female,43,NA,NA,NA,NA,NA,NA,white,79742
2018,female,43,NA,NA,NA,NA,NA,NA,white,79282
2019,female,43,NA,NA,NA,NA,NA,NA,white,79267
2020,female,43,NA,NA,NA,NA,NA,NA,white,76718
2010,female,44,NA,NA,NA,NA,NA,NA,white,101922
2011,female,44,NA,NA,NA,NA,NA,NA,white,99000
2012,female,44,NA,NA,NA,NA,NA,NA,white,97768
2013,female,44,NA,NA,NA,NA,NA,NA,white,97147
2014,female,44,NA,NA,NA,NA,NA,NA,white,96596
2015,female,44,NA,NA,NA,NA,NA,NA,white,93804
2016,female,44,NA,NA,NA,NA,NA,NA,white,88046
2017,female,44,NA,NA,NA,NA,NA,NA,white,82214
2018,female,44,NA,NA,NA,NA,NA,NA,white,78629
2019,female,44,NA,NA,NA,NA,NA,NA,white,77245
2020,female,44,NA,NA,NA,NA,NA,NA,white,75311
2010,female,45,NA,NA,NA,NA,NA,NA,white,114313
2011,female,45,NA,NA,NA,NA,NA,NA,white,104879
2012,female,45,NA,NA,NA,NA,NA,NA,white,100045
2013,female,45,NA,NA,NA,NA,NA,NA,white,97401
2014,female,45,NA,NA,NA,NA,NA,NA,white,96650
2015,female,45,NA,NA,NA,NA,NA,NA,white,96103
2016,female,45,NA,NA,NA,NA,NA,NA,white,93354
2017,female,45,NA,NA,NA,NA,NA,NA,white,87886
2018,female,45,NA,NA,NA,NA,NA,NA,white,82237
2019,female,45,NA,NA,NA,NA,NA,NA,white,78850
2020,female,45,NA,NA,NA,NA,NA,NA,white,76191
2010,female,46,NA,NA,NA,NA,NA,NA,white,117128
2011,female,46,NA,NA,NA,NA,NA,NA,white,109573
2012,female,46,NA,NA,NA,NA,NA,NA,white,104186
2013,female,46,NA,NA,NA,NA,NA,NA,white,99590
2014,female,46,NA,NA,NA,NA,NA,NA,white,96768
2015,female,46,NA,NA,NA,NA,NA,NA,white,95934
2016,female,46,NA,NA,NA,NA,NA,NA,white,95357
2017,female,46,NA,NA,NA,NA,NA,NA,white,92763
2018,female,46,NA,NA,NA,NA,NA,NA,white,87200
2019,female,46,NA,NA,NA,NA,NA,NA,white,81100
2020,female,46,NA,NA,NA,NA,NA,NA,white,74316
2010,female,47,NA,NA,NA,NA,NA,NA,white,120328
2011,female,47,NA,NA,NA,NA,NA,NA,white,114784
2012,female,47,NA,NA,NA,NA,NA,NA,white,109671
2013,female,47,NA,NA,NA,NA,NA,NA,white,103736
2014,female,47,NA,NA,NA,NA,NA,NA,white,98724
2015,female,47,NA,NA,NA,NA,NA,NA,white,95890
2016,female,47,NA,NA,NA,NA,NA,NA,white,95010
2017,female,47,NA,NA,NA,NA,NA,NA,white,94567
2018,female,47,NA,NA,NA,NA,NA,NA,white,91800
2019,female,47,NA,NA,NA,NA,NA,NA,white,85554
2020,female,47,NA,NA,NA,NA,NA,NA,white,76658
2010,female,48,NA,NA,NA,NA,NA,NA,white,123818
2011,female,48,NA,NA,NA,NA,NA,NA,white,119034
2012,female,48,NA,NA,NA,NA,NA,NA,white,114531
2013,female,48,NA,NA,NA,NA,NA,NA,white,109096
2014,female,48,NA,NA,NA,NA,NA,NA,white,103135
2015,female,48,NA,NA,NA,NA,NA,NA,white,98053
2016,female,48,NA,NA,NA,NA,NA,NA,white,95121
2017,female,48,NA,NA,NA,NA,NA,NA,white,94225
2018,female,48,NA,NA,NA,NA,NA,NA,white,93434
2019,female,48,NA,NA,NA,NA,NA,NA,white,89765
2020,female,48,NA,NA,NA,NA,NA,NA,white,83618
2010,female,49,NA,NA,NA,NA,NA,NA,white,127267
2011,female,49,NA,NA,NA,NA,NA,NA,white,122381
2012,female,49,NA,NA,NA,NA,NA,NA,white,118325
2013,female,49,NA,NA,NA,NA,NA,NA,white,113794
2014,female,49,NA,NA,NA,NA,NA,NA,white,108510
2015,female,49,NA,NA,NA,NA,NA,NA,white,102547
2016,female,49,NA,NA,NA,NA,NA,NA,white,97551
2017,female,49,NA,NA,NA,NA,NA,NA,white,94949
2018,female,49,NA,NA,NA,NA,NA,NA,white,94451
2019,female,49,NA,NA,NA,NA,NA,NA,white,94131
2020,female,49,NA,NA,NA,NA,NA,NA,white,93312
2010,female,50,NA,NA,NA,NA,NA,NA,white,130279
2011,female,50,NA,NA,NA,NA,NA,NA,white,125558
2012,female,50,NA,NA,NA,NA,NA,NA,white,121494
2013,female,50,NA,NA,NA,NA,NA,NA,white,117257
2014,female,50,NA,NA,NA,NA,NA,NA,white,112858
2015,female,50,NA,NA,NA,NA,NA,NA,white,107716
2016,female,50,NA,NA,NA,NA,NA,NA,white,101820
2017,female,50,NA,NA,NA,NA,NA,NA,white,97107
2018,female,50,NA,NA,NA,NA,NA,NA,white,94755
2019,female,50,NA,NA,NA,NA,NA,NA,white,94353
2020,female,50,NA,NA,NA,NA,NA,NA,white,93881
2010,female,51,NA,NA,NA,NA,NA,NA,white,124617
2011,female,51,NA,NA,NA,NA,NA,NA,white,125851
2012,female,51,NA,NA,NA,NA,NA,NA,white,124398
2013,female,51,NA,NA,NA,NA,NA,NA,white,120920
2014,female,51,NA,NA,NA,NA,NA,NA,white,116606
2015,female,51,NA,NA,NA,NA,NA,NA,white,112177
2016,female,51,NA,NA,NA,NA,NA,NA,white,107023
2017,female,51,NA,NA,NA,NA,NA,NA,white,101311
2018,female,51,NA,NA,NA,NA,NA,NA,white,96678
2019,female,51,NA,NA,NA,NA,NA,NA,white,94143
2020,female,51,NA,NA,NA,NA,NA,NA,white,91871
2010,female,52,NA,NA,NA,NA,NA,NA,white,128592
2011,female,52,NA,NA,NA,NA,NA,NA,white,126630
2012,female,52,NA,NA,NA,NA,NA,NA,white,125005
2013,female,52,NA,NA,NA,NA,NA,NA,white,122698
2014,female,52,NA,NA,NA,NA,NA,NA,white,119267
2015,female,52,NA,NA,NA,NA,NA,NA,white,115009
2016,female,52,NA,NA,NA,NA,NA,NA,white,110636
2017,female,52,NA,NA,NA,NA,NA,NA,white,105777
2018,female,52,NA,NA,NA,NA,NA,NA,white,100099
2019,female,52,NA,NA,NA,NA,NA,NA,white,94667
2020,female,52,NA,NA,NA,NA,NA,NA,white,89439
2010,female,53,NA,NA,NA,NA,NA,NA,white,127118
2011,female,53,NA,NA,NA,NA,NA,NA,white,126256
2012,female,53,NA,NA,NA,NA,NA,NA,white,124973
2013,female,53,NA,NA,NA,NA,NA,NA,white,123515
2014,female,53,NA,NA,NA,NA,NA,NA,white,121525
2015,female,53,NA,NA,NA,NA,NA,NA,white,118156
2016,female,53,NA,NA,NA,NA,NA,NA,white,113985
2017,female,53,NA,NA,NA,NA,NA,NA,white,109869
2018,female,53,NA,NA,NA,NA,NA,NA,white,105049
2019,female,53,NA,NA,NA,NA,NA,NA,white,98999
2020,female,53,NA,NA,NA,NA,NA,NA,white,91982
2010,female,54,NA,NA,NA,NA,NA,NA,white,125454
2011,female,54,NA,NA,NA,NA,NA,NA,white,125432
2012,female,54,NA,NA,NA,NA,NA,NA,white,125108
2013,female,54,NA,NA,NA,NA,NA,NA,white,123757
2014,female,54,NA,NA,NA,NA,NA,NA,white,122248
2015,female,54,NA,NA,NA,NA,NA,NA,white,120283
2016,female,54,NA,NA,NA,NA,NA,NA,white,116824
2017,female,54,NA,NA,NA,NA,NA,NA,white,112670
2018,female,54,NA,NA,NA,NA,NA,NA,white,108187
2019,female,54,NA,NA,NA,NA,NA,NA,white,102208
2020,female,54,NA,NA,NA,NA,NA,NA,white,94230
2010,female,55,NA,NA,NA,NA,NA,NA,white,126835
2011,female,55,NA,NA,NA,NA,NA,NA,white,126058
2012,female,55,NA,NA,NA,NA,NA,NA,white,125084
2013,female,55,NA,NA,NA,NA,NA,NA,white,124014
2014,female,55,NA,NA,NA,NA,NA,NA,white,122690
2015,female,55,NA,NA,NA,NA,NA,NA,white,121173
2016,female,55,NA,NA,NA,NA,NA,NA,white,119174
2017,female,55,NA,NA,NA,NA,NA,NA,white,115802
2018,female,55,NA,NA,NA,NA,NA,NA,white,111451
2019,female,55,NA,NA,NA,NA,NA,NA,white,106215
2020,female,55,NA,NA,NA,NA,NA,NA,white,102189
2010,female,56,NA,NA,NA,NA,NA,NA,white,122404
2011,female,56,NA,NA,NA,NA,NA,NA,white,123886
2012,female,56,NA,NA,NA,NA,NA,NA,white,124368
2013,female,56,NA,NA,NA,NA,NA,NA,white,123892
2014,female,56,NA,NA,NA,NA,NA,NA,white,122885
2015,female,56,NA,NA,NA,NA,NA,NA,white,121532
2016,female,56,NA,NA,NA,NA,NA,NA,white,119979
2017,female,56,NA,NA,NA,NA,NA,NA,white,118197
2018,female,56,NA,NA,NA,NA,NA,NA,white,114799
2019,female,56,NA,NA,NA,NA,NA,NA,white,110046
2020,female,56,NA,NA,NA,NA,NA,NA,white,105965
2010,female,57,NA,NA,NA,NA,NA,NA,white,120984
2011,female,57,NA,NA,NA,NA,NA,NA,white,122201
2012,female,57,NA,NA,NA,NA,NA,NA,white,122630
2013,female,57,NA,NA,NA,NA,NA,NA,white,122445
2014,female,57,NA,NA,NA,NA,NA,NA,white,121892
2015,female,57,NA,NA,NA,NA,NA,NA,white,120997
2016,female,57,NA,NA,NA,NA,NA,NA,white,119715
2017,female,57,NA,NA,NA,NA,NA,NA,white,118581
2018,female,57,NA,NA,NA,NA,NA,NA,white,116918
2019,female,57,NA,NA,NA,NA,NA,NA,white,112993
2020,female,57,NA,NA,NA,NA,NA,NA,white,107950
2010,female,58,NA,NA,NA,NA,NA,NA,white,116455
2011,female,58,NA,NA,NA,NA,NA,NA,white,119023
2012,female,58,NA,NA,NA,NA,NA,NA,white,120336
2013,female,58,NA,NA,NA,NA,NA,NA,white,120612
2014,female,58,NA,NA,NA,NA,NA,NA,white,120532
2015,female,58,NA,NA,NA,NA,NA,NA,white,120026
2016,female,58,NA,NA,NA,NA,NA,NA,white,119232
2017,female,58,NA,NA,NA,NA,NA,NA,white,118290
2018,female,58,NA,NA,NA,NA,NA,NA,white,117252
2019,female,58,NA,NA,NA,NA,NA,NA,white,114987
2020,female,58,NA,NA,NA,NA,NA,NA,white,111580
2010,female,59,NA,NA,NA,NA,NA,NA,white,112806
2011,female,59,NA,NA,NA,NA,NA,NA,white,115835
2012,female,59,NA,NA,NA,NA,NA,NA,white,117612
2013,female,59,NA,NA,NA,NA,NA,NA,white,118451
2014,female,59,NA,NA,NA,NA,NA,NA,white,118666
2015,female,59,NA,NA,NA,NA,NA,NA,white,118562
2016,female,59,NA,NA,NA,NA,NA,NA,white,118131
2017,female,59,NA,NA,NA,NA,NA,NA,white,117588
2018,female,59,NA,NA,NA,NA,NA,NA,white,116576
2019,female,59,NA,NA,NA,NA,NA,NA,white,114620
2020,female,59,NA,NA,NA,NA,NA,NA,white,112126
2010,female,60,NA,NA,NA,NA,NA,NA,white,113924
2011,female,60,NA,NA,NA,NA,NA,NA,white,114222
2012,female,60,NA,NA,NA,NA,NA,NA,white,114829
2013,female,60,NA,NA,NA,NA,NA,NA,white,115770
2014,female,60,NA,NA,NA,NA,NA,NA,white,116627
2015,female,60,NA,NA,NA,NA,NA,NA,white,116775
2016,female,60,NA,NA,NA,NA,NA,NA,white,116721
2017,female,60,NA,NA,NA,NA,NA,NA,white,116623
2018,female,60,NA,NA,NA,NA,NA,NA,white,116115
2019,female,60,NA,NA,NA,NA,NA,NA,white,114407
2020,female,60,NA,NA,NA,NA,NA,NA,white,110965
2010,female,61,NA,NA,NA,NA,NA,NA,white,110064
2011,female,61,NA,NA,NA,NA,NA,NA,white,110880
2012,female,61,NA,NA,NA,NA,NA,NA,white,111884
2013,female,61,NA,NA,NA,NA,NA,NA,white,112477
2014,female,61,NA,NA,NA,NA,NA,NA,white,113451
2015,female,61,NA,NA,NA,NA,NA,NA,white,114312
2016,female,61,NA,NA,NA,NA,NA,NA,white,114534
2017,female,61,NA,NA,NA,NA,NA,NA,white,114757
2018,female,61,NA,NA,NA,NA,NA,NA,white,114458
2019,female,61,NA,NA,NA,NA,NA,NA,white,112762
2020,female,61,NA,NA,NA,NA,NA,NA,white,109951
2010,female,62,NA,NA,NA,NA,NA,NA,white,114997
2011,female,62,NA,NA,NA,NA,NA,NA,white,111314
2012,female,62,NA,NA,NA,NA,NA,NA,white,109875
2013,female,62,NA,NA,NA,NA,NA,NA,white,109257
2014,female,62,NA,NA,NA,NA,NA,NA,white,109604
2015,female,62,NA,NA,NA,NA,NA,NA,white,110699
2016,female,62,NA,NA,NA,NA,NA,NA,white,111790
2017,female,62,NA,NA,NA,NA,NA,NA,white,112534
2018,female,62,NA,NA,NA,NA,NA,NA,white,112982
2019,female,62,NA,NA,NA,NA,NA,NA,white,112065
2020,female,62,NA,NA,NA,NA,NA,NA,white,110978
2010,female,63,NA,NA,NA,NA,NA,NA,white,115015
2011,female,63,NA,NA,NA,NA,NA,NA,white,111443
2012,female,63,NA,NA,NA,NA,NA,NA,white,109199
2013,female,63,NA,NA,NA,NA,NA,NA,white,107503
2014,female,63,NA,NA,NA,NA,NA,NA,white,106839
2015,female,63,NA,NA,NA,NA,NA,NA,white,107187
2016,female,63,NA,NA,NA,NA,NA,NA,white,108374
2017,female,63,NA,NA,NA,NA,NA,NA,white,109770
2018,female,63,NA,NA,NA,NA,NA,NA,white,110566
2019,female,63,NA,NA,NA,NA,NA,NA,white,110195
2020,female,63,NA,NA,NA,NA,NA,NA,white,108846
2010,female,64,NA,NA,NA,NA,NA,NA,white,86859
2011,female,64,NA,NA,NA,NA,NA,NA,white,101946
2012,female,64,NA,NA,NA,NA,NA,NA,white,107281
2013,female,64,NA,NA,NA,NA,NA,NA,white,106920
2014,female,64,NA,NA,NA,NA,NA,NA,white,104859
2015,female,64,NA,NA,NA,NA,NA,NA,white,104191
2016,female,64,NA,NA,NA,NA,NA,NA,white,104697
2017,female,64,NA,NA,NA,NA,NA,NA,white,106328
2018,female,64,NA,NA,NA,NA,NA,NA,white,107800
2019,female,64,NA,NA,NA,NA,NA,NA,white,107743
2020,female,64,NA,NA,NA,NA,NA,NA,white,106587
2010,female,65,NA,NA,NA,NA,NA,NA,white,88482
2011,female,65,NA,NA,NA,NA,NA,NA,white,96384
2012,female,65,NA,NA,NA,NA,NA,NA,white,101542
2013,female,65,NA,NA,NA,NA,NA,NA,white,104395
2014,female,65,NA,NA,NA,NA,NA,NA,white,104000
2015,female,65,NA,NA,NA,NA,NA,NA,white,102076
2016,female,65,NA,NA,NA,NA,NA,NA,white,101662
2017,female,65,NA,NA,NA,NA,NA,NA,white,102749
2018,female,65,NA,NA,NA,NA,NA,NA,white,104652
2019,female,65,NA,NA,NA,NA,NA,NA,white,105723
2020,female,65,NA,NA,NA,NA,NA,NA,white,105683
2010,female,66,NA,NA,NA,NA,NA,NA,white,85274
2011,female,66,NA,NA,NA,NA,NA,NA,white,88116
2012,female,66,NA,NA,NA,NA,NA,NA,white,91936
2013,female,66,NA,NA,NA,NA,NA,NA,white,97322
2014,female,66,NA,NA,NA,NA,NA,NA,white,101500
2015,female,66,NA,NA,NA,NA,NA,NA,white,101270
2016,female,66,NA,NA,NA,NA,NA,NA,white,99579
2017,female,66,NA,NA,NA,NA,NA,NA,white,99673
2018,female,66,NA,NA,NA,NA,NA,NA,white,101009
2019,female,66,NA,NA,NA,NA,NA,NA,white,102484
2020,female,66,NA,NA,NA,NA,NA,NA,white,103440
2010,female,67,NA,NA,NA,NA,NA,NA,white,86437
2011,female,67,NA,NA,NA,NA,NA,NA,white,85282
2012,female,67,NA,NA,NA,NA,NA,NA,white,86540
2013,female,67,NA,NA,NA,NA,NA,NA,white,89137
2014,female,67,NA,NA,NA,NA,NA,NA,white,94168
2015,female,67,NA,NA,NA,NA,NA,NA,white,98425
2016,female,67,NA,NA,NA,NA,NA,NA,white,98516
2017,female,67,NA,NA,NA,NA,NA,NA,white,97532
2018,female,67,NA,NA,NA,NA,NA,NA,white,98235
2019,female,67,NA,NA,NA,NA,NA,NA,white,99482
2020,female,67,NA,NA,NA,NA,NA,NA,white,101316
2010,female,68,NA,NA,NA,NA,NA,NA,white,74302
2011,female,68,NA,NA,NA,NA,NA,NA,white,79937
2012,female,68,NA,NA,NA,NA,NA,NA,white,82656
2013,female,68,NA,NA,NA,NA,NA,NA,white,84002
2014,female,68,NA,NA,NA,NA,NA,NA,white,86159
2015,female,68,NA,NA,NA,NA,NA,NA,white,91323
2016,female,68,NA,NA,NA,NA,NA,NA,white,95804
2017,female,68,NA,NA,NA,NA,NA,NA,white,96573
2018,female,68,NA,NA,NA,NA,NA,NA,white,96277
2019,female,68,NA,NA,NA,NA,NA,NA,white,97156
2020,female,68,NA,NA,NA,NA,NA,NA,white,98638
2010,female,69,NA,NA,NA,NA,NA,NA,white,68718
2011,female,69,NA,NA,NA,NA,NA,NA,white,74794
2012,female,69,NA,NA,NA,NA,NA,NA,white,78286
2013,female,69,NA,NA,NA,NA,NA,NA,white,80032
2014,female,69,NA,NA,NA,NA,NA,NA,white,81042
2015,female,69,NA,NA,NA,NA,NA,NA,white,83277
2016,female,69,NA,NA,NA,NA,NA,NA,white,88473
2017,female,69,NA,NA,NA,NA,NA,NA,white,93467
2018,female,69,NA,NA,NA,NA,NA,NA,white,94482
2019,female,69,NA,NA,NA,NA,NA,NA,white,93533
2020,female,69,NA,NA,NA,NA,NA,NA,white,92720
2010,female,70,NA,NA,NA,NA,NA,NA,white,66224
2011,female,70,NA,NA,NA,NA,NA,NA,white,69433
2012,female,70,NA,NA,NA,NA,NA,NA,white,72188
2013,female,70,NA,NA,NA,NA,NA,NA,white,75134
2014,female,70,NA,NA,NA,NA,NA,NA,white,77213
2015,female,70,NA,NA,NA,NA,NA,NA,white,78371
2016,female,70,NA,NA,NA,NA,NA,NA,white,80765
2017,female,70,NA,NA,NA,NA,NA,NA,white,86462
2018,female,70,NA,NA,NA,NA,NA,NA,white,91861
2019,female,70,NA,NA,NA,NA,NA,NA,white,92789
2020,female,70,NA,NA,NA,NA,NA,NA,white,91678
2010,female,71,NA,NA,NA,NA,NA,NA,white,63698
2011,female,71,NA,NA,NA,NA,NA,NA,white,65017
2012,female,71,NA,NA,NA,NA,NA,NA,white,66822
2013,female,71,NA,NA,NA,NA,NA,NA,white,69137
2014,female,71,NA,NA,NA,NA,NA,NA,white,72102
2015,female,71,NA,NA,NA,NA,NA,NA,white,74346
2016,female,71,NA,NA,NA,NA,NA,NA,white,75671
2017,female,71,NA,NA,NA,NA,NA,NA,white,78545
2018,female,71,NA,NA,NA,NA,NA,NA,white,84521
2019,female,71,NA,NA,NA,NA,NA,NA,white,89550
2020,female,71,NA,NA,NA,NA,NA,NA,white,90528
2010,female,72,NA,NA,NA,NA,NA,NA,white,61363
2011,female,72,NA,NA,NA,NA,NA,NA,white,61993
2012,female,72,NA,NA,NA,NA,NA,NA,white,63000
2013,female,72,NA,NA,NA,NA,NA,NA,white,63921
2014,female,72,NA,NA,NA,NA,NA,NA,white,65842
2015,female,72,NA,NA,NA,NA,NA,NA,white,68955
2016,female,72,NA,NA,NA,NA,NA,NA,white,71490
2017,female,72,NA,NA,NA,NA,NA,NA,white,73645
2018,female,72,NA,NA,NA,NA,NA,NA,white,77379
2019,female,72,NA,NA,NA,NA,NA,NA,white,83695
2020,female,72,NA,NA,NA,NA,NA,NA,white,92867
2010,female,73,NA,NA,NA,NA,NA,NA,white,57836
2011,female,73,NA,NA,NA,NA,NA,NA,white,59176
2012,female,73,NA,NA,NA,NA,NA,NA,white,59957
2013,female,73,NA,NA,NA,NA,NA,NA,white,60392
2014,female,73,NA,NA,NA,NA,NA,NA,white,61178
2015,female,73,NA,NA,NA,NA,NA,NA,white,63385
2016,female,73,NA,NA,NA,NA,NA,NA,white,67143
2017,female,73,NA,NA,NA,NA,NA,NA,white,71116
2018,female,73,NA,NA,NA,NA,NA,NA,white,75420
2019,female,73,NA,NA,NA,NA,NA,NA,white,82475
2020,female,73,NA,NA,NA,NA,NA,NA,white,94163
2010,female,74,NA,NA,NA,NA,NA,NA,white,55916
2011,female,74,NA,NA,NA,NA,NA,NA,white,56535
2012,female,74,NA,NA,NA,NA,NA,NA,white,56963
2013,female,74,NA,NA,NA,NA,NA,NA,white,57112
2014,female,74,NA,NA,NA,NA,NA,NA,white,57400
2015,female,74,NA,NA,NA,NA,NA,NA,white,58122
2016,female,74,NA,NA,NA,NA,NA,NA,white,60308
2017,female,74,NA,NA,NA,NA,NA,NA,white,64203
2018,female,74,NA,NA,NA,NA,NA,NA,white,67864
2019,female,74,NA,NA,NA,NA,NA,NA,white,70656
2020,female,74,NA,NA,NA,NA,NA,NA,white,68096
2010,female,75,NA,NA,NA,NA,NA,NA,white,55090
2011,female,75,NA,NA,NA,NA,NA,NA,white,54410
2012,female,75,NA,NA,NA,NA,NA,NA,white,54260
2013,female,75,NA,NA,NA,NA,NA,NA,white,54150
2014,female,75,NA,NA,NA,NA,NA,NA,white,54280
2015,female,75,NA,NA,NA,NA,NA,NA,white,54668
2016,female,75,NA,NA,NA,NA,NA,NA,white,55587
2017,female,75,NA,NA,NA,NA,NA,NA,white,58118
2018,female,75,NA,NA,NA,NA,NA,NA,white,62228
2019,female,75,NA,NA,NA,NA,NA,NA,white,65710
2020,female,75,NA,NA,NA,NA,NA,NA,white,68059
2010,female,76,NA,NA,NA,NA,NA,NA,white,50992
2011,female,76,NA,NA,NA,NA,NA,NA,white,51862
2012,female,76,NA,NA,NA,NA,NA,NA,white,52089
2013,female,76,NA,NA,NA,NA,NA,NA,white,51775
2014,female,76,NA,NA,NA,NA,NA,NA,white,51567
2015,female,76,NA,NA,NA,NA,NA,NA,white,51783
2016,female,76,NA,NA,NA,NA,NA,NA,white,52374
2017,female,76,NA,NA,NA,NA,NA,NA,white,53809
2018,female,76,NA,NA,NA,NA,NA,NA,white,56991
2019,female,76,NA,NA,NA,NA,NA,NA,white,61644
2020,female,76,NA,NA,NA,NA,NA,NA,white,66909
2010,female,77,NA,NA,NA,NA,NA,NA,white,51104
2011,female,77,NA,NA,NA,NA,NA,NA,white,50306
2012,female,77,NA,NA,NA,NA,NA,NA,white,49849
2013,female,77,NA,NA,NA,NA,NA,NA,white,49261
2014,female,77,NA,NA,NA,NA,NA,NA,white,48889
2015,female,77,NA,NA,NA,NA,NA,NA,white,48954
2016,female,77,NA,NA,NA,NA,NA,NA,white,49582
2017,female,77,NA,NA,NA,NA,NA,NA,white,51087
2018,female,77,NA,NA,NA,NA,NA,NA,white,53739
2019,female,77,NA,NA,NA,NA,NA,NA,white,58547
2020,female,77,NA,NA,NA,NA,NA,NA,white,65951
2010,female,78,NA,NA,NA,NA,NA,NA,white,49985
2011,female,78,NA,NA,NA,NA,NA,NA,white,48626
2012,female,78,NA,NA,NA,NA,NA,NA,white,47735
2013,female,78,NA,NA,NA,NA,NA,NA,white,47065
2014,female,78,NA,NA,NA,NA,NA,NA,white,46575
2015,female,78,NA,NA,NA,NA,NA,NA,white,46342
2016,female,78,NA,NA,NA,NA,NA,NA,white,46563
2017,female,78,NA,NA,NA,NA,NA,NA,white,47765
2018,female,78,NA,NA,NA,NA,NA,NA,white,49811
2019,female,78,NA,NA,NA,NA,NA,NA,white,52910
2020,female,78,NA,NA,NA,NA,NA,NA,white,55824
2010,female,79,NA,NA,NA,NA,NA,NA,white,50569
2011,female,79,NA,NA,NA,NA,NA,NA,white,48024
2012,female,79,NA,NA,NA,NA,NA,NA,white,46465
2013,female,79,NA,NA,NA,NA,NA,NA,white,45104
2014,female,79,NA,NA,NA,NA,NA,NA,white,44353
2015,female,79,NA,NA,NA,NA,NA,NA,white,43998
2016,female,79,NA,NA,NA,NA,NA,NA,white,43921
2017,female,79,NA,NA,NA,NA,NA,NA,white,44579
2018,female,79,NA,NA,NA,NA,NA,NA,white,46179
2019,female,79,NA,NA,NA,NA,NA,NA,white,48426
2020,female,79,NA,NA,NA,NA,NA,NA,white,50359
2010,female,80,NA,NA,NA,NA,NA,NA,white,49535
2011,female,80,NA,NA,NA,NA,NA,NA,white,47297
2012,female,80,NA,NA,NA,NA,NA,NA,white,45542
2013,female,80,NA,NA,NA,NA,NA,NA,white,43732
2014,female,80,NA,NA,NA,NA,NA,NA,white,42351
2015,female,80,NA,NA,NA,NA,NA,NA,white,41706
2016,female,80,NA,NA,NA,NA,NA,NA,white,41537
2017,female,80,NA,NA,NA,NA,NA,NA,white,41874
2018,female,80,NA,NA,NA,NA,NA,NA,white,42877
2019,female,80,NA,NA,NA,NA,NA,NA,white,44697
2020,female,80,NA,NA,NA,NA,NA,NA,white,46600
2010,female,81,NA,NA,NA,NA,NA,NA,white,46551
2011,female,81,NA,NA,NA,NA,NA,NA,white,45768
2012,female,81,NA,NA,NA,NA,NA,NA,white,44740
2013,female,81,NA,NA,NA,NA,NA,NA,white,42972
2014,female,81,NA,NA,NA,NA,NA,NA,white,41136
2015,female,81,NA,NA,NA,NA,NA,NA,white,39898
2016,female,81,NA,NA,NA,NA,NA,NA,white,39429
2017,female,81,NA,NA,NA,NA,NA,NA,white,39613
2018,female,81,NA,NA,NA,NA,NA,NA,white,40444
2019,female,81,NA,NA,NA,NA,NA,NA,white,42027
2020,female,81,NA,NA,NA,NA,NA,NA,white,44540
2010,female,82,NA,NA,NA,NA,NA,NA,white,46689
2011,female,82,NA,NA,NA,NA,NA,NA,white,44811
2012,female,82,NA,NA,NA,NA,NA,NA,white,43272
2013,female,82,NA,NA,NA,NA,NA,NA,white,41721
2014,female,82,NA,NA,NA,NA,NA,NA,white,40010
2015,female,82,NA,NA,NA,NA,NA,NA,white,38321
2016,female,82,NA,NA,NA,NA,NA,NA,white,37243
2017,female,82,NA,NA,NA,NA,NA,NA,white,37239
2018,female,82,NA,NA,NA,NA,NA,NA,white,37989
2019,female,82,NA,NA,NA,NA,NA,NA,white,39331
2020,female,82,NA,NA,NA,NA,NA,NA,white,41213
2010,female,83,NA,NA,NA,NA,NA,NA,white,45253
2011,female,83,NA,NA,NA,NA,NA,NA,white,43195
2012,female,83,NA,NA,NA,NA,NA,NA,white,41714
2013,female,83,NA,NA,NA,NA,NA,NA,white,40199
2014,female,83,NA,NA,NA,NA,NA,NA,white,38733
2015,female,83,NA,NA,NA,NA,NA,NA,white,37118
2016,female,83,NA,NA,NA,NA,NA,NA,white,35610
2017,female,83,NA,NA,NA,NA,NA,NA,white,34901
2018,female,83,NA,NA,NA,NA,NA,NA,white,35217
2019,female,83,NA,NA,NA,NA,NA,NA,white,36180
2020,female,83,NA,NA,NA,NA,NA,NA,white,37218
2010,female,84,NA,NA,NA,NA,NA,NA,white,44071
2011,female,84,NA,NA,NA,NA,NA,NA,white,42139
2012,female,84,NA,NA,NA,NA,NA,NA,white,40444
2013,female,84,NA,NA,NA,NA,NA,NA,white,38664
2014,female,84,NA,NA,NA,NA,NA,NA,white,37109
2015,female,84,NA,NA,NA,NA,NA,NA,white,35789
2016,female,84,NA,NA,NA,NA,NA,NA,white,34352
2017,female,84,NA,NA,NA,NA,NA,NA,white,33154
2018,female,84,NA,NA,NA,NA,NA,NA,white,32782
2019,female,84,NA,NA,NA,NA,NA,NA,white,33361
2020,female,84,NA,NA,NA,NA,NA,NA,white,34665
2010,female,85,NA,NA,NA,NA,NA,NA,white,42512
2011,female,85,NA,NA,NA,NA,NA,NA,white,40348
2012,female,85,NA,NA,NA,NA,NA,NA,white,38873
2013,female,85,NA,NA,NA,NA,NA,NA,white,37142
2014,female,85,NA,NA,NA,NA,NA,NA,white,35466
2015,female,85,NA,NA,NA,NA,NA,NA,white,34031
2016,female,85,NA,NA,NA,NA,NA,NA,white,32903
2017,female,85,NA,NA,NA,NA,NA,NA,white,31893
2018,female,85,NA,NA,NA,NA,NA,NA,white,31174
2019,female,85,NA,NA,NA,NA,NA,NA,white,31300
2020,female,85,NA,NA,NA,NA,NA,NA,white,35161
2010,female,86,NA,NA,NA,NA,NA,NA,white,39194
2011,female,86,NA,NA,NA,NA,NA,NA,white,38118
2012,female,86,NA,NA,NA,NA,NA,NA,white,36835
2013,female,86,NA,NA,NA,NA,NA,NA,white,35289
2014,female,86,NA,NA,NA,NA,NA,NA,white,33641
2015,female,86,NA,NA,NA,NA,NA,NA,white,32129
2016,female,86,NA,NA,NA,NA,NA,NA,white,30857
2017,female,86,NA,NA,NA,NA,NA,NA,white,30030
2018,female,86,NA,NA,NA,NA,NA,NA,white,29286
2019,female,86,NA,NA,NA,NA,NA,NA,white,28600
2020,female,86,NA,NA,NA,NA,NA,NA,white,30596
2010,female,87,NA,NA,NA,NA,NA,NA,white,35055
2011,female,87,NA,NA,NA,NA,NA,NA,white,35139
2012,female,87,NA,NA,NA,NA,NA,NA,white,34477
2013,female,87,NA,NA,NA,NA,NA,NA,white,33242
2014,female,87,NA,NA,NA,NA,NA,NA,white,31765
2015,female,87,NA,NA,NA,NA,NA,NA,white,30242
2016,female,87,NA,NA,NA,NA,NA,NA,white,28887
2017,female,87,NA,NA,NA,NA,NA,NA,white,27915
2018,female,87,NA,NA,NA,NA,NA,NA,white,27397
2019,female,87,NA,NA,NA,NA,NA,NA,white,26895
2020,female,87,NA,NA,NA,NA,NA,NA,white,28836
2010,female,88,NA,NA,NA,NA,NA,NA,white,32294
2011,female,88,NA,NA,NA,NA,NA,NA,white,31886
2012,female,88,NA,NA,NA,NA,NA,NA,white,31407
2013,female,88,NA,NA,NA,NA,NA,NA,white,30582
2014,female,88,NA,NA,NA,NA,NA,NA,white,29455
2015,female,88,NA,NA,NA,NA,NA,NA,white,28133
2016,female,88,NA,NA,NA,NA,NA,NA,white,26813
2017,female,88,NA,NA,NA,NA,NA,NA,white,25782
2018,female,88,NA,NA,NA,NA,NA,NA,white,25059
2019,female,88,NA,NA,NA,NA,NA,NA,white,24623
2020,female,88,NA,NA,NA,NA,NA,NA,white,26509
2010,female,89,NA,NA,NA,NA,NA,NA,white,28004
2011,female,89,NA,NA,NA,NA,NA,NA,white,28082
2012,female,89,NA,NA,NA,NA,NA,NA,white,27790
2013,female,89,NA,NA,NA,NA,NA,NA,white,27297
2014,female,89,NA,NA,NA,NA,NA,NA,white,26657
2015,female,89,NA,NA,NA,NA,NA,NA,white,25772
2016,female,89,NA,NA,NA,NA,NA,NA,white,24656
2017,female,89,NA,NA,NA,NA,NA,NA,white,23650
2018,female,89,NA,NA,NA,NA,NA,NA,white,23021
2019,female,89,NA,NA,NA,NA,NA,NA,white,22602
2020,female,89,NA,NA,NA,NA,NA,NA,white,24751
2010,female,90,NA,NA,NA,NA,NA,NA,white,22421
2011,female,90,NA,NA,NA,NA,NA,NA,white,22764
2012,female,90,NA,NA,NA,NA,NA,NA,white,22483
2013,female,90,NA,NA,NA,NA,NA,NA,white,22232
2014,female,90,NA,NA,NA,NA,NA,NA,white,21984
2015,female,90,NA,NA,NA,NA,NA,NA,white,21695
2016,female,90,NA,NA,NA,NA,NA,NA,white,21431
2017,female,90,NA,NA,NA,NA,NA,NA,white,21244
2018,female,90,NA,NA,NA,NA,NA,NA,white,20944
2019,female,90,NA,NA,NA,NA,NA,NA,white,20726
2020,female,90,NA,NA,NA,NA,NA,NA,white,22106
2010,female,91,NA,NA,NA,NA,NA,NA,white,18054
2011,female,91,NA,NA,NA,NA,NA,NA,white,18297
2012,female,91,NA,NA,NA,NA,NA,NA,white,18199
2013,female,91,NA,NA,NA,NA,NA,NA,white,18071
2014,female,91,NA,NA,NA,NA,NA,NA,white,17988
2015,female,91,NA,NA,NA,NA,NA,NA,white,17912
2016,female,91,NA,NA,NA,NA,NA,NA,white,17782
2017,female,91,NA,NA,NA,NA,NA,NA,white,17693
2018,female,91,NA,NA,NA,NA,NA,NA,white,17640
2019,female,91,NA,NA,NA,NA,NA,NA,white,17502
2020,female,91,NA,NA,NA,NA,NA,NA,white,18820
2010,female,92,NA,NA,NA,NA,NA,NA,white,14946
2011,female,92,NA,NA,NA,NA,NA,NA,white,15135
2012,female,92,NA,NA,NA,NA,NA,NA,white,15173
2013,female,92,NA,NA,NA,NA,NA,NA,white,15186
2014,female,92,NA,NA,NA,NA,NA,NA,white,15200
2015,female,92,NA,NA,NA,NA,NA,NA,white,15258
2016,female,92,NA,NA,NA,NA,NA,NA,white,15285
2017,female,92,NA,NA,NA,NA,NA,NA,white,15299
2018,female,92,NA,NA,NA,NA,NA,NA,white,15357
2019,female,92,NA,NA,NA,NA,NA,NA,white,15429
2020,female,92,NA,NA,NA,NA,NA,NA,white,17028
2010,female,93,NA,NA,NA,NA,NA,NA,white,11903
2011,female,93,NA,NA,NA,NA,NA,NA,white,12135
2012,female,93,NA,NA,NA,NA,NA,NA,white,12230
2013,female,93,NA,NA,NA,NA,NA,NA,white,12333
2014,female,93,NA,NA,NA,NA,NA,NA,white,12444
2015,female,93,NA,NA,NA,NA,NA,NA,white,12545
2016,female,93,NA,NA,NA,NA,NA,NA,white,12642
2017,female,93,NA,NA,NA,NA,NA,NA,white,12769
2018,female,93,NA,NA,NA,NA,NA,NA,white,12889
2019,female,93,NA,NA,NA,NA,NA,NA,white,12993
2020,female,93,NA,NA,NA,NA,NA,NA,white,14297
2010,female,94,NA,NA,NA,NA,NA,NA,white,9495
2011,female,94,NA,NA,NA,NA,NA,NA,white,9837
2012,female,94,NA,NA,NA,NA,NA,NA,white,9970
2013,female,94,NA,NA,NA,NA,NA,NA,white,10081
2014,female,94,NA,NA,NA,NA,NA,NA,white,10222
2015,female,94,NA,NA,NA,NA,NA,NA,white,10351
2016,female,94,NA,NA,NA,NA,NA,NA,white,10453
2017,female,94,NA,NA,NA,NA,NA,NA,white,10613
2018,female,94,NA,NA,NA,NA,NA,NA,white,10748
2019,female,94,NA,NA,NA,NA,NA,NA,white,10877
2020,female,94,NA,NA,NA,NA,NA,NA,white,12205
2010,female,95,NA,NA,NA,NA,NA,NA,white,7536
2011,female,95,NA,NA,NA,NA,NA,NA,white,7650
2012,female,95,NA,NA,NA,NA,NA,NA,white,7836
2013,female,95,NA,NA,NA,NA,NA,NA,white,8006
2014,female,95,NA,NA,NA,NA,NA,NA,white,8183
2015,female,95,NA,NA,NA,NA,NA,NA,white,8368
2016,female,95,NA,NA,NA,NA,NA,NA,white,8514
2017,female,95,NA,NA,NA,NA,NA,NA,white,8690
2018,female,95,NA,NA,NA,NA,NA,NA,white,8876
2019,female,95,NA,NA,NA,NA,NA,NA,white,9046
2020,female,95,NA,NA,NA,NA,NA,NA,white,10076
2010,female,96,NA,NA,NA,NA,NA,NA,white,5798
2011,female,96,NA,NA,NA,NA,NA,NA,white,6052
2012,female,96,NA,NA,NA,NA,NA,NA,white,6160
2013,female,96,NA,NA,NA,NA,NA,NA,white,6277
2014,female,96,NA,NA,NA,NA,NA,NA,white,6401
2015,female,96,NA,NA,NA,NA,NA,NA,white,6547
2016,female,96,NA,NA,NA,NA,NA,NA,white,6652
2017,female,96,NA,NA,NA,NA,NA,NA,white,6786
2018,female,96,NA,NA,NA,NA,NA,NA,white,6904
2019,female,96,NA,NA,NA,NA,NA,NA,white,7036
2020,female,96,NA,NA,NA,NA,NA,NA,white,7780
2010,female,97,NA,NA,NA,NA,NA,NA,white,4120
2011,female,97,NA,NA,NA,NA,NA,NA,white,4345
2012,female,97,NA,NA,NA,NA,NA,NA,white,4455
2013,female,97,NA,NA,NA,NA,NA,NA,white,4541
2014,female,97,NA,NA,NA,NA,NA,NA,white,4653
2015,female,97,NA,NA,NA,NA,NA,NA,white,4752
2016,female,97,NA,NA,NA,NA,NA,NA,white,4841
2017,female,97,NA,NA,NA,NA,NA,NA,white,4938
2018,female,97,NA,NA,NA,NA,NA,NA,white,5045
2019,female,97,NA,NA,NA,NA,NA,NA,white,5146
2020,female,97,NA,NA,NA,NA,NA,NA,white,5678
2010,female,98,NA,NA,NA,NA,NA,NA,white,2913
2011,female,98,NA,NA,NA,NA,NA,NA,white,3086
2012,female,98,NA,NA,NA,NA,NA,NA,white,3159
2013,female,98,NA,NA,NA,NA,NA,NA,white,3249
2014,female,98,NA,NA,NA,NA,NA,NA,white,3335
2015,female,98,NA,NA,NA,NA,NA,NA,white,3445
2016,female,98,NA,NA,NA,NA,NA,NA,white,3504
2017,female,98,NA,NA,NA,NA,NA,NA,white,3597
2018,female,98,NA,NA,NA,NA,NA,NA,white,3681
2019,female,98,NA,NA,NA,NA,NA,NA,white,3767
2020,female,98,NA,NA,NA,NA,NA,NA,white,4167
2010,female,99,NA,NA,NA,NA,NA,NA,white,1939
2011,female,99,NA,NA,NA,NA,NA,NA,white,2113
2012,female,99,NA,NA,NA,NA,NA,NA,white,2192
2013,female,99,NA,NA,NA,NA,NA,NA,white,2268
2014,female,99,NA,NA,NA,NA,NA,NA,white,2341
2015,female,99,NA,NA,NA,NA,NA,NA,white,2414
2016,female,99,NA,NA,NA,NA,NA,NA,white,2481
2017,female,99,NA,NA,NA,NA,NA,NA,white,2552
2018,female,99,NA,NA,NA,NA,NA,NA,white,2628
2019,female,99,NA,NA,NA,NA,NA,NA,white,2696
2020,female,99,NA,NA,NA,NA,NA,NA,white,3018
2010,female,100,NA,NA,NA,NA,NA,NA,white,3319
2011,female,100,NA,NA,NA,NA,NA,NA,white,3973
2012,female,100,NA,NA,NA,NA,NA,NA,white,4033
2013,female,100,NA,NA,NA,NA,NA,NA,white,4091
2014,female,100,NA,NA,NA,NA,NA,NA,white,4147
2015,female,100,NA,NA,NA,NA,NA,NA,white,4217
2016,female,100,NA,NA,NA,NA,NA,NA,white,4261
2017,female,100,NA,NA,NA,NA,NA,NA,white,4320
2018,female,100,NA,NA,NA,NA,NA,NA,white,4367
2019,female,100,NA,NA,NA,NA,NA,NA,white,4421
2020,female,100,NA,NA,NA,NA,NA,NA,white,4701
2010,female,0,NA,NA,NA,NA,NA,NA,black,12607
2011,female,0,NA,NA,NA,NA,NA,NA,black,13287
2012,female,0,NA,NA,NA,NA,NA,NA,black,13547
2013,female,0,NA,NA,NA,NA,NA,NA,black,13472
2014,female,0,NA,NA,NA,NA,NA,NA,black,13202
2015,female,0,NA,NA,NA,NA,NA,NA,black,12705
2016,female,0,NA,NA,NA,NA,NA,NA,black,12267
2017,female,0,NA,NA,NA,NA,NA,NA,black,12003
2018,female,0,NA,NA,NA,NA,NA,NA,black,11737
2019,female,0,NA,NA,NA,NA,NA,NA,black,11410
2020,female,0,NA,NA,NA,NA,NA,NA,black,11132
2010,female,1,NA,NA,NA,NA,NA,NA,black,13028
2011,female,1,NA,NA,NA,NA,NA,NA,black,13341
2012,female,1,NA,NA,NA,NA,NA,NA,black,13522
2013,female,1,NA,NA,NA,NA,NA,NA,black,13535
2014,female,1,NA,NA,NA,NA,NA,NA,black,13410
2015,female,1,NA,NA,NA,NA,NA,NA,black,13111
2016,female,1,NA,NA,NA,NA,NA,NA,black,12576
2017,female,1,NA,NA,NA,NA,NA,NA,black,12081
2018,female,1,NA,NA,NA,NA,NA,NA,black,11718
2019,female,1,NA,NA,NA,NA,NA,NA,black,11267
2020,female,1,NA,NA,NA,NA,NA,NA,black,10551
2010,female,2,NA,NA,NA,NA,NA,NA,black,13348
2011,female,2,NA,NA,NA,NA,NA,NA,black,13131
2012,female,2,NA,NA,NA,NA,NA,NA,black,13166
2013,female,2,NA,NA,NA,NA,NA,NA,black,13410
2014,female,2,NA,NA,NA,NA,NA,NA,black,13539
2015,female,2,NA,NA,NA,NA,NA,NA,black,13403
2016,female,2,NA,NA,NA,NA,NA,NA,black,13084
2017,female,2,NA,NA,NA,NA,NA,NA,black,12495
2018,female,2,NA,NA,NA,NA,NA,NA,black,11935
2019,female,2,NA,NA,NA,NA,NA,NA,black,11425
2020,female,2,NA,NA,NA,NA,NA,NA,black,10670
2010,female,3,NA,NA,NA,NA,NA,NA,black,13157
2011,female,3,NA,NA,NA,NA,NA,NA,black,13149
2012,female,3,NA,NA,NA,NA,NA,NA,black,13119
2013,female,3,NA,NA,NA,NA,NA,NA,black,13093
2014,female,3,NA,NA,NA,NA,NA,NA,black,13322
2015,female,3,NA,NA,NA,NA,NA,NA,black,13453
2016,female,3,NA,NA,NA,NA,NA,NA,black,13308
2017,female,3,NA,NA,NA,NA,NA,NA,black,12960
2018,female,3,NA,NA,NA,NA,NA,NA,black,12345
2019,female,3,NA,NA,NA,NA,NA,NA,black,11643
2020,female,3,NA,NA,NA,NA,NA,NA,black,10972
2010,female,4,NA,NA,NA,NA,NA,NA,black,13031
2011,female,4,NA,NA,NA,NA,NA,NA,black,13044
2012,female,4,NA,NA,NA,NA,NA,NA,black,13120
2013,female,4,NA,NA,NA,NA,NA,NA,black,13041
2014,female,4,NA,NA,NA,NA,NA,NA,black,12969
2015,female,4,NA,NA,NA,NA,NA,NA,black,13190
2016,female,4,NA,NA,NA,NA,NA,NA,black,13299
2017,female,4,NA,NA,NA,NA,NA,NA,black,13138
2018,female,4,NA,NA,NA,NA,NA,NA,black,12726
2019,female,4,NA,NA,NA,NA,NA,NA,black,11943
2020,female,4,NA,NA,NA,NA,NA,NA,black,10979
2010,female,5,NA,NA,NA,NA,NA,NA,black,12726
2011,female,5,NA,NA,NA,NA,NA,NA,black,12905
2012,female,5,NA,NA,NA,NA,NA,NA,black,12915
2013,female,5,NA,NA,NA,NA,NA,NA,black,12926
2014,female,5,NA,NA,NA,NA,NA,NA,black,12871
2015,female,5,NA,NA,NA,NA,NA,NA,black,12805
2016,female,5,NA,NA,NA,NA,NA,NA,black,13045
2017,female,5,NA,NA,NA,NA,NA,NA,black,13170
2018,female,5,NA,NA,NA,NA,NA,NA,black,12983
2019,female,5,NA,NA,NA,NA,NA,NA,black,12446
2020,female,5,NA,NA,NA,NA,NA,NA,black,11275
2010,female,6,NA,NA,NA,NA,NA,NA,black,12858
2011,female,6,NA,NA,NA,NA,NA,NA,black,12917
2012,female,6,NA,NA,NA,NA,NA,NA,black,12893
2013,female,6,NA,NA,NA,NA,NA,NA,black,12822
2014,female,6,NA,NA,NA,NA,NA,NA,black,12833
2015,female,6,NA,NA,NA,NA,NA,NA,black,12757
2016,female,6,NA,NA,NA,NA,NA,NA,black,12685
2017,female,6,NA,NA,NA,NA,NA,NA,black,12858
2018,female,6,NA,NA,NA,NA,NA,NA,black,12855
2019,female,6,NA,NA,NA,NA,NA,NA,black,12353
2020,female,6,NA,NA,NA,NA,NA,NA,black,11574
2010,female,7,NA,NA,NA,NA,NA,NA,black,13178
2011,female,7,NA,NA,NA,NA,NA,NA,black,12853
2012,female,7,NA,NA,NA,NA,NA,NA,black,12781
2013,female,7,NA,NA,NA,NA,NA,NA,black,12716
2014,female,7,NA,NA,NA,NA,NA,NA,black,12655
2015,female,7,NA,NA,NA,NA,NA,NA,black,12635
2016,female,7,NA,NA,NA,NA,NA,NA,black,12572
2017,female,7,NA,NA,NA,NA,NA,NA,black,12505
2018,female,7,NA,NA,NA,NA,NA,NA,black,12669
2019,female,7,NA,NA,NA,NA,NA,NA,black,12524
2020,female,7,NA,NA,NA,NA,NA,NA,black,11787
2010,female,8,NA,NA,NA,NA,NA,NA,black,13529
2011,female,8,NA,NA,NA,NA,NA,NA,black,13031
2012,female,8,NA,NA,NA,NA,NA,NA,black,12800
2013,female,8,NA,NA,NA,NA,NA,NA,black,12580
2014,female,8,NA,NA,NA,NA,NA,NA,black,12539
2015,female,8,NA,NA,NA,NA,NA,NA,black,12489
2016,female,8,NA,NA,NA,NA,NA,NA,black,12463
2017,female,8,NA,NA,NA,NA,NA,NA,black,12378
2018,female,8,NA,NA,NA,NA,NA,NA,black,12197
2019,female,8,NA,NA,NA,NA,NA,NA,black,12087
2020,female,8,NA,NA,NA,NA,NA,NA,black,11903
2010,female,9,NA,NA,NA,NA,NA,NA,black,14180
2011,female,9,NA,NA,NA,NA,NA,NA,black,13403
2012,female,9,NA,NA,NA,NA,NA,NA,black,12957
2013,female,9,NA,NA,NA,NA,NA,NA,black,12566
2014,female,9,NA,NA,NA,NA,NA,NA,black,12287
2015,female,9,NA,NA,NA,NA,NA,NA,black,12257
2016,female,9,NA,NA,NA,NA,NA,NA,black,12254
2017,female,9,NA,NA,NA,NA,NA,NA,black,12322
2018,female,9,NA,NA,NA,NA,NA,NA,black,12344
2019,female,9,NA,NA,NA,NA,NA,NA,black,12236
2020,female,9,NA,NA,NA,NA,NA,NA,black,12256
2010,female,10,NA,NA,NA,NA,NA,NA,black,14507
2011,female,10,NA,NA,NA,NA,NA,NA,black,13880
2012,female,10,NA,NA,NA,NA,NA,NA,black,13340
2013,female,10,NA,NA,NA,NA,NA,NA,black,12811
2014,female,10,NA,NA,NA,NA,NA,NA,black,12409
2015,female,10,NA,NA,NA,NA,NA,NA,black,12133
2016,female,10,NA,NA,NA,NA,NA,NA,black,12108
2017,female,10,NA,NA,NA,NA,NA,NA,black,12172
2018,female,10,NA,NA,NA,NA,NA,NA,black,12319
2019,female,10,NA,NA,NA,NA,NA,NA,black,12369
2020,female,10,NA,NA,NA,NA,NA,NA,black,12160
2010,female,11,NA,NA,NA,NA,NA,NA,black,14600
2011,female,11,NA,NA,NA,NA,NA,NA,black,14165
2012,female,11,NA,NA,NA,NA,NA,NA,black,13732
2013,female,11,NA,NA,NA,NA,NA,NA,black,13114
2014,female,11,NA,NA,NA,NA,NA,NA,black,12555
2015,female,11,NA,NA,NA,NA,NA,NA,black,12182
2016,female,11,NA,NA,NA,NA,NA,NA,black,11949
2017,female,11,NA,NA,NA,NA,NA,NA,black,12020
2018,female,11,NA,NA,NA,NA,NA,NA,black,12166
2019,female,11,NA,NA,NA,NA,NA,NA,black,12395
2020,female,11,NA,NA,NA,NA,NA,NA,black,12590
2010,female,12,NA,NA,NA,NA,NA,NA,black,14975
2011,female,12,NA,NA,NA,NA,NA,NA,black,14570
2012,female,12,NA,NA,NA,NA,NA,NA,black,14153
2013,female,12,NA,NA,NA,NA,NA,NA,black,13663
2014,female,12,NA,NA,NA,NA,NA,NA,black,13078
2015,female,12,NA,NA,NA,NA,NA,NA,black,12529
2016,female,12,NA,NA,NA,NA,NA,NA,black,12173
2017,female,12,NA,NA,NA,NA,NA,NA,black,11992
2018,female,12,NA,NA,NA,NA,NA,NA,black,12160
2019,female,12,NA,NA,NA,NA,NA,NA,black,12496
2020,female,12,NA,NA,NA,NA,NA,NA,black,12973
2010,female,13,NA,NA,NA,NA,NA,NA,black,15407
2011,female,13,NA,NA,NA,NA,NA,NA,black,14961
2012,female,13,NA,NA,NA,NA,NA,NA,black,14556
2013,female,13,NA,NA,NA,NA,NA,NA,black,14090
2014,female,13,NA,NA,NA,NA,NA,NA,black,13642
2015,female,13,NA,NA,NA,NA,NA,NA,black,13050
2016,female,13,NA,NA,NA,NA,NA,NA,black,12535
2017,female,13,NA,NA,NA,NA,NA,NA,black,12242
2018,female,13,NA,NA,NA,NA,NA,NA,black,12190
2019,female,13,NA,NA,NA,NA,NA,NA,black,12562
2020,female,13,NA,NA,NA,NA,NA,NA,black,12770
2010,female,14,NA,NA,NA,NA,NA,NA,black,15984
2011,female,14,NA,NA,NA,NA,NA,NA,black,15313
2012,female,14,NA,NA,NA,NA,NA,NA,black,14928
2013,female,14,NA,NA,NA,NA,NA,NA,black,14504
2014,female,14,NA,NA,NA,NA,NA,NA,black,14061
2015,female,14,NA,NA,NA,NA,NA,NA,black,13599
2016,female,14,NA,NA,NA,NA,NA,NA,black,13015
2017,female,14,NA,NA,NA,NA,NA,NA,black,12532
2018,female,14,NA,NA,NA,NA,NA,NA,black,12290
2019,female,14,NA,NA,NA,NA,NA,NA,black,12310
2020,female,14,NA,NA,NA,NA,NA,NA,black,12429
2010,female,15,NA,NA,NA,NA,NA,NA,black,17181
2011,female,15,NA,NA,NA,NA,NA,NA,black,16079
2012,female,15,NA,NA,NA,NA,NA,NA,black,15389
2013,female,15,NA,NA,NA,NA,NA,NA,black,14900
2014,female,15,NA,NA,NA,NA,NA,NA,black,14512
2015,female,15,NA,NA,NA,NA,NA,NA,black,14089
2016,female,15,NA,NA,NA,NA,NA,NA,black,13641
2017,female,15,NA,NA,NA,NA,NA,NA,black,13075
2018,female,15,NA,NA,NA,NA,NA,NA,black,12593
2019,female,15,NA,NA,NA,NA,NA,NA,black,12405
2020,female,15,NA,NA,NA,NA,NA,NA,black,12183
2010,female,16,NA,NA,NA,NA,NA,NA,black,17931
2011,female,16,NA,NA,NA,NA,NA,NA,black,16941
2012,female,16,NA,NA,NA,NA,NA,NA,black,16196
2013,female,16,NA,NA,NA,NA,NA,NA,black,15442
2014,female,16,NA,NA,NA,NA,NA,NA,black,14916
2015,female,16,NA,NA,NA,NA,NA,NA,black,14514
2016,female,16,NA,NA,NA,NA,NA,NA,black,14116
2017,female,16,NA,NA,NA,NA,NA,NA,black,13724
2018,female,16,NA,NA,NA,NA,NA,NA,black,13256
2019,female,16,NA,NA,NA,NA,NA,NA,black,13011
2020,female,16,NA,NA,NA,NA,NA,NA,black,12430
2010,female,17,NA,NA,NA,NA,NA,NA,black,17908
2011,female,17,NA,NA,NA,NA,NA,NA,black,17330
2012,female,17,NA,NA,NA,NA,NA,NA,black,16799
2013,female,17,NA,NA,NA,NA,NA,NA,black,16102
2014,female,17,NA,NA,NA,NA,NA,NA,black,15365
2015,female,17,NA,NA,NA,NA,NA,NA,black,14864
2016,female,17,NA,NA,NA,NA,NA,NA,black,14429
2017,female,17,NA,NA,NA,NA,NA,NA,black,14007
2018,female,17,NA,NA,NA,NA,NA,NA,black,13579
2019,female,17,NA,NA,NA,NA,NA,NA,black,13002
2020,female,17,NA,NA,NA,NA,NA,NA,black,12577
2010,female,18,NA,NA,NA,NA,NA,NA,black,18276
2011,female,18,NA,NA,NA,NA,NA,NA,black,17946
2012,female,18,NA,NA,NA,NA,NA,NA,black,17465
2013,female,18,NA,NA,NA,NA,NA,NA,black,16870
2014,female,18,NA,NA,NA,NA,NA,NA,black,16160
2015,female,18,NA,NA,NA,NA,NA,NA,black,15405
2016,female,18,NA,NA,NA,NA,NA,NA,black,14898
2017,female,18,NA,NA,NA,NA,NA,NA,black,14452
2018,female,18,NA,NA,NA,NA,NA,NA,black,14033
2019,female,18,NA,NA,NA,NA,NA,NA,black,13627
2020,female,18,NA,NA,NA,NA,NA,NA,black,13046
2010,female,19,NA,NA,NA,NA,NA,NA,black,18432
2011,female,19,NA,NA,NA,NA,NA,NA,black,18057
2012,female,19,NA,NA,NA,NA,NA,NA,black,17697
2013,female,19,NA,NA,NA,NA,NA,NA,black,17270
2014,female,19,NA,NA,NA,NA,NA,NA,black,16729
2015,female,19,NA,NA,NA,NA,NA,NA,black,16025
2016,female,19,NA,NA,NA,NA,NA,NA,black,15251
2017,female,19,NA,NA,NA,NA,NA,NA,black,14741
2018,female,19,NA,NA,NA,NA,NA,NA,black,14234
2019,female,19,NA,NA,NA,NA,NA,NA,black,13616
2020,female,19,NA,NA,NA,NA,NA,NA,black,12724
2010,female,20,NA,NA,NA,NA,NA,NA,black,18431
2011,female,20,NA,NA,NA,NA,NA,NA,black,18344
2012,female,20,NA,NA,NA,NA,NA,NA,black,18095
2013,female,20,NA,NA,NA,NA,NA,NA,black,17693
2014,female,20,NA,NA,NA,NA,NA,NA,black,17252
2015,female,20,NA,NA,NA,NA,NA,NA,black,16695
2016,female,20,NA,NA,NA,NA,NA,NA,black,15970
2017,female,20,NA,NA,NA,NA,NA,NA,black,15148
2018,female,20,NA,NA,NA,NA,NA,NA,black,14568
2019,female,20,NA,NA,NA,NA,NA,NA,black,13918
2020,female,20,NA,NA,NA,NA,NA,NA,black,13171
2010,female,21,NA,NA,NA,NA,NA,NA,black,17434
2011,female,21,NA,NA,NA,NA,NA,NA,black,18035
2012,female,21,NA,NA,NA,NA,NA,NA,black,18177
2013,female,21,NA,NA,NA,NA,NA,NA,black,17971
2014,female,21,NA,NA,NA,NA,NA,NA,black,17572
2015,female,21,NA,NA,NA,NA,NA,NA,black,17103
2016,female,21,NA,NA,NA,NA,NA,NA,black,16549
2017,female,21,NA,NA,NA,NA,NA,NA,black,15804
2018,female,21,NA,NA,NA,NA,NA,NA,black,14962
2019,female,21,NA,NA,NA,NA,NA,NA,black,14244
2020,female,21,NA,NA,NA,NA,NA,NA,black,13244
2010,female,22,NA,NA,NA,NA,NA,NA,black,16592
2011,female,22,NA,NA,NA,NA,NA,NA,black,17400
2012,female,22,NA,NA,NA,NA,NA,NA,black,17859
2013,female,22,NA,NA,NA,NA,NA,NA,black,17965
2014,female,22,NA,NA,NA,NA,NA,NA,black,17768
2015,female,22,NA,NA,NA,NA,NA,NA,black,17388
2016,female,22,NA,NA,NA,NA,NA,NA,black,16923
2017,female,22,NA,NA,NA,NA,NA,NA,black,16370
2018,female,22,NA,NA,NA,NA,NA,NA,black,15618
2019,female,22,NA,NA,NA,NA,NA,NA,black,14635
2020,female,22,NA,NA,NA,NA,NA,NA,black,13834
2010,female,23,NA,NA,NA,NA,NA,NA,black,15898
2011,female,23,NA,NA,NA,NA,NA,NA,black,16687
2012,female,23,NA,NA,NA,NA,NA,NA,black,17249
2013,female,23,NA,NA,NA,NA,NA,NA,black,17667
2014,female,23,NA,NA,NA,NA,NA,NA,black,17812
2015,female,23,NA,NA,NA,NA,NA,NA,black,17631
2016,female,23,NA,NA,NA,NA,NA,NA,black,17260
2017,female,23,NA,NA,NA,NA,NA,NA,black,16819
2018,female,23,NA,NA,NA,NA,NA,NA,black,16285
2019,female,23,NA,NA,NA,NA,NA,NA,black,15483
2020,female,23,NA,NA,NA,NA,NA,NA,black,14188
2010,female,24,NA,NA,NA,NA,NA,NA,black,15989
2011,female,24,NA,NA,NA,NA,NA,NA,black,16250
2012,female,24,NA,NA,NA,NA,NA,NA,black,16620
2013,female,24,NA,NA,NA,NA,NA,NA,black,17047
2014,female,24,NA,NA,NA,NA,NA,NA,black,17487
2015,female,24,NA,NA,NA,NA,NA,NA,black,17631
2016,female,24,NA,NA,NA,NA,NA,NA,black,17460
2017,female,24,NA,NA,NA,NA,NA,NA,black,17137
2018,female,24,NA,NA,NA,NA,NA,NA,black,16684
2019,female,24,NA,NA,NA,NA,NA,NA,black,16059
2020,female,24,NA,NA,NA,NA,NA,NA,black,14978
2010,female,25,NA,NA,NA,NA,NA,NA,black,15744
2011,female,25,NA,NA,NA,NA,NA,NA,black,16061
2012,female,25,NA,NA,NA,NA,NA,NA,black,16300
2013,female,25,NA,NA,NA,NA,NA,NA,black,16615
2014,female,25,NA,NA,NA,NA,NA,NA,black,17020
2015,female,25,NA,NA,NA,NA,NA,NA,black,17462
2016,female,25,NA,NA,NA,NA,NA,NA,black,17606
2017,female,25,NA,NA,NA,NA,NA,NA,black,17441
2018,female,25,NA,NA,NA,NA,NA,NA,black,17171
2019,female,25,NA,NA,NA,NA,NA,NA,black,16818
2020,female,25,NA,NA,NA,NA,NA,NA,black,16005
2010,female,26,NA,NA,NA,NA,NA,NA,black,14756
2011,female,26,NA,NA,NA,NA,NA,NA,black,15469
2012,female,26,NA,NA,NA,NA,NA,NA,black,15902
2013,female,26,NA,NA,NA,NA,NA,NA,black,16216
2014,female,26,NA,NA,NA,NA,NA,NA,black,16517
2015,female,26,NA,NA,NA,NA,NA,NA,black,16944
2016,female,26,NA,NA,NA,NA,NA,NA,black,17380
2017,female,26,NA,NA,NA,NA,NA,NA,black,17571
2018,female,26,NA,NA,NA,NA,NA,NA,black,17470
2019,female,26,NA,NA,NA,NA,NA,NA,black,17294
2020,female,26,NA,NA,NA,NA,NA,NA,black,16777
2010,female,27,NA,NA,NA,NA,NA,NA,black,14852
2011,female,27,NA,NA,NA,NA,NA,NA,black,15198
2012,female,27,NA,NA,NA,NA,NA,NA,black,15539
2013,female,27,NA,NA,NA,NA,NA,NA,black,15849
2014,female,27,NA,NA,NA,NA,NA,NA,black,16173
2015,female,27,NA,NA,NA,NA,NA,NA,black,16496
2016,female,27,NA,NA,NA,NA,NA,NA,black,16899
2017,female,27,NA,NA,NA,NA,NA,NA,black,17398
2018,female,27,NA,NA,NA,NA,NA,NA,black,17652
2019,female,27,NA,NA,NA,NA,NA,NA,black,17667
2020,female,27,NA,NA,NA,NA,NA,NA,black,17112
2010,female,28,NA,NA,NA,NA,NA,NA,black,14894
2011,female,28,NA,NA,NA,NA,NA,NA,black,15000
2012,female,28,NA,NA,NA,NA,NA,NA,black,15145
2013,female,28,NA,NA,NA,NA,NA,NA,black,15445
2014,female,28,NA,NA,NA,NA,NA,NA,black,15808
2015,female,28,NA,NA,NA,NA,NA,NA,black,16121
2016,female,28,NA,NA,NA,NA,NA,NA,black,16460
2017,female,28,NA,NA,NA,NA,NA,NA,black,16982
2018,female,28,NA,NA,NA,NA,NA,NA,black,17614
2019,female,28,NA,NA,NA,NA,NA,NA,black,18132
2020,female,28,NA,NA,NA,NA,NA,NA,black,17985
2010,female,29,NA,NA,NA,NA,NA,NA,black,14807
2011,female,29,NA,NA,NA,NA,NA,NA,black,14934
2012,female,29,NA,NA,NA,NA,NA,NA,black,15011
2013,female,29,NA,NA,NA,NA,NA,NA,black,15104
2014,female,29,NA,NA,NA,NA,NA,NA,black,15437
2015,female,29,NA,NA,NA,NA,NA,NA,black,15829
2016,female,29,NA,NA,NA,NA,NA,NA,black,16174
2017,female,29,NA,NA,NA,NA,NA,NA,black,16615
2018,female,29,NA,NA,NA,NA,NA,NA,black,17314
2019,female,29,NA,NA,NA,NA,NA,NA,black,18329
2020,female,29,NA,NA,NA,NA,NA,NA,black,18598
2010,female,30,NA,NA,NA,NA,NA,NA,black,15549
2011,female,30,NA,NA,NA,NA,NA,NA,black,15142
2012,female,30,NA,NA,NA,NA,NA,NA,black,15066
2013,female,30,NA,NA,NA,NA,NA,NA,black,15079
2014,female,30,NA,NA,NA,NA,NA,NA,black,15179
2015,female,30,NA,NA,NA,NA,NA,NA,black,15497
2016,female,30,NA,NA,NA,NA,NA,NA,black,15909
2017,female,30,NA,NA,NA,NA,NA,NA,black,16338
2018,female,30,NA,NA,NA,NA,NA,NA,black,16939
2019,female,30,NA,NA,NA,NA,NA,NA,black,17988
2020,female,30,NA,NA,NA,NA,NA,NA,black,18597
2010,female,31,NA,NA,NA,NA,NA,NA,black,14215
2011,female,31,NA,NA,NA,NA,NA,NA,black,14848
2012,female,31,NA,NA,NA,NA,NA,NA,black,15101
2013,female,31,NA,NA,NA,NA,NA,NA,black,15143
2014,female,31,NA,NA,NA,NA,NA,NA,black,15214
2015,female,31,NA,NA,NA,NA,NA,NA,black,15341
2016,female,31,NA,NA,NA,NA,NA,NA,black,15662
2017,female,31,NA,NA,NA,NA,NA,NA,black,16098
2018,female,31,NA,NA,NA,NA,NA,NA,black,16598
2019,female,31,NA,NA,NA,NA,NA,NA,black,17414
2020,female,31,NA,NA,NA,NA,NA,NA,black,17684
2010,female,32,NA,NA,NA,NA,NA,NA,black,14076
2011,female,32,NA,NA,NA,NA,NA,NA,black,14739
2012,female,32,NA,NA,NA,NA,NA,NA,black,15041
2013,female,32,NA,NA,NA,NA,NA,NA,black,15223
2014,female,32,NA,NA,NA,NA,NA,NA,black,15297
2015,female,32,NA,NA,NA,NA,NA,NA,black,15353
2016,female,32,NA,NA,NA,NA,NA,NA,black,15436
2017,female,32,NA,NA,NA,NA,NA,NA,black,15753
2018,female,32,NA,NA,NA,NA,NA,NA,black,16163
2019,female,32,NA,NA,NA,NA,NA,NA,black,16702
2020,female,32,NA,NA,NA,NA,NA,NA,black,16492
2010,female,33,NA,NA,NA,NA,NA,NA,black,13633
2011,female,33,NA,NA,NA,NA,NA,NA,black,14277
2012,female,33,NA,NA,NA,NA,NA,NA,black,14711
2013,female,33,NA,NA,NA,NA,NA,NA,black,15178
2014,female,33,NA,NA,NA,NA,NA,NA,black,15436
2015,female,33,NA,NA,NA,NA,NA,NA,black,15447
2016,female,33,NA,NA,NA,NA,NA,NA,black,15463
2017,female,33,NA,NA,NA,NA,NA,NA,black,15514
2018,female,33,NA,NA,NA,NA,NA,NA,black,15768
2019,female,33,NA,NA,NA,NA,NA,NA,black,16198
2020,female,33,NA,NA,NA,NA,NA,NA,black,15723
2010,female,34,NA,NA,NA,NA,NA,NA,black,13607
2011,female,34,NA,NA,NA,NA,NA,NA,black,13949
2012,female,34,NA,NA,NA,NA,NA,NA,black,14385
2013,female,34,NA,NA,NA,NA,NA,NA,black,14762
2014,female,34,NA,NA,NA,NA,NA,NA,black,15270
2015,female,34,NA,NA,NA,NA,NA,NA,black,15506
2016,female,34,NA,NA,NA,NA,NA,NA,black,15506
2017,female,34,NA,NA,NA,NA,NA,NA,black,15491
2018,female,34,NA,NA,NA,NA,NA,NA,black,15495
2019,female,34,NA,NA,NA,NA,NA,NA,black,15720
2020,female,34,NA,NA,NA,NA,NA,NA,black,15449
2010,female,35,NA,NA,NA,NA,NA,NA,black,14260
2011,female,35,NA,NA,NA,NA,NA,NA,black,14027
2012,female,35,NA,NA,NA,NA,NA,NA,black,14154
2013,female,35,NA,NA,NA,NA,NA,NA,black,14506
2014,female,35,NA,NA,NA,NA,NA,NA,black,14889
2015,female,35,NA,NA,NA,NA,NA,NA,black,15383
2016,female,35,NA,NA,NA,NA,NA,NA,black,15591
2017,female,35,NA,NA,NA,NA,NA,NA,black,15591
2018,female,35,NA,NA,NA,NA,NA,NA,black,15605
2019,female,35,NA,NA,NA,NA,NA,NA,black,15706
2020,female,35,NA,NA,NA,NA,NA,NA,black,15153
2010,female,36,NA,NA,NA,NA,NA,NA,black,13178
2011,female,36,NA,NA,NA,NA,NA,NA,black,13678
2012,female,36,NA,NA,NA,NA,NA,NA,black,13961
2013,female,36,NA,NA,NA,NA,NA,NA,black,14162
2014,female,36,NA,NA,NA,NA,NA,NA,black,14558
2015,female,36,NA,NA,NA,NA,NA,NA,black,14919
2016,female,36,NA,NA,NA,NA,NA,NA,black,15366
2017,female,36,NA,NA,NA,NA,NA,NA,black,15536
2018,female,36,NA,NA,NA,NA,NA,NA,black,15433
2019,female,36,NA,NA,NA,NA,NA,NA,black,15272
2020,female,36,NA,NA,NA,NA,NA,NA,black,14302
2010,female,37,NA,NA,NA,NA,NA,NA,black,13708
2011,female,37,NA,NA,NA,NA,NA,NA,black,13836
2012,female,37,NA,NA,NA,NA,NA,NA,black,13958
2013,female,37,NA,NA,NA,NA,NA,NA,black,14081
2014,female,37,NA,NA,NA,NA,NA,NA,black,14226
2015,female,37,NA,NA,NA,NA,NA,NA,black,14582
2016,female,37,NA,NA,NA,NA,NA,NA,black,14904
2017,female,37,NA,NA,NA,NA,NA,NA,black,15246
2018,female,37,NA,NA,NA,NA,NA,NA,black,15247
2019,female,37,NA,NA,NA,NA,NA,NA,black,14901
2020,female,37,NA,NA,NA,NA,NA,NA,black,14231
2010,female,38,NA,NA,NA,NA,NA,NA,black,14289
2011,female,38,NA,NA,NA,NA,NA,NA,black,13882
2012,female,38,NA,NA,NA,NA,NA,NA,black,13864
2013,female,38,NA,NA,NA,NA,NA,NA,black,13970
2014,female,38,NA,NA,NA,NA,NA,NA,black,14148
2015,female,38,NA,NA,NA,NA,NA,NA,black,14264
2016,female,38,NA,NA,NA,NA,NA,NA,black,14569
2017,female,38,NA,NA,NA,NA,NA,NA,black,14828
2018,female,38,NA,NA,NA,NA,NA,NA,black,15109
2019,female,38,NA,NA,NA,NA,NA,NA,black,14963
2020,female,38,NA,NA,NA,NA,NA,NA,black,14047
2010,female,39,NA,NA,NA,NA,NA,NA,black,16038
2011,female,39,NA,NA,NA,NA,NA,NA,black,14782
2012,female,39,NA,NA,NA,NA,NA,NA,black,14056
2013,female,39,NA,NA,NA,NA,NA,NA,black,13841
2014,female,39,NA,NA,NA,NA,NA,NA,black,13929
2015,female,39,NA,NA,NA,NA,NA,NA,black,14080
2016,female,39,NA,NA,NA,NA,NA,NA,black,14150
2017,female,39,NA,NA,NA,NA,NA,NA,black,14403
2018,female,39,NA,NA,NA,NA,NA,NA,black,14533
2019,female,39,NA,NA,NA,NA,NA,NA,black,14560
2020,female,39,NA,NA,NA,NA,NA,NA,black,14197
2010,female,40,NA,NA,NA,NA,NA,NA,black,17193
2011,female,40,NA,NA,NA,NA,NA,NA,black,15655
2012,female,40,NA,NA,NA,NA,NA,NA,black,14808
2013,female,40,NA,NA,NA,NA,NA,NA,black,14100
2014,female,40,NA,NA,NA,NA,NA,NA,black,13826
2015,female,40,NA,NA,NA,NA,NA,NA,black,13896
2016,female,40,NA,NA,NA,NA,NA,NA,black,14029
2017,female,40,NA,NA,NA,NA,NA,NA,black,14115
2018,female,40,NA,NA,NA,NA,NA,NA,black,14359
2019,female,40,NA,NA,NA,NA,NA,NA,black,14498
2020,female,40,NA,NA,NA,NA,NA,NA,black,14457
2010,female,41,NA,NA,NA,NA,NA,NA,black,15131
2011,female,41,NA,NA,NA,NA,NA,NA,black,15707
2012,female,41,NA,NA,NA,NA,NA,NA,black,15473
2013,female,41,NA,NA,NA,NA,NA,NA,black,14834
2014,female,41,NA,NA,NA,NA,NA,NA,black,14020
2015,female,41,NA,NA,NA,NA,NA,NA,black,13740
2016,female,41,NA,NA,NA,NA,NA,NA,black,13810
2017,female,41,NA,NA,NA,NA,NA,NA,black,13970
2018,female,41,NA,NA,NA,NA,NA,NA,black,14062
2019,female,41,NA,NA,NA,NA,NA,NA,black,14317
2020,female,41,NA,NA,NA,NA,NA,NA,black,13803
2010,female,42,NA,NA,NA,NA,NA,NA,black,15230
2011,female,42,NA,NA,NA,NA,NA,NA,black,15807
2012,female,42,NA,NA,NA,NA,NA,NA,black,15900
2013,female,42,NA,NA,NA,NA,NA,NA,black,15450
2014,female,42,NA,NA,NA,NA,NA,NA,black,14788
2015,female,42,NA,NA,NA,NA,NA,NA,black,13979
2016,female,42,NA,NA,NA,NA,NA,NA,black,13685
2017,female,42,NA,NA,NA,NA,NA,NA,black,13721
2018,female,42,NA,NA,NA,NA,NA,NA,black,13860
2019,female,42,NA,NA,NA,NA,NA,NA,black,13873
2020,female,42,NA,NA,NA,NA,NA,NA,black,13396
2010,female,43,NA,NA,NA,NA,NA,NA,black,15934
2011,female,43,NA,NA,NA,NA,NA,NA,black,15649
2012,female,43,NA,NA,NA,NA,NA,NA,black,15568
2013,female,43,NA,NA,NA,NA,NA,NA,black,15765
2014,female,43,NA,NA,NA,NA,NA,NA,black,15468
2015,female,43,NA,NA,NA,NA,NA,NA,black,14781
2016,female,43,NA,NA,NA,NA,NA,NA,black,13948
2017,female,43,NA,NA,NA,NA,NA,NA,black,13628
2018,female,43,NA,NA,NA,NA,NA,NA,black,13599
2019,female,43,NA,NA,NA,NA,NA,NA,black,13655
2020,female,43,NA,NA,NA,NA,NA,NA,black,13003
2010,female,44,NA,NA,NA,NA,NA,NA,black,16535
2011,female,44,NA,NA,NA,NA,NA,NA,black,15933
2012,female,44,NA,NA,NA,NA,NA,NA,black,15695
2013,female,44,NA,NA,NA,NA,NA,NA,black,15562
2014,female,44,NA,NA,NA,NA,NA,NA,black,15787
2015,female,44,NA,NA,NA,NA,NA,NA,black,15449
2016,female,44,NA,NA,NA,NA,NA,NA,black,14750
2017,female,44,NA,NA,NA,NA,NA,NA,black,13893
2018,female,44,NA,NA,NA,NA,NA,NA,black,13516
2019,female,44,NA,NA,NA,NA,NA,NA,black,13406
2020,female,44,NA,NA,NA,NA,NA,NA,black,12868
2010,female,45,NA,NA,NA,NA,NA,NA,black,18140
2011,female,45,NA,NA,NA,NA,NA,NA,black,16828
2012,female,45,NA,NA,NA,NA,NA,NA,black,16056
2013,female,45,NA,NA,NA,NA,NA,NA,black,15675
2014,female,45,NA,NA,NA,NA,NA,NA,black,15523
2015,female,45,NA,NA,NA,NA,NA,NA,black,15734
2016,female,45,NA,NA,NA,NA,NA,NA,black,15397
2017,female,45,NA,NA,NA,NA,NA,NA,black,14678
2018,female,45,NA,NA,NA,NA,NA,NA,black,13796
2019,female,45,NA,NA,NA,NA,NA,NA,black,13387
2020,female,45,NA,NA,NA,NA,NA,NA,black,13019
2010,female,46,NA,NA,NA,NA,NA,NA,black,17167
2011,female,46,NA,NA,NA,NA,NA,NA,black,16921
2012,female,46,NA,NA,NA,NA,NA,NA,black,16607
2013,female,46,NA,NA,NA,NA,NA,NA,black,16028
2014,female,46,NA,NA,NA,NA,NA,NA,black,15651
2015,female,46,NA,NA,NA,NA,NA,NA,black,15508
2016,female,46,NA,NA,NA,NA,NA,NA,black,15697
2017,female,46,NA,NA,NA,NA,NA,NA,black,15340
2018,female,46,NA,NA,NA,NA,NA,NA,black,14565
2019,female,46,NA,NA,NA,NA,NA,NA,black,13599
2020,female,46,NA,NA,NA,NA,NA,NA,black,12370
2010,female,47,NA,NA,NA,NA,NA,NA,black,17557
2011,female,47,NA,NA,NA,NA,NA,NA,black,17427
2012,female,47,NA,NA,NA,NA,NA,NA,black,17164
2013,female,47,NA,NA,NA,NA,NA,NA,black,16614
2014,female,47,NA,NA,NA,NA,NA,NA,black,15953
2015,female,47,NA,NA,NA,NA,NA,NA,black,15546
2016,female,47,NA,NA,NA,NA,NA,NA,black,15373
2017,female,47,NA,NA,NA,NA,NA,NA,black,15529
2018,female,47,NA,NA,NA,NA,NA,NA,black,15132
2019,female,47,NA,NA,NA,NA,NA,NA,black,14263
2020,female,47,NA,NA,NA,NA,NA,NA,black,12727
2010,female,48,NA,NA,NA,NA,NA,NA,black,17678
2011,female,48,NA,NA,NA,NA,NA,NA,black,17572
2012,female,48,NA,NA,NA,NA,NA,NA,black,17255
2013,female,48,NA,NA,NA,NA,NA,NA,black,17064
2014,female,48,NA,NA,NA,NA,NA,NA,black,16571
2015,female,48,NA,NA,NA,NA,NA,NA,black,15886
2016,female,48,NA,NA,NA,NA,NA,NA,black,15445
2017,female,48,NA,NA,NA,NA,NA,NA,black,15265
2018,female,48,NA,NA,NA,NA,NA,NA,black,15386
2019,female,48,NA,NA,NA,NA,NA,NA,black,14913
2020,female,48,NA,NA,NA,NA,NA,NA,black,13490
2010,female,49,NA,NA,NA,NA,NA,NA,black,18156
2011,female,49,NA,NA,NA,NA,NA,NA,black,17728
2012,female,49,NA,NA,NA,NA,NA,NA,black,17459
2013,female,49,NA,NA,NA,NA,NA,NA,black,17124
2014,female,49,NA,NA,NA,NA,NA,NA,black,16982
2015,female,49,NA,NA,NA,NA,NA,NA,black,16483
2016,female,49,NA,NA,NA,NA,NA,NA,black,15770
2017,female,49,NA,NA,NA,NA,NA,NA,black,15345
2018,female,49,NA,NA,NA,NA,NA,NA,black,15151
2019,female,49,NA,NA,NA,NA,NA,NA,black,15221
2020,female,49,NA,NA,NA,NA,NA,NA,black,14952
2010,female,50,NA,NA,NA,NA,NA,NA,black,18707
2011,female,50,NA,NA,NA,NA,NA,NA,black,17970
2012,female,50,NA,NA,NA,NA,NA,NA,black,17650
2013,female,50,NA,NA,NA,NA,NA,NA,black,17358
2014,female,50,NA,NA,NA,NA,NA,NA,black,17055
2015,female,50,NA,NA,NA,NA,NA,NA,black,16944
2016,female,50,NA,NA,NA,NA,NA,NA,black,16438
2017,female,50,NA,NA,NA,NA,NA,NA,black,15771
2018,female,50,NA,NA,NA,NA,NA,NA,black,15391
2019,female,50,NA,NA,NA,NA,NA,NA,black,15315
2020,female,50,NA,NA,NA,NA,NA,NA,black,15070
2010,female,51,NA,NA,NA,NA,NA,NA,black,17113
2011,female,51,NA,NA,NA,NA,NA,NA,black,17835
2012,female,51,NA,NA,NA,NA,NA,NA,black,17872
2013,female,51,NA,NA,NA,NA,NA,NA,black,17601
2014,female,51,NA,NA,NA,NA,NA,NA,black,17299
2015,female,51,NA,NA,NA,NA,NA,NA,black,16962
2016,female,51,NA,NA,NA,NA,NA,NA,black,16825
2017,female,51,NA,NA,NA,NA,NA,NA,black,16307
2018,female,51,NA,NA,NA,NA,NA,NA,black,15542
2019,female,51,NA,NA,NA,NA,NA,NA,black,15033
2020,female,51,NA,NA,NA,NA,NA,NA,black,14144
2010,female,52,NA,NA,NA,NA,NA,NA,black,16925
2011,female,52,NA,NA,NA,NA,NA,NA,black,17431
2012,female,52,NA,NA,NA,NA,NA,NA,black,17697
2013,female,52,NA,NA,NA,NA,NA,NA,black,17645
2014,female,52,NA,NA,NA,NA,NA,NA,black,17375
2015,female,52,NA,NA,NA,NA,NA,NA,black,17080
2016,female,52,NA,NA,NA,NA,NA,NA,black,16753
2017,female,52,NA,NA,NA,NA,NA,NA,black,16665
2018,female,52,NA,NA,NA,NA,NA,NA,black,16135
2019,female,52,NA,NA,NA,NA,NA,NA,black,15364
2020,female,52,NA,NA,NA,NA,NA,NA,black,14101
2010,female,53,NA,NA,NA,NA,NA,NA,black,16502
2011,female,53,NA,NA,NA,NA,NA,NA,black,16931
2012,female,53,NA,NA,NA,NA,NA,NA,black,17186
2013,female,53,NA,NA,NA,NA,NA,NA,black,17505
2014,female,53,NA,NA,NA,NA,NA,NA,black,17516
2015,female,53,NA,NA,NA,NA,NA,NA,black,17240
2016,female,53,NA,NA,NA,NA,NA,NA,black,16937
2017,female,53,NA,NA,NA,NA,NA,NA,black,16647
2018,female,53,NA,NA,NA,NA,NA,NA,black,16640
2019,female,53,NA,NA,NA,NA,NA,NA,black,16208
2020,female,53,NA,NA,NA,NA,NA,NA,black,14441
2010,female,54,NA,NA,NA,NA,NA,NA,black,15738
2011,female,54,NA,NA,NA,NA,NA,NA,black,16337
2012,female,54,NA,NA,NA,NA,NA,NA,black,16758
2013,female,54,NA,NA,NA,NA,NA,NA,black,17023
2014,female,54,NA,NA,NA,NA,NA,NA,black,17385
2015,female,54,NA,NA,NA,NA,NA,NA,black,17409
2016,female,54,NA,NA,NA,NA,NA,NA,black,17084
2017,female,54,NA,NA,NA,NA,NA,NA,black,16738
2018,female,54,NA,NA,NA,NA,NA,NA,black,16304
2019,female,54,NA,NA,NA,NA,NA,NA,black,16033
2020,female,54,NA,NA,NA,NA,NA,NA,black,15113
2010,female,55,NA,NA,NA,NA,NA,NA,black,15746
2011,female,55,NA,NA,NA,NA,NA,NA,black,16023
2012,female,55,NA,NA,NA,NA,NA,NA,black,16341
2013,female,55,NA,NA,NA,NA,NA,NA,black,16704
2014,female,55,NA,NA,NA,NA,NA,NA,black,16970
2015,female,55,NA,NA,NA,NA,NA,NA,black,17302
2016,female,55,NA,NA,NA,NA,NA,NA,black,17297
2017,female,55,NA,NA,NA,NA,NA,NA,black,16988
2018,female,55,NA,NA,NA,NA,NA,NA,black,16615
2019,female,55,NA,NA,NA,NA,NA,NA,black,16178
2020,female,55,NA,NA,NA,NA,NA,NA,black,15945
2010,female,56,NA,NA,NA,NA,NA,NA,black,14116
2011,female,56,NA,NA,NA,NA,NA,NA,black,15179
2012,female,56,NA,NA,NA,NA,NA,NA,black,15717
2013,female,56,NA,NA,NA,NA,NA,NA,black,16182
2014,female,56,NA,NA,NA,NA,NA,NA,black,16564
2015,female,56,NA,NA,NA,NA,NA,NA,black,16806
2016,female,56,NA,NA,NA,NA,NA,NA,black,17157
2017,female,56,NA,NA,NA,NA,NA,NA,black,17178
2018,female,56,NA,NA,NA,NA,NA,NA,black,16891
2019,female,56,NA,NA,NA,NA,NA,NA,black,16588
2020,female,56,NA,NA,NA,NA,NA,NA,black,15602
2010,female,57,NA,NA,NA,NA,NA,NA,black,13874
2011,female,57,NA,NA,NA,NA,NA,NA,black,14516
2012,female,57,NA,NA,NA,NA,NA,NA,black,15018
2013,female,57,NA,NA,NA,NA,NA,NA,black,15413
2014,female,57,NA,NA,NA,NA,NA,NA,black,15874
2015,female,57,NA,NA,NA,NA,NA,NA,black,16251
2016,female,57,NA,NA,NA,NA,NA,NA,black,16492
2017,female,57,NA,NA,NA,NA,NA,NA,black,16901
2018,female,57,NA,NA,NA,NA,NA,NA,black,16921
2019,female,57,NA,NA,NA,NA,NA,NA,black,16544
2020,female,57,NA,NA,NA,NA,NA,NA,black,15642
2010,female,58,NA,NA,NA,NA,NA,NA,black,12994
2011,female,58,NA,NA,NA,NA,NA,NA,black,13787
2012,female,58,NA,NA,NA,NA,NA,NA,black,14341
2013,female,58,NA,NA,NA,NA,NA,NA,black,14869
2014,female,58,NA,NA,NA,NA,NA,NA,black,15285
2015,female,58,NA,NA,NA,NA,NA,NA,black,15724
2016,female,58,NA,NA,NA,NA,NA,NA,black,16080
2017,female,58,NA,NA,NA,NA,NA,NA,black,16311
2018,female,58,NA,NA,NA,NA,NA,NA,black,16686
2019,female,58,NA,NA,NA,NA,NA,NA,black,16636
2020,female,58,NA,NA,NA,NA,NA,NA,black,15823
2010,female,59,NA,NA,NA,NA,NA,NA,black,12870
2011,female,59,NA,NA,NA,NA,NA,NA,black,13173
2012,female,59,NA,NA,NA,NA,NA,NA,black,13653
2013,female,59,NA,NA,NA,NA,NA,NA,black,14144
2014,female,59,NA,NA,NA,NA,NA,NA,black,14661
2015,female,59,NA,NA,NA,NA,NA,NA,black,15052
2016,female,59,NA,NA,NA,NA,NA,NA,black,15457
2017,female,59,NA,NA,NA,NA,NA,NA,black,15817
2018,female,59,NA,NA,NA,NA,NA,NA,black,15990
2019,female,59,NA,NA,NA,NA,NA,NA,black,16207
2020,female,59,NA,NA,NA,NA,NA,NA,black,15883
2010,female,60,NA,NA,NA,NA,NA,NA,black,12947
2011,female,60,NA,NA,NA,NA,NA,NA,black,12913
2012,female,60,NA,NA,NA,NA,NA,NA,black,13042
2013,female,60,NA,NA,NA,NA,NA,NA,black,13396
2014,female,60,NA,NA,NA,NA,NA,NA,black,13942
2015,female,60,NA,NA,NA,NA,NA,NA,black,14462
2016,female,60,NA,NA,NA,NA,NA,NA,black,14842
2017,female,60,NA,NA,NA,NA,NA,NA,black,15255
2018,female,60,NA,NA,NA,NA,NA,NA,black,15604
2019,female,60,NA,NA,NA,NA,NA,NA,black,15763
2020,female,60,NA,NA,NA,NA,NA,NA,black,15754
2010,female,61,NA,NA,NA,NA,NA,NA,black,11975
2011,female,61,NA,NA,NA,NA,NA,NA,black,12488
2012,female,61,NA,NA,NA,NA,NA,NA,black,12713
2013,female,61,NA,NA,NA,NA,NA,NA,black,12847
2014,female,61,NA,NA,NA,NA,NA,NA,black,13136
2015,female,61,NA,NA,NA,NA,NA,NA,black,13681
2016,female,61,NA,NA,NA,NA,NA,NA,black,14183
2017,female,61,NA,NA,NA,NA,NA,NA,black,14598
2018,female,61,NA,NA,NA,NA,NA,NA,black,14970
2019,female,61,NA,NA,NA,NA,NA,NA,black,15264
2020,female,61,NA,NA,NA,NA,NA,NA,black,14873
2010,female,62,NA,NA,NA,NA,NA,NA,black,11522
2011,female,62,NA,NA,NA,NA,NA,NA,black,11884
2012,female,62,NA,NA,NA,NA,NA,NA,black,12205
2013,female,62,NA,NA,NA,NA,NA,NA,black,12367
2014,female,62,NA,NA,NA,NA,NA,NA,black,12491
2015,female,62,NA,NA,NA,NA,NA,NA,black,12801
2016,female,62,NA,NA,NA,NA,NA,NA,black,13335
2017,female,62,NA,NA,NA,NA,NA,NA,black,13861
2018,female,62,NA,NA,NA,NA,NA,NA,black,14280
2019,female,62,NA,NA,NA,NA,NA,NA,black,14619
2020,female,62,NA,NA,NA,NA,NA,NA,black,14443
2010,female,63,NA,NA,NA,NA,NA,NA,black,10496
2011,female,63,NA,NA,NA,NA,NA,NA,black,11337
2012,female,63,NA,NA,NA,NA,NA,NA,black,11646
2013,female,63,NA,NA,NA,NA,NA,NA,black,11935
2014,female,63,NA,NA,NA,NA,NA,NA,black,12135
2015,female,63,NA,NA,NA,NA,NA,NA,black,12254
2016,female,63,NA,NA,NA,NA,NA,NA,black,12554
2017,female,63,NA,NA,NA,NA,NA,NA,black,13146
2018,female,63,NA,NA,NA,NA,NA,NA,black,13707
2019,female,63,NA,NA,NA,NA,NA,NA,black,14175
2020,female,63,NA,NA,NA,NA,NA,NA,black,13984
2010,female,64,NA,NA,NA,NA,NA,NA,black,8660
2011,female,64,NA,NA,NA,NA,NA,NA,black,10121
2012,female,64,NA,NA,NA,NA,NA,NA,black,10929
2013,female,64,NA,NA,NA,NA,NA,NA,black,11356
2014,female,64,NA,NA,NA,NA,NA,NA,black,11651
2015,female,64,NA,NA,NA,NA,NA,NA,black,11837
2016,female,64,NA,NA,NA,NA,NA,NA,black,11924
2017,female,64,NA,NA,NA,NA,NA,NA,black,12251
2018,female,64,NA,NA,NA,NA,NA,NA,black,12777
2019,female,64,NA,NA,NA,NA,NA,NA,black,13198
2020,female,64,NA,NA,NA,NA,NA,NA,black,13188
2010,female,65,NA,NA,NA,NA,NA,NA,black,8805
2011,female,65,NA,NA,NA,NA,NA,NA,black,9361
2012,female,65,NA,NA,NA,NA,NA,NA,black,10025
2013,female,65,NA,NA,NA,NA,NA,NA,black,10665
2014,female,65,NA,NA,NA,NA,NA,NA,black,11127
2015,female,65,NA,NA,NA,NA,NA,NA,black,11452
2016,female,65,NA,NA,NA,NA,NA,NA,black,11621
2017,female,65,NA,NA,NA,NA,NA,NA,black,11727
2018,female,65,NA,NA,NA,NA,NA,NA,black,12051
2019,female,65,NA,NA,NA,NA,NA,NA,black,12604
2020,female,65,NA,NA,NA,NA,NA,NA,black,12745
2010,female,66,NA,NA,NA,NA,NA,NA,black,8479
2011,female,66,NA,NA,NA,NA,NA,NA,black,8811
2012,female,66,NA,NA,NA,NA,NA,NA,black,9158
2013,female,66,NA,NA,NA,NA,NA,NA,black,9722
2014,female,66,NA,NA,NA,NA,NA,NA,black,10399
2015,female,66,NA,NA,NA,NA,NA,NA,black,10858
2016,female,66,NA,NA,NA,NA,NA,NA,black,11165
2017,female,66,NA,NA,NA,NA,NA,NA,black,11356
2018,female,66,NA,NA,NA,NA,NA,NA,black,11411
2019,female,66,NA,NA,NA,NA,NA,NA,black,11665
2020,female,66,NA,NA,NA,NA,NA,NA,black,11762
2010,female,67,NA,NA,NA,NA,NA,NA,black,8290
2011,female,67,NA,NA,NA,NA,NA,NA,black,8374
2012,female,67,NA,NA,NA,NA,NA,NA,black,8571
2013,female,67,NA,NA,NA,NA,NA,NA,black,8887
2014,female,67,NA,NA,NA,NA,NA,NA,black,9419
2015,female,67,NA,NA,NA,NA,NA,NA,black,10101
2016,female,67,NA,NA,NA,NA,NA,NA,black,10561
2017,female,67,NA,NA,NA,NA,NA,NA,black,10911
2018,female,67,NA,NA,NA,NA,NA,NA,black,11137
2019,female,67,NA,NA,NA,NA,NA,NA,black,11214
2020,female,67,NA,NA,NA,NA,NA,NA,black,11169
2010,female,68,NA,NA,NA,NA,NA,NA,black,7498
2011,female,68,NA,NA,NA,NA,NA,NA,black,7957
2012,female,68,NA,NA,NA,NA,NA,NA,black,8180
2013,female,68,NA,NA,NA,NA,NA,NA,black,8354
2014,female,68,NA,NA,NA,NA,NA,NA,black,8631
2015,female,68,NA,NA,NA,NA,NA,NA,black,9169
2016,female,68,NA,NA,NA,NA,NA,NA,black,9851
2017,female,68,NA,NA,NA,NA,NA,NA,black,10374
2018,female,68,NA,NA,NA,NA,NA,NA,black,10750
2019,female,68,NA,NA,NA,NA,NA,NA,black,11043
2020,female,68,NA,NA,NA,NA,NA,NA,black,10759
2010,female,69,NA,NA,NA,NA,NA,NA,black,7193
2011,female,69,NA,NA,NA,NA,NA,NA,black,7482
2012,female,69,NA,NA,NA,NA,NA,NA,black,7737
2013,female,69,NA,NA,NA,NA,NA,NA,black,7889
2014,female,69,NA,NA,NA,NA,NA,NA,black,8063
2015,female,69,NA,NA,NA,NA,NA,NA,black,8335
2016,female,69,NA,NA,NA,NA,NA,NA,black,8854
2017,female,69,NA,NA,NA,NA,NA,NA,black,9526
2018,female,69,NA,NA,NA,NA,NA,NA,black,10002
2019,female,69,NA,NA,NA,NA,NA,NA,black,10303
2020,female,69,NA,NA,NA,NA,NA,NA,black,10252
2010,female,70,NA,NA,NA,NA,NA,NA,black,7112
2011,female,70,NA,NA,NA,NA,NA,NA,black,7220
2012,female,70,NA,NA,NA,NA,NA,NA,black,7325
2013,female,70,NA,NA,NA,NA,NA,NA,black,7518
2014,female,70,NA,NA,NA,NA,NA,NA,black,7702
2015,female,70,NA,NA,NA,NA,NA,NA,black,7871
2016,female,70,NA,NA,NA,NA,NA,NA,black,8147
2017,female,70,NA,NA,NA,NA,NA,NA,black,8678
2018,female,70,NA,NA,NA,NA,NA,NA,black,9398
2019,female,70,NA,NA,NA,NA,NA,NA,black,9971
2020,female,70,NA,NA,NA,NA,NA,NA,black,10065
2010,female,71,NA,NA,NA,NA,NA,NA,black,6568
2011,female,71,NA,NA,NA,NA,NA,NA,black,6817
2012,female,71,NA,NA,NA,NA,NA,NA,black,6987
2013,female,71,NA,NA,NA,NA,NA,NA,black,7114
2014,female,71,NA,NA,NA,NA,NA,NA,black,7290
2015,female,71,NA,NA,NA,NA,NA,NA,black,7449
2016,female,71,NA,NA,NA,NA,NA,NA,black,7628
2017,female,71,NA,NA,NA,NA,NA,NA,black,7943
2018,female,71,NA,NA,NA,NA,NA,NA,black,8505
2019,female,71,NA,NA,NA,NA,NA,NA,black,9248
2020,female,71,NA,NA,NA,NA,NA,NA,black,9464
2010,female,72,NA,NA,NA,NA,NA,NA,black,6200
2011,female,72,NA,NA,NA,NA,NA,NA,black,6479
2012,female,72,NA,NA,NA,NA,NA,NA,black,6582
2013,female,72,NA,NA,NA,NA,NA,NA,black,6695
2014,female,72,NA,NA,NA,NA,NA,NA,black,6832
2015,female,72,NA,NA,NA,NA,NA,NA,black,7031
2016,female,72,NA,NA,NA,NA,NA,NA,black,7195
2017,female,72,NA,NA,NA,NA,NA,NA,black,7412
2018,female,72,NA,NA,NA,NA,NA,NA,black,7771
2019,female,72,NA,NA,NA,NA,NA,NA,black,8341
2020,female,72,NA,NA,NA,NA,NA,NA,black,8951
2010,female,73,NA,NA,NA,NA,NA,NA,black,5792
2011,female,73,NA,NA,NA,NA,NA,NA,black,6111
2012,female,73,NA,NA,NA,NA,NA,NA,black,6330
2013,female,73,NA,NA,NA,NA,NA,NA,black,6412
2014,female,73,NA,NA,NA,NA,NA,NA,black,6510
2015,female,73,NA,NA,NA,NA,NA,NA,black,6635
2016,female,73,NA,NA,NA,NA,NA,NA,black,6850
2017,female,73,NA,NA,NA,NA,NA,NA,black,7071
2018,female,73,NA,NA,NA,NA,NA,NA,black,7360
2019,female,73,NA,NA,NA,NA,NA,NA,black,7855
2020,female,73,NA,NA,NA,NA,NA,NA,black,8289
2010,female,74,NA,NA,NA,NA,NA,NA,black,5629
2011,female,74,NA,NA,NA,NA,NA,NA,black,5713
2012,female,74,NA,NA,NA,NA,NA,NA,black,5866
2013,female,74,NA,NA,NA,NA,NA,NA,black,6048
2014,female,74,NA,NA,NA,NA,NA,NA,black,6135
2015,female,74,NA,NA,NA,NA,NA,NA,black,6224
2016,female,74,NA,NA,NA,NA,NA,NA,black,6338
2017,female,74,NA,NA,NA,NA,NA,NA,black,6542
2018,female,74,NA,NA,NA,NA,NA,NA,black,6709
2019,female,74,NA,NA,NA,NA,NA,NA,black,6867
2020,female,74,NA,NA,NA,NA,NA,NA,black,6580
2010,female,75,NA,NA,NA,NA,NA,NA,black,5458
2011,female,75,NA,NA,NA,NA,NA,NA,black,5475
2012,female,75,NA,NA,NA,NA,NA,NA,black,5549
2013,female,75,NA,NA,NA,NA,NA,NA,black,5659
2014,female,75,NA,NA,NA,NA,NA,NA,black,5857
2015,female,75,NA,NA,NA,NA,NA,NA,black,5943
2016,female,75,NA,NA,NA,NA,NA,NA,black,6013
2017,female,75,NA,NA,NA,NA,NA,NA,black,6142
2018,female,75,NA,NA,NA,NA,NA,NA,black,6366
2019,female,75,NA,NA,NA,NA,NA,NA,black,6551
2020,female,75,NA,NA,NA,NA,NA,NA,black,6514
2010,female,76,NA,NA,NA,NA,NA,NA,black,4894
2011,female,76,NA,NA,NA,NA,NA,NA,black,5127
2012,female,76,NA,NA,NA,NA,NA,NA,black,5235
2013,female,76,NA,NA,NA,NA,NA,NA,black,5309
2014,female,76,NA,NA,NA,NA,NA,NA,black,5403
2015,female,76,NA,NA,NA,NA,NA,NA,black,5597
2016,female,76,NA,NA,NA,NA,NA,NA,black,5668
2017,female,76,NA,NA,NA,NA,NA,NA,black,5799
2018,female,76,NA,NA,NA,NA,NA,NA,black,5957
2019,female,76,NA,NA,NA,NA,NA,NA,black,6212
2020,female,76,NA,NA,NA,NA,NA,NA,black,6322
2010,female,77,NA,NA,NA,NA,NA,NA,black,4745
2011,female,77,NA,NA,NA,NA,NA,NA,black,4886
2012,female,77,NA,NA,NA,NA,NA,NA,black,4920
2013,female,77,NA,NA,NA,NA,NA,NA,black,4979
2014,female,77,NA,NA,NA,NA,NA,NA,black,5063
2015,female,77,NA,NA,NA,NA,NA,NA,black,5160
2016,female,77,NA,NA,NA,NA,NA,NA,black,5355
2017,female,77,NA,NA,NA,NA,NA,NA,black,5483
2018,female,77,NA,NA,NA,NA,NA,NA,black,5644
2019,female,77,NA,NA,NA,NA,NA,NA,black,5849
2020,female,77,NA,NA,NA,NA,NA,NA,black,6031
2010,female,78,NA,NA,NA,NA,NA,NA,black,3987
2011,female,78,NA,NA,NA,NA,NA,NA,black,4448
2012,female,78,NA,NA,NA,NA,NA,NA,black,4681
2013,female,78,NA,NA,NA,NA,NA,NA,black,4740
2014,female,78,NA,NA,NA,NA,NA,NA,black,4767
2015,female,78,NA,NA,NA,NA,NA,NA,black,4831
2016,female,78,NA,NA,NA,NA,NA,NA,black,4926
2017,female,78,NA,NA,NA,NA,NA,NA,black,5140
2018,female,78,NA,NA,NA,NA,NA,NA,black,5284
2019,female,78,NA,NA,NA,NA,NA,NA,black,5472
2020,female,78,NA,NA,NA,NA,NA,NA,black,5430
2010,female,79,NA,NA,NA,NA,NA,NA,black,3986
2011,female,79,NA,NA,NA,NA,NA,NA,black,4060
2012,female,79,NA,NA,NA,NA,NA,NA,black,4216
2013,female,79,NA,NA,NA,NA,NA,NA,black,4398
2014,female,79,NA,NA,NA,NA,NA,NA,black,4473
2015,female,79,NA,NA,NA,NA,NA,NA,black,4519
2016,female,79,NA,NA,NA,NA,NA,NA,black,4572
2017,female,79,NA,NA,NA,NA,NA,NA,black,4685
2018,female,79,NA,NA,NA,NA,NA,NA,black,4904
2019,female,79,NA,NA,NA,NA,NA,NA,black,5033
2020,female,79,NA,NA,NA,NA,NA,NA,black,4968
2010,female,80,NA,NA,NA,NA,NA,NA,black,3892
2011,female,80,NA,NA,NA,NA,NA,NA,black,3827
2012,female,80,NA,NA,NA,NA,NA,NA,black,3865
2013,female,80,NA,NA,NA,NA,NA,NA,black,3978
2014,female,80,NA,NA,NA,NA,NA,NA,black,4180
2015,female,80,NA,NA,NA,NA,NA,NA,black,4260
2016,female,80,NA,NA,NA,NA,NA,NA,black,4298
2017,female,80,NA,NA,NA,NA,NA,NA,black,4361
2018,female,80,NA,NA,NA,NA,NA,NA,black,4482
2019,female,80,NA,NA,NA,NA,NA,NA,black,4738
2020,female,80,NA,NA,NA,NA,NA,NA,black,4849
2010,female,81,NA,NA,NA,NA,NA,NA,black,3422
2011,female,81,NA,NA,NA,NA,NA,NA,black,3572
2012,female,81,NA,NA,NA,NA,NA,NA,black,3640
2013,female,81,NA,NA,NA,NA,NA,NA,black,3667
2014,female,81,NA,NA,NA,NA,NA,NA,black,3751
2015,female,81,NA,NA,NA,NA,NA,NA,black,3955
2016,female,81,NA,NA,NA,NA,NA,NA,black,4042
2017,female,81,NA,NA,NA,NA,NA,NA,black,4077
2018,female,81,NA,NA,NA,NA,NA,NA,black,4162
2019,female,81,NA,NA,NA,NA,NA,NA,black,4303
2020,female,81,NA,NA,NA,NA,NA,NA,black,4400
2010,female,82,NA,NA,NA,NA,NA,NA,black,3264
2011,female,82,NA,NA,NA,NA,NA,NA,black,3328
2012,female,82,NA,NA,NA,NA,NA,NA,black,3375
2013,female,82,NA,NA,NA,NA,NA,NA,black,3418
2014,female,82,NA,NA,NA,NA,NA,NA,black,3435
2015,female,82,NA,NA,NA,NA,NA,NA,black,3517
2016,female,82,NA,NA,NA,NA,NA,NA,black,3721
2017,female,82,NA,NA,NA,NA,NA,NA,black,3824
2018,female,82,NA,NA,NA,NA,NA,NA,black,3880
2019,female,82,NA,NA,NA,NA,NA,NA,black,4008
2020,female,82,NA,NA,NA,NA,NA,NA,black,4045
2010,female,83,NA,NA,NA,NA,NA,NA,black,3078
2011,female,83,NA,NA,NA,NA,NA,NA,black,3096
2012,female,83,NA,NA,NA,NA,NA,NA,black,3076
2013,female,83,NA,NA,NA,NA,NA,NA,black,3120
2014,female,83,NA,NA,NA,NA,NA,NA,black,3187
2015,female,83,NA,NA,NA,NA,NA,NA,black,3203
2016,female,83,NA,NA,NA,NA,NA,NA,black,3281
2017,female,83,NA,NA,NA,NA,NA,NA,black,3495
2018,female,83,NA,NA,NA,NA,NA,NA,black,3603
2019,female,83,NA,NA,NA,NA,NA,NA,black,3661
2020,female,83,NA,NA,NA,NA,NA,NA,black,3667
2010,female,84,NA,NA,NA,NA,NA,NA,black,2911
2011,female,84,NA,NA,NA,NA,NA,NA,black,2921
2012,female,84,NA,NA,NA,NA,NA,NA,black,2941
2013,female,84,NA,NA,NA,NA,NA,NA,black,2914
2014,female,84,NA,NA,NA,NA,NA,NA,black,2927
2015,female,84,NA,NA,NA,NA,NA,NA,black,2962
2016,female,84,NA,NA,NA,NA,NA,NA,black,2979
2017,female,84,NA,NA,NA,NA,NA,NA,black,3084
2018,female,84,NA,NA,NA,NA,NA,NA,black,3309
2019,female,84,NA,NA,NA,NA,NA,NA,black,3444
2020,female,84,NA,NA,NA,NA,NA,NA,black,3503
2010,female,85,NA,NA,NA,NA,NA,NA,black,2797
2011,female,85,NA,NA,NA,NA,NA,NA,black,2739
2012,female,85,NA,NA,NA,NA,NA,NA,black,2696
2013,female,85,NA,NA,NA,NA,NA,NA,black,2688
2014,female,85,NA,NA,NA,NA,NA,NA,black,2688
2015,female,85,NA,NA,NA,NA,NA,NA,black,2698
2016,female,85,NA,NA,NA,NA,NA,NA,black,2742
2017,female,85,NA,NA,NA,NA,NA,NA,black,2753
2018,female,85,NA,NA,NA,NA,NA,NA,black,2859
2019,female,85,NA,NA,NA,NA,NA,NA,black,3082
2020,female,85,NA,NA,NA,NA,NA,NA,black,3350
2010,female,86,NA,NA,NA,NA,NA,NA,black,2329
2011,female,86,NA,NA,NA,NA,NA,NA,black,2450
2012,female,86,NA,NA,NA,NA,NA,NA,black,2506
2013,female,86,NA,NA,NA,NA,NA,NA,black,2504
2014,female,86,NA,NA,NA,NA,NA,NA,black,2491
2015,female,86,NA,NA,NA,NA,NA,NA,black,2479
2016,female,86,NA,NA,NA,NA,NA,NA,black,2474
2017,female,86,NA,NA,NA,NA,NA,NA,black,2507
2018,female,86,NA,NA,NA,NA,NA,NA,black,2488
2019,female,86,NA,NA,NA,NA,NA,NA,black,2552
2020,female,86,NA,NA,NA,NA,NA,NA,black,2843
2010,female,87,NA,NA,NA,NA,NA,NA,black,2107
2011,female,87,NA,NA,NA,NA,NA,NA,black,2229
2012,female,87,NA,NA,NA,NA,NA,NA,black,2243
2013,female,87,NA,NA,NA,NA,NA,NA,black,2276
2014,female,87,NA,NA,NA,NA,NA,NA,black,2286
2015,female,87,NA,NA,NA,NA,NA,NA,black,2286
2016,female,87,NA,NA,NA,NA,NA,NA,black,2271
2017,female,87,NA,NA,NA,NA,NA,NA,black,2283
2018,female,87,NA,NA,NA,NA,NA,NA,black,2354
2019,female,87,NA,NA,NA,NA,NA,NA,black,2400
2020,female,87,NA,NA,NA,NA,NA,NA,black,2607
2010,female,88,NA,NA,NA,NA,NA,NA,black,1851
2011,female,88,NA,NA,NA,NA,NA,NA,black,1890
2012,female,88,NA,NA,NA,NA,NA,NA,black,1953
2013,female,88,NA,NA,NA,NA,NA,NA,black,1981
2014,female,88,NA,NA,NA,NA,NA,NA,black,2020
2015,female,88,NA,NA,NA,NA,NA,NA,black,2023
2016,female,88,NA,NA,NA,NA,NA,NA,black,2007
2017,female,88,NA,NA,NA,NA,NA,NA,black,2012
2018,female,88,NA,NA,NA,NA,NA,NA,black,2025
2019,female,88,NA,NA,NA,NA,NA,NA,black,2080
2020,female,88,NA,NA,NA,NA,NA,NA,black,2052
2010,female,89,NA,NA,NA,NA,NA,NA,black,1654
2011,female,89,NA,NA,NA,NA,NA,NA,black,1673
2012,female,89,NA,NA,NA,NA,NA,NA,black,1687
2013,female,89,NA,NA,NA,NA,NA,NA,black,1704
2014,female,89,NA,NA,NA,NA,NA,NA,black,1734
2015,female,89,NA,NA,NA,NA,NA,NA,black,1781
2016,female,89,NA,NA,NA,NA,NA,NA,black,1782
2017,female,89,NA,NA,NA,NA,NA,NA,black,1777
2018,female,89,NA,NA,NA,NA,NA,NA,black,1770
2019,female,89,NA,NA,NA,NA,NA,NA,black,1768
2020,female,89,NA,NA,NA,NA,NA,NA,black,1959
2010,female,90,NA,NA,NA,NA,NA,NA,black,1455
2011,female,90,NA,NA,NA,NA,NA,NA,black,1515
2012,female,90,NA,NA,NA,NA,NA,NA,black,1521
2013,female,90,NA,NA,NA,NA,NA,NA,black,1560
2014,female,90,NA,NA,NA,NA,NA,NA,black,1573
2015,female,90,NA,NA,NA,NA,NA,NA,black,1599
2016,female,90,NA,NA,NA,NA,NA,NA,black,1624
2017,female,90,NA,NA,NA,NA,NA,NA,black,1665
2018,female,90,NA,NA,NA,NA,NA,NA,black,1692
2019,female,90,NA,NA,NA,NA,NA,NA,black,1697
2020,female,90,NA,NA,NA,NA,NA,NA,black,1793
2010,female,91,NA,NA,NA,NA,NA,NA,black,1023
2011,female,91,NA,NA,NA,NA,NA,NA,black,1132
2012,female,91,NA,NA,NA,NA,NA,NA,black,1170
2013,female,91,NA,NA,NA,NA,NA,NA,black,1189
2014,female,91,NA,NA,NA,NA,NA,NA,black,1225
2015,female,91,NA,NA,NA,NA,NA,NA,black,1244
2016,female,91,NA,NA,NA,NA,NA,NA,black,1265
2017,female,91,NA,NA,NA,NA,NA,NA,black,1286
2018,female,91,NA,NA,NA,NA,NA,NA,black,1330
2019,female,91,NA,NA,NA,NA,NA,NA,black,1368
2020,female,91,NA,NA,NA,NA,NA,NA,black,1451
2010,female,92,NA,NA,NA,NA,NA,NA,black,923
2011,female,92,NA,NA,NA,NA,NA,NA,black,955
2012,female,92,NA,NA,NA,NA,NA,NA,black,987
2013,female,92,NA,NA,NA,NA,NA,NA,black,1026
2014,female,92,NA,NA,NA,NA,NA,NA,black,1030
2015,female,92,NA,NA,NA,NA,NA,NA,black,1070
2016,female,92,NA,NA,NA,NA,NA,NA,black,1063
2017,female,92,NA,NA,NA,NA,NA,NA,black,1083
2018,female,92,NA,NA,NA,NA,NA,NA,black,1105
2019,female,92,NA,NA,NA,NA,NA,NA,black,1131
2020,female,92,NA,NA,NA,NA,NA,NA,black,1279
2010,female,93,NA,NA,NA,NA,NA,NA,black,767
2011,female,93,NA,NA,NA,NA,NA,NA,black,781
2012,female,93,NA,NA,NA,NA,NA,NA,black,791
2013,female,93,NA,NA,NA,NA,NA,NA,black,822
2014,female,93,NA,NA,NA,NA,NA,NA,black,865
2015,female,93,NA,NA,NA,NA,NA,NA,black,870
2016,female,93,NA,NA,NA,NA,NA,NA,black,895
2017,female,93,NA,NA,NA,NA,NA,NA,black,900
2018,female,93,NA,NA,NA,NA,NA,NA,black,918
2019,female,93,NA,NA,NA,NA,NA,NA,black,935
2020,female,93,NA,NA,NA,NA,NA,NA,black,975
2010,female,94,NA,NA,NA,NA,NA,NA,black,633
2011,female,94,NA,NA,NA,NA,NA,NA,black,656
2012,female,94,NA,NA,NA,NA,NA,NA,black,699
2013,female,94,NA,NA,NA,NA,NA,NA,black,700
2014,female,94,NA,NA,NA,NA,NA,NA,black,726
2015,female,94,NA,NA,NA,NA,NA,NA,black,769
2016,female,94,NA,NA,NA,NA,NA,NA,black,757
2017,female,94,NA,NA,NA,NA,NA,NA,black,794
2018,female,94,NA,NA,NA,NA,NA,NA,black,784
2019,female,94,NA,NA,NA,NA,NA,NA,black,799
2020,female,94,NA,NA,NA,NA,NA,NA,black,893
2010,female,95,NA,NA,NA,NA,NA,NA,black,497
2011,female,95,NA,NA,NA,NA,NA,NA,black,541
2012,female,95,NA,NA,NA,NA,NA,NA,black,544
2013,female,95,NA,NA,NA,NA,NA,NA,black,585
2014,female,95,NA,NA,NA,NA,NA,NA,black,584
2015,female,95,NA,NA,NA,NA,NA,NA,black,615
2016,female,95,NA,NA,NA,NA,NA,NA,black,646
2017,female,95,NA,NA,NA,NA,NA,NA,black,646
2018,female,95,NA,NA,NA,NA,NA,NA,black,674
2019,female,95,NA,NA,NA,NA,NA,NA,black,669
2020,female,95,NA,NA,NA,NA,NA,NA,black,737
2010,female,96,NA,NA,NA,NA,NA,NA,black,398
2011,female,96,NA,NA,NA,NA,NA,NA,black,415
2012,female,96,NA,NA,NA,NA,NA,NA,black,438
2013,female,96,NA,NA,NA,NA,NA,NA,black,449
2014,female,96,NA,NA,NA,NA,NA,NA,black,480
2015,female,96,NA,NA,NA,NA,NA,NA,black,489
2016,female,96,NA,NA,NA,NA,NA,NA,black,508
2017,female,96,NA,NA,NA,NA,NA,NA,black,540
2018,female,96,NA,NA,NA,NA,NA,NA,black,542
2019,female,96,NA,NA,NA,NA,NA,NA,black,571
2020,female,96,NA,NA,NA,NA,NA,NA,black,622
2010,female,97,NA,NA,NA,NA,NA,NA,black,317
2011,female,97,NA,NA,NA,NA,NA,NA,black,335
2012,female,97,NA,NA,NA,NA,NA,NA,black,352
2013,female,97,NA,NA,NA,NA,NA,NA,black,362
2014,female,97,NA,NA,NA,NA,NA,NA,black,370
2015,female,97,NA,NA,NA,NA,NA,NA,black,395
2016,female,97,NA,NA,NA,NA,NA,NA,black,396
2017,female,97,NA,NA,NA,NA,NA,NA,black,410
2018,female,97,NA,NA,NA,NA,NA,NA,black,429
2019,female,97,NA,NA,NA,NA,NA,NA,black,431
2020,female,97,NA,NA,NA,NA,NA,NA,black,448
2010,female,98,NA,NA,NA,NA,NA,NA,black,227
2011,female,98,NA,NA,NA,NA,NA,NA,black,235
2012,female,98,NA,NA,NA,NA,NA,NA,black,244
2013,female,98,NA,NA,NA,NA,NA,NA,black,259
2014,female,98,NA,NA,NA,NA,NA,NA,black,270
2015,female,98,NA,NA,NA,NA,NA,NA,black,282
2016,female,98,NA,NA,NA,NA,NA,NA,black,293
2017,female,98,NA,NA,NA,NA,NA,NA,black,299
2018,female,98,NA,NA,NA,NA,NA,NA,black,302
2019,female,98,NA,NA,NA,NA,NA,NA,black,328
2020,female,98,NA,NA,NA,NA,NA,NA,black,364
2010,female,99,NA,NA,NA,NA,NA,NA,black,167
2011,female,99,NA,NA,NA,NA,NA,NA,black,182
2012,female,99,NA,NA,NA,NA,NA,NA,black,187
2013,female,99,NA,NA,NA,NA,NA,NA,black,193
2014,female,99,NA,NA,NA,NA,NA,NA,black,205
2015,female,99,NA,NA,NA,NA,NA,NA,black,215
2016,female,99,NA,NA,NA,NA,NA,NA,black,222
2017,female,99,NA,NA,NA,NA,NA,NA,black,231
2018,female,99,NA,NA,NA,NA,NA,NA,black,233
2019,female,99,NA,NA,NA,NA,NA,NA,black,240
2020,female,99,NA,NA,NA,NA,NA,NA,black,260
2010,female,100,NA,NA,NA,NA,NA,NA,black,352
2011,female,100,NA,NA,NA,NA,NA,NA,black,396
2012,female,100,NA,NA,NA,NA,NA,NA,black,408
2013,female,100,NA,NA,NA,NA,NA,NA,black,418
2014,female,100,NA,NA,NA,NA,NA,NA,black,431
2015,female,100,NA,NA,NA,NA,NA,NA,black,446
2016,female,100,NA,NA,NA,NA,NA,NA,black,452
2017,female,100,NA,NA,NA,NA,NA,NA,black,471
2018,female,100,NA,NA,NA,NA,NA,NA,black,487
2019,female,100,NA,NA,NA,NA,NA,NA,black,493
2020,female,100,NA,NA,NA,NA,NA,NA,black,486
2010,female,0,NA,NA,NA,NA,NA,NA,hispanic,129848
2011,female,0,NA,NA,NA,NA,NA,NA,hispanic,123251
2012,female,0,NA,NA,NA,NA,NA,NA,hispanic,120317
2013,female,0,NA,NA,NA,NA,NA,NA,hispanic,117825
2014,female,0,NA,NA,NA,NA,NA,NA,hispanic,116702
2015,female,0,NA,NA,NA,NA,NA,NA,hispanic,115647
2016,female,0,NA,NA,NA,NA,NA,NA,hispanic,114074
2017,female,0,NA,NA,NA,NA,NA,NA,hispanic,112618
2018,female,0,NA,NA,NA,NA,NA,NA,hispanic,110729
2019,female,0,NA,NA,NA,NA,NA,NA,hispanic,109981
2020,female,0,NA,NA,NA,NA,NA,NA,hispanic,130605
2010,female,1,NA,NA,NA,NA,NA,NA,hispanic,130113
2011,female,1,NA,NA,NA,NA,NA,NA,hispanic,129281
2012,female,1,NA,NA,NA,NA,NA,NA,hispanic,126764
2013,female,1,NA,NA,NA,NA,NA,NA,hispanic,122895
2014,female,1,NA,NA,NA,NA,NA,NA,hispanic,119575
2015,female,1,NA,NA,NA,NA,NA,NA,hispanic,118276
2016,female,1,NA,NA,NA,NA,NA,NA,hispanic,116847
2017,female,1,NA,NA,NA,NA,NA,NA,hispanic,115369
2018,female,1,NA,NA,NA,NA,NA,NA,hispanic,115037
2019,female,1,NA,NA,NA,NA,NA,NA,hispanic,115990
2020,female,1,NA,NA,NA,NA,NA,NA,hispanic,131528
2010,female,2,NA,NA,NA,NA,NA,NA,hispanic,134777
2011,female,2,NA,NA,NA,NA,NA,NA,hispanic,131907
2012,female,2,NA,NA,NA,NA,NA,NA,hispanic,129304
2013,female,2,NA,NA,NA,NA,NA,NA,hispanic,126611
2014,female,2,NA,NA,NA,NA,NA,NA,hispanic,123323
2015,female,2,NA,NA,NA,NA,NA,NA,hispanic,120058
2016,female,2,NA,NA,NA,NA,NA,NA,hispanic,118685
2017,female,2,NA,NA,NA,NA,NA,NA,hispanic,117484
2018,female,2,NA,NA,NA,NA,NA,NA,hispanic,116639
2019,female,2,NA,NA,NA,NA,NA,NA,hispanic,117633
2020,female,2,NA,NA,NA,NA,NA,NA,hispanic,133549
2010,female,3,NA,NA,NA,NA,NA,NA,hispanic,135014
2011,female,3,NA,NA,NA,NA,NA,NA,hispanic,134953
2012,female,3,NA,NA,NA,NA,NA,NA,hispanic,134216
2013,female,3,NA,NA,NA,NA,NA,NA,hispanic,132593
2014,female,3,NA,NA,NA,NA,NA,NA,hispanic,130144
2015,female,3,NA,NA,NA,NA,NA,NA,hispanic,126471
2016,female,3,NA,NA,NA,NA,NA,NA,hispanic,122742
2017,female,3,NA,NA,NA,NA,NA,NA,hispanic,120856
2018,female,3,NA,NA,NA,NA,NA,NA,hispanic,119479
2019,female,3,NA,NA,NA,NA,NA,NA,hispanic,119961
2020,female,3,NA,NA,NA,NA,NA,NA,hispanic,137769
2010,female,4,NA,NA,NA,NA,NA,NA,hispanic,131092
2011,female,4,NA,NA,NA,NA,NA,NA,hispanic,134879
2012,female,4,NA,NA,NA,NA,NA,NA,hispanic,136322
2013,female,4,NA,NA,NA,NA,NA,NA,hispanic,136464
2014,female,4,NA,NA,NA,NA,NA,NA,hispanic,135324
2015,female,4,NA,NA,NA,NA,NA,NA,hispanic,132707
2016,female,4,NA,NA,NA,NA,NA,NA,hispanic,128751
2017,female,4,NA,NA,NA,NA,NA,NA,hispanic,124898
2018,female,4,NA,NA,NA,NA,NA,NA,hispanic,123219
2019,female,4,NA,NA,NA,NA,NA,NA,hispanic,123642
2020,female,4,NA,NA,NA,NA,NA,NA,hispanic,140564
2010,female,5,NA,NA,NA,NA,NA,NA,hispanic,128829
2011,female,5,NA,NA,NA,NA,NA,NA,hispanic,133697
2012,female,5,NA,NA,NA,NA,NA,NA,hispanic,136391
2013,female,5,NA,NA,NA,NA,NA,NA,hispanic,138265
2014,female,5,NA,NA,NA,NA,NA,NA,hispanic,138741
2015,female,5,NA,NA,NA,NA,NA,NA,hispanic,137341
2016,female,5,NA,NA,NA,NA,NA,NA,hispanic,134487
2017,female,5,NA,NA,NA,NA,NA,NA,hispanic,130451
2018,female,5,NA,NA,NA,NA,NA,NA,hispanic,126802
2019,female,5,NA,NA,NA,NA,NA,NA,hispanic,126565
2020,female,5,NA,NA,NA,NA,NA,NA,hispanic,140933
2010,female,6,NA,NA,NA,NA,NA,NA,hispanic,126873
2011,female,6,NA,NA,NA,NA,NA,NA,hispanic,131319
2012,female,6,NA,NA,NA,NA,NA,NA,hispanic,134968
2013,female,6,NA,NA,NA,NA,NA,NA,hispanic,138272
2014,female,6,NA,NA,NA,NA,NA,NA,hispanic,140572
2015,female,6,NA,NA,NA,NA,NA,NA,hispanic,140778
2016,female,6,NA,NA,NA,NA,NA,NA,hispanic,138958
2017,female,6,NA,NA,NA,NA,NA,NA,hispanic,135639
2018,female,6,NA,NA,NA,NA,NA,NA,hispanic,131174
2019,female,6,NA,NA,NA,NA,NA,NA,hispanic,127779
2020,female,6,NA,NA,NA,NA,NA,NA,hispanic,140684
2010,female,7,NA,NA,NA,NA,NA,NA,hispanic,126099
2011,female,7,NA,NA,NA,NA,NA,NA,hispanic,130240
2012,female,7,NA,NA,NA,NA,NA,NA,hispanic,133573
2013,female,7,NA,NA,NA,NA,NA,NA,hispanic,137394
2014,female,7,NA,NA,NA,NA,NA,NA,hispanic,141016
2015,female,7,NA,NA,NA,NA,NA,NA,hispanic,143029
2016,female,7,NA,NA,NA,NA,NA,NA,hispanic,142854
2017,female,7,NA,NA,NA,NA,NA,NA,hispanic,140704
2018,female,7,NA,NA,NA,NA,NA,NA,hispanic,137233
2019,female,7,NA,NA,NA,NA,NA,NA,hispanic,133835
2020,female,7,NA,NA,NA,NA,NA,NA,hispanic,141997
2010,female,8,NA,NA,NA,NA,NA,NA,hispanic,125144
2011,female,8,NA,NA,NA,NA,NA,NA,hispanic,128437
2012,female,8,NA,NA,NA,NA,NA,NA,hispanic,131762
2013,female,8,NA,NA,NA,NA,NA,NA,hispanic,135586
2014,female,8,NA,NA,NA,NA,NA,NA,hispanic,139677
2015,female,8,NA,NA,NA,NA,NA,NA,hispanic,142904
2016,female,8,NA,NA,NA,NA,NA,NA,hispanic,144344
2017,female,8,NA,NA,NA,NA,NA,NA,hispanic,143470
2018,female,8,NA,NA,NA,NA,NA,NA,hispanic,140382
2019,female,8,NA,NA,NA,NA,NA,NA,hispanic,136133
2020,female,8,NA,NA,NA,NA,NA,NA,hispanic,142651
2010,female,9,NA,NA,NA,NA,NA,NA,hispanic,127583
2011,female,9,NA,NA,NA,NA,NA,NA,hispanic,128730
2012,female,9,NA,NA,NA,NA,NA,NA,hispanic,130833
2013,female,9,NA,NA,NA,NA,NA,NA,hispanic,133942
2014,female,9,NA,NA,NA,NA,NA,NA,hispanic,137870
2015,female,9,NA,NA,NA,NA,NA,NA,hispanic,141640
2016,female,9,NA,NA,NA,NA,NA,NA,hispanic,144327
2017,female,9,NA,NA,NA,NA,NA,NA,hispanic,145198
2018,female,9,NA,NA,NA,NA,NA,NA,hispanic,143648
2019,female,9,NA,NA,NA,NA,NA,NA,hispanic,140248
2020,female,9,NA,NA,NA,NA,NA,NA,hispanic,146141
2010,female,10,NA,NA,NA,NA,NA,NA,hispanic,126991
2011,female,10,NA,NA,NA,NA,NA,NA,hispanic,128880
2012,female,10,NA,NA,NA,NA,NA,NA,hispanic,131075
2013,female,10,NA,NA,NA,NA,NA,NA,hispanic,133755
2014,female,10,NA,NA,NA,NA,NA,NA,hispanic,137026
2015,female,10,NA,NA,NA,NA,NA,NA,hispanic,140439
2016,female,10,NA,NA,NA,NA,NA,NA,hispanic,143556
2017,female,10,NA,NA,NA,NA,NA,NA,hispanic,145348
2018,female,10,NA,NA,NA,NA,NA,NA,hispanic,144948
2019,female,10,NA,NA,NA,NA,NA,NA,hispanic,142450
2020,female,10,NA,NA,NA,NA,NA,NA,hispanic,149384
2010,female,11,NA,NA,NA,NA,NA,NA,hispanic,126253
2011,female,11,NA,NA,NA,NA,NA,NA,hispanic,128659
2012,female,11,NA,NA,NA,NA,NA,NA,hispanic,130566
2013,female,11,NA,NA,NA,NA,NA,NA,hispanic,132785
2014,female,11,NA,NA,NA,NA,NA,NA,hispanic,135481
2015,female,11,NA,NA,NA,NA,NA,NA,hispanic,138421
2016,female,11,NA,NA,NA,NA,NA,NA,hispanic,141357
2017,female,11,NA,NA,NA,NA,NA,NA,hispanic,143969
2018,female,11,NA,NA,NA,NA,NA,NA,hispanic,145027
2019,female,11,NA,NA,NA,NA,NA,NA,hispanic,144055
2020,female,11,NA,NA,NA,NA,NA,NA,hispanic,151632
2010,female,12,NA,NA,NA,NA,NA,NA,hispanic,126826
2011,female,12,NA,NA,NA,NA,NA,NA,hispanic,128617
2012,female,12,NA,NA,NA,NA,NA,NA,hispanic,130758
2013,female,12,NA,NA,NA,NA,NA,NA,hispanic,132893
2014,female,12,NA,NA,NA,NA,NA,NA,hispanic,135237
2015,female,12,NA,NA,NA,NA,NA,NA,hispanic,137544
2016,female,12,NA,NA,NA,NA,NA,NA,hispanic,140052
2017,female,12,NA,NA,NA,NA,NA,NA,hispanic,142590
2018,female,12,NA,NA,NA,NA,NA,NA,hispanic,144700
2019,female,12,NA,NA,NA,NA,NA,NA,hispanic,145985
2020,female,12,NA,NA,NA,NA,NA,NA,hispanic,155313
2010,female,13,NA,NA,NA,NA,NA,NA,hispanic,128299
2011,female,13,NA,NA,NA,NA,NA,NA,hispanic,128948
2012,female,13,NA,NA,NA,NA,NA,NA,hispanic,130155
2013,female,13,NA,NA,NA,NA,NA,NA,hispanic,132340
2014,female,13,NA,NA,NA,NA,NA,NA,hispanic,134837
2015,female,13,NA,NA,NA,NA,NA,NA,hispanic,136961
2016,female,13,NA,NA,NA,NA,NA,NA,hispanic,138884
2017,female,13,NA,NA,NA,NA,NA,NA,hispanic,140879
2018,female,13,NA,NA,NA,NA,NA,NA,hispanic,142789
2019,female,13,NA,NA,NA,NA,NA,NA,hispanic,144731
2020,female,13,NA,NA,NA,NA,NA,NA,hispanic,153283
2010,female,14,NA,NA,NA,NA,NA,NA,hispanic,129459
2011,female,14,NA,NA,NA,NA,NA,NA,hispanic,130104
2012,female,14,NA,NA,NA,NA,NA,NA,hispanic,131030
2013,female,14,NA,NA,NA,NA,NA,NA,hispanic,132456
2014,female,14,NA,NA,NA,NA,NA,NA,hispanic,134586
2015,female,14,NA,NA,NA,NA,NA,NA,hispanic,136618
2016,female,14,NA,NA,NA,NA,NA,NA,hispanic,138128
2017,female,14,NA,NA,NA,NA,NA,NA,hispanic,139212
2018,female,14,NA,NA,NA,NA,NA,NA,hispanic,139996
2019,female,14,NA,NA,NA,NA,NA,NA,hispanic,140559
2020,female,14,NA,NA,NA,NA,NA,NA,hispanic,146006
2010,female,15,NA,NA,NA,NA,NA,NA,hispanic,130906
2011,female,15,NA,NA,NA,NA,NA,NA,hispanic,130962
2012,female,15,NA,NA,NA,NA,NA,NA,hispanic,131652
2013,female,15,NA,NA,NA,NA,NA,NA,hispanic,132769
2014,female,15,NA,NA,NA,NA,NA,NA,hispanic,134353
2015,female,15,NA,NA,NA,NA,NA,NA,hispanic,136173
2016,female,15,NA,NA,NA,NA,NA,NA,hispanic,137703
2017,female,15,NA,NA,NA,NA,NA,NA,hispanic,138584
2018,female,15,NA,NA,NA,NA,NA,NA,hispanic,138679
2019,female,15,NA,NA,NA,NA,NA,NA,hispanic,138549
2020,female,15,NA,NA,NA,NA,NA,NA,hispanic,141516
2010,female,16,NA,NA,NA,NA,NA,NA,hispanic,131849
2011,female,16,NA,NA,NA,NA,NA,NA,hispanic,132164
2012,female,16,NA,NA,NA,NA,NA,NA,hispanic,132452
2013,female,16,NA,NA,NA,NA,NA,NA,hispanic,133123
2014,female,16,NA,NA,NA,NA,NA,NA,hispanic,134319
2015,female,16,NA,NA,NA,NA,NA,NA,hispanic,135605
2016,female,16,NA,NA,NA,NA,NA,NA,hispanic,136962
2017,female,16,NA,NA,NA,NA,NA,NA,hispanic,137894
2018,female,16,NA,NA,NA,NA,NA,NA,hispanic,137845
2019,female,16,NA,NA,NA,NA,NA,NA,hispanic,136923
2020,female,16,NA,NA,NA,NA,NA,NA,hispanic,139981
2010,female,17,NA,NA,NA,NA,NA,NA,hispanic,132163
2011,female,17,NA,NA,NA,NA,NA,NA,hispanic,132744
2012,female,17,NA,NA,NA,NA,NA,NA,hispanic,133398
2013,female,17,NA,NA,NA,NA,NA,NA,hispanic,133957
2014,female,17,NA,NA,NA,NA,NA,NA,hispanic,134636
2015,female,17,NA,NA,NA,NA,NA,NA,hispanic,135481
2016,female,17,NA,NA,NA,NA,NA,NA,hispanic,136317
2017,female,17,NA,NA,NA,NA,NA,NA,hispanic,136996
2018,female,17,NA,NA,NA,NA,NA,NA,hispanic,136862
2019,female,17,NA,NA,NA,NA,NA,NA,hispanic,135524
2020,female,17,NA,NA,NA,NA,NA,NA,hispanic,137059
2010,female,18,NA,NA,NA,NA,NA,NA,hispanic,132308
2011,female,18,NA,NA,NA,NA,NA,NA,hispanic,133344
2012,female,18,NA,NA,NA,NA,NA,NA,hispanic,134104
2013,female,18,NA,NA,NA,NA,NA,NA,hispanic,134761
2014,female,18,NA,NA,NA,NA,NA,NA,hispanic,135416
2015,female,18,NA,NA,NA,NA,NA,NA,hispanic,135826
2016,female,18,NA,NA,NA,NA,NA,NA,hispanic,136260
2017,female,18,NA,NA,NA,NA,NA,NA,hispanic,136600
2018,female,18,NA,NA,NA,NA,NA,NA,hispanic,136694
2019,female,18,NA,NA,NA,NA,NA,NA,hispanic,135994
2020,female,18,NA,NA,NA,NA,NA,NA,hispanic,135976
2010,female,19,NA,NA,NA,NA,NA,NA,hispanic,129216
2011,female,19,NA,NA,NA,NA,NA,NA,hispanic,132376
2012,female,19,NA,NA,NA,NA,NA,NA,hispanic,134082
2013,female,19,NA,NA,NA,NA,NA,NA,hispanic,135175
2014,female,19,NA,NA,NA,NA,NA,NA,hispanic,135918
2015,female,19,NA,NA,NA,NA,NA,NA,hispanic,136245
2016,female,19,NA,NA,NA,NA,NA,NA,hispanic,136092
2017,female,19,NA,NA,NA,NA,NA,NA,hispanic,135734
2018,female,19,NA,NA,NA,NA,NA,NA,hispanic,134753
2019,female,19,NA,NA,NA,NA,NA,NA,hispanic,132694
2020,female,19,NA,NA,NA,NA,NA,NA,hispanic,133311
2010,female,20,NA,NA,NA,NA,NA,NA,hispanic,122681
2011,female,20,NA,NA,NA,NA,NA,NA,hispanic,129320
2012,female,20,NA,NA,NA,NA,NA,NA,hispanic,133268
2013,female,20,NA,NA,NA,NA,NA,NA,hispanic,135583
2014,female,20,NA,NA,NA,NA,NA,NA,hispanic,136736
2015,female,20,NA,NA,NA,NA,NA,NA,hispanic,137068
2016,female,20,NA,NA,NA,NA,NA,NA,hispanic,136756
2017,female,20,NA,NA,NA,NA,NA,NA,hispanic,135853
2018,female,20,NA,NA,NA,NA,NA,NA,hispanic,134242
2019,female,20,NA,NA,NA,NA,NA,NA,hispanic,131399
2020,female,20,NA,NA,NA,NA,NA,NA,hispanic,131196
2010,female,21,NA,NA,NA,NA,NA,NA,hispanic,115391
2011,female,21,NA,NA,NA,NA,NA,NA,hispanic,123941
2012,female,21,NA,NA,NA,NA,NA,NA,hispanic,129456
2013,female,21,NA,NA,NA,NA,NA,NA,hispanic,133563
2014,female,21,NA,NA,NA,NA,NA,NA,hispanic,136009
2015,female,21,NA,NA,NA,NA,NA,NA,hispanic,136827
2016,female,21,NA,NA,NA,NA,NA,NA,hispanic,136738
2017,female,21,NA,NA,NA,NA,NA,NA,hispanic,135991
2018,female,21,NA,NA,NA,NA,NA,NA,hispanic,133955
2019,female,21,NA,NA,NA,NA,NA,NA,hispanic,130360
2020,female,21,NA,NA,NA,NA,NA,NA,hispanic,128791
2010,female,22,NA,NA,NA,NA,NA,NA,hispanic,114082
2011,female,22,NA,NA,NA,NA,NA,NA,hispanic,119301
2012,female,22,NA,NA,NA,NA,NA,NA,hispanic,124062
2013,female,22,NA,NA,NA,NA,NA,NA,hispanic,129187
2014,female,22,NA,NA,NA,NA,NA,NA,hispanic,133682
2015,female,22,NA,NA,NA,NA,NA,NA,hispanic,135963
2016,female,22,NA,NA,NA,NA,NA,NA,hispanic,136413
2017,female,22,NA,NA,NA,NA,NA,NA,hispanic,136012
2018,female,22,NA,NA,NA,NA,NA,NA,hispanic,134361
2019,female,22,NA,NA,NA,NA,NA,NA,hispanic,130710
2020,female,22,NA,NA,NA,NA,NA,NA,hispanic,127833
2010,female,23,NA,NA,NA,NA,NA,NA,hispanic,111645
2011,female,23,NA,NA,NA,NA,NA,NA,hispanic,115198
2012,female,23,NA,NA,NA,NA,NA,NA,hispanic,119044
2013,female,23,NA,NA,NA,NA,NA,NA,hispanic,123707
2014,female,23,NA,NA,NA,NA,NA,NA,hispanic,129104
2015,female,23,NA,NA,NA,NA,NA,NA,hispanic,133450
2016,female,23,NA,NA,NA,NA,NA,NA,hispanic,135433
2017,female,23,NA,NA,NA,NA,NA,NA,hispanic,135635
2018,female,23,NA,NA,NA,NA,NA,NA,hispanic,134496
2019,female,23,NA,NA,NA,NA,NA,NA,hispanic,131363
2020,female,23,NA,NA,NA,NA,NA,NA,hispanic,128881
2010,female,24,NA,NA,NA,NA,NA,NA,hispanic,111752
2011,female,24,NA,NA,NA,NA,NA,NA,hispanic,113633
2012,female,24,NA,NA,NA,NA,NA,NA,hispanic,116158
2013,female,24,NA,NA,NA,NA,NA,NA,hispanic,119273
2014,female,24,NA,NA,NA,NA,NA,NA,hispanic,123642
2015,female,24,NA,NA,NA,NA,NA,NA,hispanic,128829
2016,female,24,NA,NA,NA,NA,NA,NA,hispanic,132960
2017,female,24,NA,NA,NA,NA,NA,NA,hispanic,134697
2018,female,24,NA,NA,NA,NA,NA,NA,hispanic,134250
2019,female,24,NA,NA,NA,NA,NA,NA,hispanic,131821
2020,female,24,NA,NA,NA,NA,NA,NA,hispanic,129623
2010,female,25,NA,NA,NA,NA,NA,NA,hispanic,112266
2011,female,25,NA,NA,NA,NA,NA,NA,hispanic,112735
2012,female,25,NA,NA,NA,NA,NA,NA,hispanic,113937
2013,female,25,NA,NA,NA,NA,NA,NA,hispanic,115976
2014,female,25,NA,NA,NA,NA,NA,NA,hispanic,119031
2015,female,25,NA,NA,NA,NA,NA,NA,hispanic,123282
2016,female,25,NA,NA,NA,NA,NA,NA,hispanic,128195
2017,female,25,NA,NA,NA,NA,NA,NA,hispanic,132029
2018,female,25,NA,NA,NA,NA,NA,NA,hispanic,132960
2019,female,25,NA,NA,NA,NA,NA,NA,hispanic,130950
2020,female,25,NA,NA,NA,NA,NA,NA,hispanic,129674
2010,female,26,NA,NA,NA,NA,NA,NA,hispanic,109249
2011,female,26,NA,NA,NA,NA,NA,NA,hispanic,111106
2012,female,26,NA,NA,NA,NA,NA,NA,hispanic,112627
2013,female,26,NA,NA,NA,NA,NA,NA,hispanic,113822
2014,female,26,NA,NA,NA,NA,NA,NA,hispanic,115761
2015,female,26,NA,NA,NA,NA,NA,NA,hispanic,118694
2016,female,26,NA,NA,NA,NA,NA,NA,hispanic,122741
2017,female,26,NA,NA,NA,NA,NA,NA,hispanic,127574
2018,female,26,NA,NA,NA,NA,NA,NA,hispanic,130918
2019,female,26,NA,NA,NA,NA,NA,NA,hispanic,130871
2020,female,26,NA,NA,NA,NA,NA,NA,hispanic,130464
2010,female,27,NA,NA,NA,NA,NA,NA,hispanic,112603
2011,female,27,NA,NA,NA,NA,NA,NA,hispanic,111675
2012,female,27,NA,NA,NA,NA,NA,NA,hispanic,111841
2013,female,27,NA,NA,NA,NA,NA,NA,hispanic,112334
2014,female,27,NA,NA,NA,NA,NA,NA,hispanic,113449
2015,female,27,NA,NA,NA,NA,NA,NA,hispanic,115307
2016,female,27,NA,NA,NA,NA,NA,NA,hispanic,118169
2017,female,27,NA,NA,NA,NA,NA,NA,hispanic,122320
2018,female,27,NA,NA,NA,NA,NA,NA,hispanic,127185
2019,female,27,NA,NA,NA,NA,NA,NA,hispanic,130310
2020,female,27,NA,NA,NA,NA,NA,NA,hispanic,130712
2010,female,28,NA,NA,NA,NA,NA,NA,hispanic,112089
2011,female,28,NA,NA,NA,NA,NA,NA,hispanic,111458
2012,female,28,NA,NA,NA,NA,NA,NA,hispanic,111303
2013,female,28,NA,NA,NA,NA,NA,NA,hispanic,111358
2014,female,28,NA,NA,NA,NA,NA,NA,hispanic,111946
2015,female,28,NA,NA,NA,NA,NA,NA,hispanic,112996
2016,female,28,NA,NA,NA,NA,NA,NA,hispanic,114779
2017,female,28,NA,NA,NA,NA,NA,NA,hispanic,117911
2018,female,28,NA,NA,NA,NA,NA,NA,hispanic,122201
2019,female,28,NA,NA,NA,NA,NA,NA,hispanic,127025
2020,female,28,NA,NA,NA,NA,NA,NA,hispanic,131850
2010,female,29,NA,NA,NA,NA,NA,NA,hispanic,112371
2011,female,29,NA,NA,NA,NA,NA,NA,hispanic,112241
2012,female,29,NA,NA,NA,NA,NA,NA,hispanic,111997
2013,female,29,NA,NA,NA,NA,NA,NA,hispanic,111514
2014,female,29,NA,NA,NA,NA,NA,NA,hispanic,111437
2015,female,29,NA,NA,NA,NA,NA,NA,hispanic,111980
2016,female,29,NA,NA,NA,NA,NA,NA,hispanic,112970
2017,female,29,NA,NA,NA,NA,NA,NA,hispanic,114978
2018,female,29,NA,NA,NA,NA,NA,NA,hispanic,118213
2019,female,29,NA,NA,NA,NA,NA,NA,hispanic,122804
2020,female,29,NA,NA,NA,NA,NA,NA,hispanic,130613
2010,female,30,NA,NA,NA,NA,NA,NA,hispanic,112487
2011,female,30,NA,NA,NA,NA,NA,NA,hispanic,112295
2012,female,30,NA,NA,NA,NA,NA,NA,hispanic,112325
2013,female,30,NA,NA,NA,NA,NA,NA,hispanic,111919
2014,female,30,NA,NA,NA,NA,NA,NA,hispanic,111555
2015,female,30,NA,NA,NA,NA,NA,NA,hispanic,111490
2016,female,30,NA,NA,NA,NA,NA,NA,hispanic,112036
2017,female,30,NA,NA,NA,NA,NA,NA,hispanic,113339
2018,female,30,NA,NA,NA,NA,NA,NA,hispanic,115770
2019,female,30,NA,NA,NA,NA,NA,NA,hispanic,119800
2020,female,30,NA,NA,NA,NA,NA,NA,hispanic,124487
2010,female,31,NA,NA,NA,NA,NA,NA,hispanic,104446
2011,female,31,NA,NA,NA,NA,NA,NA,hispanic,109709
2012,female,31,NA,NA,NA,NA,NA,NA,hispanic,111832
2013,female,31,NA,NA,NA,NA,NA,NA,hispanic,112315
2014,female,31,NA,NA,NA,NA,NA,NA,hispanic,111962
2015,female,31,NA,NA,NA,NA,NA,NA,hispanic,111512
2016,female,31,NA,NA,NA,NA,NA,NA,hispanic,111324
2017,female,31,NA,NA,NA,NA,NA,NA,hispanic,111853
2018,female,31,NA,NA,NA,NA,NA,NA,hispanic,113007
2019,female,31,NA,NA,NA,NA,NA,NA,hispanic,115221
2020,female,31,NA,NA,NA,NA,NA,NA,hispanic,117309
2010,female,32,NA,NA,NA,NA,NA,NA,hispanic,107342
2011,female,32,NA,NA,NA,NA,NA,NA,hispanic,109010
2012,female,32,NA,NA,NA,NA,NA,NA,hispanic,110754
2013,female,32,NA,NA,NA,NA,NA,NA,hispanic,112159
2014,female,32,NA,NA,NA,NA,NA,NA,hispanic,112773
2015,female,32,NA,NA,NA,NA,NA,NA,hispanic,112334
2016,female,32,NA,NA,NA,NA,NA,NA,hispanic,111773
2017,female,32,NA,NA,NA,NA,NA,NA,hispanic,111613
2018,female,32,NA,NA,NA,NA,NA,NA,hispanic,112218
2019,female,32,NA,NA,NA,NA,NA,NA,hispanic,113724
2020,female,32,NA,NA,NA,NA,NA,NA,hispanic,115768
2010,female,33,NA,NA,NA,NA,NA,NA,hispanic,106279
2011,female,33,NA,NA,NA,NA,NA,NA,hispanic,107337
2012,female,33,NA,NA,NA,NA,NA,NA,hispanic,108671
2013,female,33,NA,NA,NA,NA,NA,NA,hispanic,110644
2014,female,33,NA,NA,NA,NA,NA,NA,hispanic,112539
2015,female,33,NA,NA,NA,NA,NA,NA,hispanic,113024
2016,female,33,NA,NA,NA,NA,NA,NA,hispanic,112416
2017,female,33,NA,NA,NA,NA,NA,NA,hispanic,111820
2018,female,33,NA,NA,NA,NA,NA,NA,hispanic,111554
2019,female,33,NA,NA,NA,NA,NA,NA,hispanic,112202
2020,female,33,NA,NA,NA,NA,NA,NA,hispanic,112930
2010,female,34,NA,NA,NA,NA,NA,NA,hispanic,106378
2011,female,34,NA,NA,NA,NA,NA,NA,hispanic,107177
2012,female,34,NA,NA,NA,NA,NA,NA,hispanic,108228
2013,female,34,NA,NA,NA,NA,NA,NA,hispanic,109314
2014,female,34,NA,NA,NA,NA,NA,NA,hispanic,111084
2015,female,34,NA,NA,NA,NA,NA,NA,hispanic,112862
2016,female,34,NA,NA,NA,NA,NA,NA,hispanic,113200
2017,female,34,NA,NA,NA,NA,NA,NA,hispanic,112475
2018,female,34,NA,NA,NA,NA,NA,NA,hispanic,111578
2019,female,34,NA,NA,NA,NA,NA,NA,hispanic,111049
2020,female,34,NA,NA,NA,NA,NA,NA,hispanic,111415
2010,female,35,NA,NA,NA,NA,NA,NA,hispanic,108777
2011,female,35,NA,NA,NA,NA,NA,NA,hispanic,107915
2012,female,35,NA,NA,NA,NA,NA,NA,hispanic,107875
2013,female,35,NA,NA,NA,NA,NA,NA,hispanic,108456
2014,female,35,NA,NA,NA,NA,NA,NA,hispanic,109635
2015,female,35,NA,NA,NA,NA,NA,NA,hispanic,111357
2016,female,35,NA,NA,NA,NA,NA,NA,hispanic,112956
2017,female,35,NA,NA,NA,NA,NA,NA,hispanic,113280
2018,female,35,NA,NA,NA,NA,NA,NA,hispanic,112448
2019,female,35,NA,NA,NA,NA,NA,NA,hispanic,111651
2020,female,35,NA,NA,NA,NA,NA,NA,hispanic,110797
2010,female,36,NA,NA,NA,NA,NA,NA,hispanic,104005
2011,female,36,NA,NA,NA,NA,NA,NA,hispanic,106270
2012,female,36,NA,NA,NA,NA,NA,NA,hispanic,107548
2013,female,36,NA,NA,NA,NA,NA,NA,hispanic,107980
2014,female,36,NA,NA,NA,NA,NA,NA,hispanic,108599
2015,female,36,NA,NA,NA,NA,NA,NA,hispanic,109621
2016,female,36,NA,NA,NA,NA,NA,NA,hispanic,111199
2017,female,36,NA,NA,NA,NA,NA,NA,hispanic,112655
2018,female,36,NA,NA,NA,NA,NA,NA,hispanic,112715
2019,female,36,NA,NA,NA,NA,NA,NA,hispanic,111404
2020,female,36,NA,NA,NA,NA,NA,NA,hispanic,109685
2010,female,37,NA,NA,NA,NA,NA,NA,hispanic,104929
2011,female,37,NA,NA,NA,NA,NA,NA,hispanic,106169
2012,female,37,NA,NA,NA,NA,NA,NA,hispanic,107098
2013,female,37,NA,NA,NA,NA,NA,NA,hispanic,107684
2014,female,37,NA,NA,NA,NA,NA,NA,hispanic,107976
2015,female,37,NA,NA,NA,NA,NA,NA,hispanic,108513
2016,female,37,NA,NA,NA,NA,NA,NA,hispanic,109429
2017,female,37,NA,NA,NA,NA,NA,NA,hispanic,111008
2018,female,37,NA,NA,NA,NA,NA,NA,hispanic,112472
2019,female,37,NA,NA,NA,NA,NA,NA,hispanic,112384
2020,female,37,NA,NA,NA,NA,NA,NA,hispanic,110736
2010,female,38,NA,NA,NA,NA,NA,NA,hispanic,102703
2011,female,38,NA,NA,NA,NA,NA,NA,hispanic,104532
2012,female,38,NA,NA,NA,NA,NA,NA,hispanic,105934
2013,female,38,NA,NA,NA,NA,NA,NA,hispanic,106985
2014,female,38,NA,NA,NA,NA,NA,NA,hispanic,107772
2015,female,38,NA,NA,NA,NA,NA,NA,hispanic,107899
2016,female,38,NA,NA,NA,NA,NA,NA,hispanic,108268
2017,female,38,NA,NA,NA,NA,NA,NA,hispanic,109099
2018,female,38,NA,NA,NA,NA,NA,NA,hispanic,110394
2019,female,38,NA,NA,NA,NA,NA,NA,hispanic,111304
2020,female,38,NA,NA,NA,NA,NA,NA,hispanic,108917
2010,female,39,NA,NA,NA,NA,NA,NA,hispanic,104472
2011,female,39,NA,NA,NA,NA,NA,NA,hispanic,104669
2012,female,39,NA,NA,NA,NA,NA,NA,hispanic,105231
2013,female,39,NA,NA,NA,NA,NA,NA,hispanic,106046
2014,female,39,NA,NA,NA,NA,NA,NA,hispanic,107079
2015,female,39,NA,NA,NA,NA,NA,NA,hispanic,107679
2016,female,39,NA,NA,NA,NA,NA,NA,hispanic,107611
2017,female,39,NA,NA,NA,NA,NA,NA,hispanic,107847
2018,female,39,NA,NA,NA,NA,NA,NA,hispanic,108273
2019,female,39,NA,NA,NA,NA,NA,NA,hispanic,108797
2020,female,39,NA,NA,NA,NA,NA,NA,hispanic,108134
2010,female,40,NA,NA,NA,NA,NA,NA,hispanic,105015
2011,female,40,NA,NA,NA,NA,NA,NA,hispanic,104449
2012,female,40,NA,NA,NA,NA,NA,NA,hispanic,104515
2013,female,40,NA,NA,NA,NA,NA,NA,hispanic,105040
2014,female,40,NA,NA,NA,NA,NA,NA,hispanic,105928
2015,female,40,NA,NA,NA,NA,NA,NA,hispanic,106963
2016,female,40,NA,NA,NA,NA,NA,NA,hispanic,107458
2017,female,40,NA,NA,NA,NA,NA,NA,hispanic,107481
2018,female,40,NA,NA,NA,NA,NA,NA,hispanic,107748
2019,female,40,NA,NA,NA,NA,NA,NA,hispanic,108180
2020,female,40,NA,NA,NA,NA,NA,NA,hispanic,105874
2010,female,41,NA,NA,NA,NA,NA,NA,hispanic,96648
2011,female,41,NA,NA,NA,NA,NA,NA,hispanic,101469
2012,female,41,NA,NA,NA,NA,NA,NA,hispanic,103741
2013,female,41,NA,NA,NA,NA,NA,NA,hispanic,104236
2014,female,41,NA,NA,NA,NA,NA,NA,hispanic,104584
2015,female,41,NA,NA,NA,NA,NA,NA,hispanic,105375
2016,female,41,NA,NA,NA,NA,NA,NA,hispanic,106202
2017,female,41,NA,NA,NA,NA,NA,NA,hispanic,106619
2018,female,41,NA,NA,NA,NA,NA,NA,hispanic,106231
2019,female,41,NA,NA,NA,NA,NA,NA,hispanic,105485
2020,female,41,NA,NA,NA,NA,NA,NA,hispanic,101514
2010,female,42,NA,NA,NA,NA,NA,NA,hispanic,94674
2011,female,42,NA,NA,NA,NA,NA,NA,hispanic,98937
2012,female,42,NA,NA,NA,NA,NA,NA,hispanic,101633
2013,female,42,NA,NA,NA,NA,NA,NA,hispanic,103244
2014,female,42,NA,NA,NA,NA,NA,NA,hispanic,103729
2015,female,42,NA,NA,NA,NA,NA,NA,hispanic,104039
2016,female,42,NA,NA,NA,NA,NA,NA,hispanic,104700
2017,female,42,NA,NA,NA,NA,NA,NA,hispanic,105530
2018,female,42,NA,NA,NA,NA,NA,NA,hispanic,105685
2019,female,42,NA,NA,NA,NA,NA,NA,hispanic,104522
2020,female,42,NA,NA,NA,NA,NA,NA,hispanic,101011
2010,female,43,NA,NA,NA,NA,NA,NA,hispanic,91813
2011,female,43,NA,NA,NA,NA,NA,NA,hispanic,95370
2012,female,43,NA,NA,NA,NA,NA,NA,hispanic,98287
2013,female,43,NA,NA,NA,NA,NA,NA,hispanic,101022
2014,female,43,NA,NA,NA,NA,NA,NA,hispanic,103081
2015,female,43,NA,NA,NA,NA,NA,NA,hispanic,103506
2016,female,43,NA,NA,NA,NA,NA,NA,hispanic,103658
2017,female,43,NA,NA,NA,NA,NA,NA,hispanic,104279
2018,female,43,NA,NA,NA,NA,NA,NA,hispanic,104835
2019,female,43,NA,NA,NA,NA,NA,NA,hispanic,104429
2020,female,43,NA,NA,NA,NA,NA,NA,hispanic,98650
2010,female,44,NA,NA,NA,NA,NA,NA,hispanic,89753
2011,female,44,NA,NA,NA,NA,NA,NA,hispanic,92682
2012,female,44,NA,NA,NA,NA,NA,NA,hispanic,95137
2013,female,44,NA,NA,NA,NA,NA,NA,hispanic,97768
2014,female,44,NA,NA,NA,NA,NA,NA,hispanic,100504
2015,female,44,NA,NA,NA,NA,NA,NA,hispanic,102441
2016,female,44,NA,NA,NA,NA,NA,NA,hispanic,102680
2017,female,44,NA,NA,NA,NA,NA,NA,hispanic,102698
2018,female,44,NA,NA,NA,NA,NA,NA,hispanic,102705
2019,female,44,NA,NA,NA,NA,NA,NA,hispanic,101914
2020,female,44,NA,NA,NA,NA,NA,NA,hispanic,96368
2010,female,45,NA,NA,NA,NA,NA,NA,hispanic,91005
2011,female,45,NA,NA,NA,NA,NA,NA,hispanic,91247
2012,female,45,NA,NA,NA,NA,NA,NA,hispanic,92584
2013,female,45,NA,NA,NA,NA,NA,NA,hispanic,94487
2014,female,45,NA,NA,NA,NA,NA,NA,hispanic,97130
2015,female,45,NA,NA,NA,NA,NA,NA,hispanic,99897
2016,female,45,NA,NA,NA,NA,NA,NA,hispanic,101706
2017,female,45,NA,NA,NA,NA,NA,NA,hispanic,101917
2018,female,45,NA,NA,NA,NA,NA,NA,hispanic,101732
2019,female,45,NA,NA,NA,NA,NA,NA,hispanic,101174
2020,female,45,NA,NA,NA,NA,NA,NA,hispanic,94751
2010,female,46,NA,NA,NA,NA,NA,NA,hispanic,87188
2011,female,46,NA,NA,NA,NA,NA,NA,hispanic,89044
2012,female,46,NA,NA,NA,NA,NA,NA,hispanic,90422
2013,female,46,NA,NA,NA,NA,NA,NA,hispanic,91612
2014,female,46,NA,NA,NA,NA,NA,NA,hispanic,93454
2015,female,46,NA,NA,NA,NA,NA,NA,hispanic,96151
2016,female,46,NA,NA,NA,NA,NA,NA,hispanic,98801
2017,female,46,NA,NA,NA,NA,NA,NA,hispanic,100655
2018,female,46,NA,NA,NA,NA,NA,NA,hispanic,100555
2019,female,46,NA,NA,NA,NA,NA,NA,hispanic,99351
2020,female,46,NA,NA,NA,NA,NA,NA,hispanic,91856
2010,female,47,NA,NA,NA,NA,NA,NA,hispanic,83931
2011,female,47,NA,NA,NA,NA,NA,NA,hispanic,86938
2012,female,47,NA,NA,NA,NA,NA,NA,hispanic,88696
2013,female,47,NA,NA,NA,NA,NA,NA,hispanic,89563
2014,female,47,NA,NA,NA,NA,NA,NA,hispanic,90449
2015,female,47,NA,NA,NA,NA,NA,NA,hispanic,92254
2016,female,47,NA,NA,NA,NA,NA,NA,hispanic,94918
2017,female,47,NA,NA,NA,NA,NA,NA,hispanic,97756
2018,female,47,NA,NA,NA,NA,NA,NA,hispanic,99559
2019,female,47,NA,NA,NA,NA,NA,NA,hispanic,98867
2020,female,47,NA,NA,NA,NA,NA,NA,hispanic,91172
2010,female,48,NA,NA,NA,NA,NA,NA,hispanic,80237
2011,female,48,NA,NA,NA,NA,NA,NA,hispanic,83802
2012,female,48,NA,NA,NA,NA,NA,NA,hispanic,86008
2013,female,48,NA,NA,NA,NA,NA,NA,hispanic,87476
2014,female,48,NA,NA,NA,NA,NA,NA,hispanic,88424
2015,female,48,NA,NA,NA,NA,NA,NA,hispanic,89332
2016,female,48,NA,NA,NA,NA,NA,NA,hispanic,91090
2017,female,48,NA,NA,NA,NA,NA,NA,hispanic,93878
2018,female,48,NA,NA,NA,NA,NA,NA,hispanic,96510
2019,female,48,NA,NA,NA,NA,NA,NA,hispanic,97443
2020,female,48,NA,NA,NA,NA,NA,NA,hispanic,90744
2010,female,49,NA,NA,NA,NA,NA,NA,hispanic,79650
2011,female,49,NA,NA,NA,NA,NA,NA,hispanic,81320
2012,female,49,NA,NA,NA,NA,NA,NA,hispanic,83109
2013,female,49,NA,NA,NA,NA,NA,NA,hispanic,84700
2014,female,49,NA,NA,NA,NA,NA,NA,hispanic,86199
2015,female,49,NA,NA,NA,NA,NA,NA,hispanic,87187
2016,female,49,NA,NA,NA,NA,NA,NA,hispanic,88135
2017,female,49,NA,NA,NA,NA,NA,NA,hispanic,90105
2018,female,49,NA,NA,NA,NA,NA,NA,hispanic,92899
2019,female,49,NA,NA,NA,NA,NA,NA,hispanic,95081
2020,female,49,NA,NA,NA,NA,NA,NA,hispanic,92243
2010,female,50,NA,NA,NA,NA,NA,NA,hispanic,78522
2011,female,50,NA,NA,NA,NA,NA,NA,hispanic,79411
2012,female,50,NA,NA,NA,NA,NA,NA,hispanic,80590
2013,female,50,NA,NA,NA,NA,NA,NA,hispanic,81938
2014,female,50,NA,NA,NA,NA,NA,NA,hispanic,83595
2015,female,50,NA,NA,NA,NA,NA,NA,hispanic,85154
2016,female,50,NA,NA,NA,NA,NA,NA,hispanic,86211
2017,female,50,NA,NA,NA,NA,NA,NA,hispanic,87416
2018,female,50,NA,NA,NA,NA,NA,NA,hispanic,89585
2019,female,50,NA,NA,NA,NA,NA,NA,hispanic,92267
2020,female,50,NA,NA,NA,NA,NA,NA,hispanic,88614
2010,female,51,NA,NA,NA,NA,NA,NA,hispanic,71216
2011,female,51,NA,NA,NA,NA,NA,NA,hispanic,75859
2012,female,51,NA,NA,NA,NA,NA,NA,hispanic,78275
2013,female,51,NA,NA,NA,NA,NA,NA,hispanic,79575
2014,female,51,NA,NA,NA,NA,NA,NA,hispanic,80784
2015,female,51,NA,NA,NA,NA,NA,NA,hispanic,82503
2016,female,51,NA,NA,NA,NA,NA,NA,hispanic,84123
2017,female,51,NA,NA,NA,NA,NA,NA,hispanic,85338
2018,female,51,NA,NA,NA,NA,NA,NA,hispanic,86570
2019,female,51,NA,NA,NA,NA,NA,NA,hispanic,88287
2020,female,51,NA,NA,NA,NA,NA,NA,hispanic,84210
2010,female,52,NA,NA,NA,NA,NA,NA,hispanic,70566
2011,female,52,NA,NA,NA,NA,NA,NA,hispanic,73361
2012,female,52,NA,NA,NA,NA,NA,NA,hispanic,75473
2013,female,52,NA,NA,NA,NA,NA,NA,hispanic,76957
2014,female,52,NA,NA,NA,NA,NA,NA,hispanic,78145
2015,female,52,NA,NA,NA,NA,NA,NA,hispanic,79426
2016,female,52,NA,NA,NA,NA,NA,NA,hispanic,81197
2017,female,52,NA,NA,NA,NA,NA,NA,hispanic,83202
2018,female,52,NA,NA,NA,NA,NA,NA,hispanic,84708
2019,female,52,NA,NA,NA,NA,NA,NA,hispanic,85864
2020,female,52,NA,NA,NA,NA,NA,NA,hispanic,81500
2010,female,53,NA,NA,NA,NA,NA,NA,hispanic,65980
2011,female,53,NA,NA,NA,NA,NA,NA,hispanic,69344
2012,female,53,NA,NA,NA,NA,NA,NA,hispanic,71790
2013,female,53,NA,NA,NA,NA,NA,NA,hispanic,73958
2014,female,53,NA,NA,NA,NA,NA,NA,hispanic,75720
2015,female,53,NA,NA,NA,NA,NA,NA,hispanic,76987
2016,female,53,NA,NA,NA,NA,NA,NA,hispanic,78322
2017,female,53,NA,NA,NA,NA,NA,NA,hispanic,80435
2018,female,53,NA,NA,NA,NA,NA,NA,hispanic,82612
2019,female,53,NA,NA,NA,NA,NA,NA,hispanic,84121
2020,female,53,NA,NA,NA,NA,NA,NA,hispanic,79938
2010,female,54,NA,NA,NA,NA,NA,NA,hispanic,65049
2011,female,54,NA,NA,NA,NA,NA,NA,hispanic,67076
2012,female,54,NA,NA,NA,NA,NA,NA,hispanic,68973
2013,female,54,NA,NA,NA,NA,NA,NA,hispanic,70679
2014,female,54,NA,NA,NA,NA,NA,NA,hispanic,72713
2015,female,54,NA,NA,NA,NA,NA,NA,hispanic,74503
2016,female,54,NA,NA,NA,NA,NA,NA,hispanic,75853
2017,female,54,NA,NA,NA,NA,NA,NA,hispanic,77426
2018,female,54,NA,NA,NA,NA,NA,NA,hispanic,79573
2019,female,54,NA,NA,NA,NA,NA,NA,hispanic,81342
2020,female,54,NA,NA,NA,NA,NA,NA,hispanic,77928
2010,female,55,NA,NA,NA,NA,NA,NA,hispanic,62286
2011,female,55,NA,NA,NA,NA,NA,NA,hispanic,64180
2012,female,55,NA,NA,NA,NA,NA,NA,hispanic,66026
2013,female,55,NA,NA,NA,NA,NA,NA,hispanic,67703
2014,female,55,NA,NA,NA,NA,NA,NA,hispanic,69555
2015,female,55,NA,NA,NA,NA,NA,NA,hispanic,71669
2016,female,55,NA,NA,NA,NA,NA,NA,hispanic,73524
2017,female,55,NA,NA,NA,NA,NA,NA,hispanic,75171
2018,female,55,NA,NA,NA,NA,NA,NA,hispanic,77022
2019,female,55,NA,NA,NA,NA,NA,NA,hispanic,79251
2020,female,55,NA,NA,NA,NA,NA,NA,hispanic,77505
2010,female,56,NA,NA,NA,NA,NA,NA,hispanic,56716
2011,female,56,NA,NA,NA,NA,NA,NA,hispanic,60957
2012,female,56,NA,NA,NA,NA,NA,NA,hispanic,63369
2013,female,56,NA,NA,NA,NA,NA,NA,hispanic,65048
2014,female,56,NA,NA,NA,NA,NA,NA,hispanic,66600
2015,female,56,NA,NA,NA,NA,NA,NA,hispanic,68543
2016,female,56,NA,NA,NA,NA,NA,NA,hispanic,70743
2017,female,56,NA,NA,NA,NA,NA,NA,hispanic,72976
2018,female,56,NA,NA,NA,NA,NA,NA,hispanic,74934
2019,female,56,NA,NA,NA,NA,NA,NA,hispanic,76943
2020,female,56,NA,NA,NA,NA,NA,NA,hispanic,75525
2010,female,57,NA,NA,NA,NA,NA,NA,hispanic,52972
2011,female,57,NA,NA,NA,NA,NA,NA,hispanic,57124
2012,female,57,NA,NA,NA,NA,NA,NA,hispanic,60056
2013,female,57,NA,NA,NA,NA,NA,NA,hispanic,62106
2014,female,57,NA,NA,NA,NA,NA,NA,hispanic,63705
2015,female,57,NA,NA,NA,NA,NA,NA,hispanic,65346
2016,female,57,NA,NA,NA,NA,NA,NA,hispanic,67382
2017,female,57,NA,NA,NA,NA,NA,NA,hispanic,69985
2018,female,57,NA,NA,NA,NA,NA,NA,hispanic,72605
2019,female,57,NA,NA,NA,NA,NA,NA,hispanic,74734
2020,female,57,NA,NA,NA,NA,NA,NA,hispanic,72919
2010,female,58,NA,NA,NA,NA,NA,NA,hispanic,49192
2011,female,58,NA,NA,NA,NA,NA,NA,hispanic,53068
2012,female,58,NA,NA,NA,NA,NA,NA,hispanic,56086
2013,female,58,NA,NA,NA,NA,NA,NA,hispanic,58672
2014,female,58,NA,NA,NA,NA,NA,NA,hispanic,60849
2015,female,58,NA,NA,NA,NA,NA,NA,hispanic,62576
2016,female,58,NA,NA,NA,NA,NA,NA,hispanic,64275
2017,female,58,NA,NA,NA,NA,NA,NA,hispanic,66611
2018,female,58,NA,NA,NA,NA,NA,NA,hispanic,69387
2019,female,58,NA,NA,NA,NA,NA,NA,hispanic,71919
2020,female,58,NA,NA,NA,NA,NA,NA,hispanic,70144
2010,female,59,NA,NA,NA,NA,NA,NA,hispanic,47342
2011,female,59,NA,NA,NA,NA,NA,NA,hispanic,49941
2012,female,59,NA,NA,NA,NA,NA,NA,hispanic,52313
2013,female,59,NA,NA,NA,NA,NA,NA,hispanic,54863
2014,female,59,NA,NA,NA,NA,NA,NA,hispanic,57495
2015,female,59,NA,NA,NA,NA,NA,NA,hispanic,59726
2016,female,59,NA,NA,NA,NA,NA,NA,hispanic,61519
2017,female,59,NA,NA,NA,NA,NA,NA,hispanic,63512
2018,female,59,NA,NA,NA,NA,NA,NA,hispanic,66005
2019,female,59,NA,NA,NA,NA,NA,NA,hispanic,68737
2020,female,59,NA,NA,NA,NA,NA,NA,hispanic,67772
2010,female,60,NA,NA,NA,NA,NA,NA,hispanic,45463
2011,female,60,NA,NA,NA,NA,NA,NA,hispanic,47426
2012,female,60,NA,NA,NA,NA,NA,NA,hispanic,49264
2013,female,60,NA,NA,NA,NA,NA,NA,hispanic,51349
2014,female,60,NA,NA,NA,NA,NA,NA,hispanic,53888
2015,female,60,NA,NA,NA,NA,NA,NA,hispanic,56593
2016,female,60,NA,NA,NA,NA,NA,NA,hispanic,58913
2017,female,60,NA,NA,NA,NA,NA,NA,hispanic,61083
2018,female,60,NA,NA,NA,NA,NA,NA,hispanic,63413
2019,female,60,NA,NA,NA,NA,NA,NA,hispanic,66304
2020,female,60,NA,NA,NA,NA,NA,NA,hispanic,65600
2010,female,61,NA,NA,NA,NA,NA,NA,hispanic,41747
2011,female,61,NA,NA,NA,NA,NA,NA,hispanic,44288
2012,female,61,NA,NA,NA,NA,NA,NA,hispanic,46393
2013,female,61,NA,NA,NA,NA,NA,NA,hispanic,48078
2014,female,61,NA,NA,NA,NA,NA,NA,hispanic,50088
2015,female,61,NA,NA,NA,NA,NA,NA,hispanic,52735
2016,female,61,NA,NA,NA,NA,NA,NA,hispanic,55492
2017,female,61,NA,NA,NA,NA,NA,NA,hispanic,58032
2018,female,61,NA,NA,NA,NA,NA,NA,hispanic,60202
2019,female,61,NA,NA,NA,NA,NA,NA,hispanic,62245
2020,female,61,NA,NA,NA,NA,NA,NA,hispanic,60859
2010,female,62,NA,NA,NA,NA,NA,NA,hispanic,39962
2011,female,62,NA,NA,NA,NA,NA,NA,hispanic,42166
2012,female,62,NA,NA,NA,NA,NA,NA,hispanic,43830
2013,female,62,NA,NA,NA,NA,NA,NA,hispanic,45219
2014,female,62,NA,NA,NA,NA,NA,NA,hispanic,46782
2015,female,62,NA,NA,NA,NA,NA,NA,hispanic,48879
2016,female,62,NA,NA,NA,NA,NA,NA,hispanic,51626
2017,female,62,NA,NA,NA,NA,NA,NA,hispanic,54785
2018,female,62,NA,NA,NA,NA,NA,NA,hispanic,57715
2019,female,62,NA,NA,NA,NA,NA,NA,hispanic,60198
2020,female,62,NA,NA,NA,NA,NA,NA,hispanic,59303
2010,female,63,NA,NA,NA,NA,NA,NA,hispanic,36713
2011,female,63,NA,NA,NA,NA,NA,NA,hispanic,39338
2012,female,63,NA,NA,NA,NA,NA,NA,hispanic,41242
2013,female,63,NA,NA,NA,NA,NA,NA,hispanic,42761
2014,female,63,NA,NA,NA,NA,NA,NA,hispanic,44127
2015,female,63,NA,NA,NA,NA,NA,NA,hispanic,45705
2016,female,63,NA,NA,NA,NA,NA,NA,hispanic,47823
2017,female,63,NA,NA,NA,NA,NA,NA,hispanic,50789
2018,female,63,NA,NA,NA,NA,NA,NA,hispanic,54048
2019,female,63,NA,NA,NA,NA,NA,NA,hispanic,56839
2020,female,63,NA,NA,NA,NA,NA,NA,hispanic,55301
2010,female,64,NA,NA,NA,NA,NA,NA,hispanic,32919
2011,female,64,NA,NA,NA,NA,NA,NA,hispanic,36197
2012,female,64,NA,NA,NA,NA,NA,NA,hispanic,38431
2013,female,64,NA,NA,NA,NA,NA,NA,hispanic,40082
2014,female,64,NA,NA,NA,NA,NA,NA,hispanic,41582
2015,female,64,NA,NA,NA,NA,NA,NA,hispanic,43064
2016,female,64,NA,NA,NA,NA,NA,NA,hispanic,44730
2017,female,64,NA,NA,NA,NA,NA,NA,hispanic,47106
2018,female,64,NA,NA,NA,NA,NA,NA,hispanic,50328
2019,female,64,NA,NA,NA,NA,NA,NA,hispanic,53647
2020,female,64,NA,NA,NA,NA,NA,NA,hispanic,53787
2010,female,65,NA,NA,NA,NA,NA,NA,hispanic,32296
2011,female,65,NA,NA,NA,NA,NA,NA,hispanic,34061
2012,female,65,NA,NA,NA,NA,NA,NA,hispanic,35707
2013,female,65,NA,NA,NA,NA,NA,NA,hispanic,37373
2014,female,65,NA,NA,NA,NA,NA,NA,hispanic,39007
2015,female,65,NA,NA,NA,NA,NA,NA,hispanic,40562
2016,female,65,NA,NA,NA,NA,NA,NA,hispanic,42102
2017,female,65,NA,NA,NA,NA,NA,NA,hispanic,44076
2018,female,65,NA,NA,NA,NA,NA,NA,hispanic,46837
2019,female,65,NA,NA,NA,NA,NA,NA,hispanic,50315
2020,female,65,NA,NA,NA,NA,NA,NA,hispanic,50403
2010,female,66,NA,NA,NA,NA,NA,NA,hispanic,29516
2011,female,66,NA,NA,NA,NA,NA,NA,hispanic,31267
2012,female,66,NA,NA,NA,NA,NA,NA,hispanic,32903
2013,female,66,NA,NA,NA,NA,NA,NA,hispanic,34453
2014,female,66,NA,NA,NA,NA,NA,NA,hispanic,36164
2015,female,66,NA,NA,NA,NA,NA,NA,hispanic,37875
2016,female,66,NA,NA,NA,NA,NA,NA,hispanic,39563
2017,female,66,NA,NA,NA,NA,NA,NA,hispanic,41425
2018,female,66,NA,NA,NA,NA,NA,NA,hispanic,43713
2019,female,66,NA,NA,NA,NA,NA,NA,hispanic,46677
2020,female,66,NA,NA,NA,NA,NA,NA,hispanic,46417
2010,female,67,NA,NA,NA,NA,NA,NA,hispanic,28395
2011,female,67,NA,NA,NA,NA,NA,NA,hispanic,29629
2012,female,67,NA,NA,NA,NA,NA,NA,hispanic,30700
2013,female,67,NA,NA,NA,NA,NA,NA,hispanic,31753
2014,female,67,NA,NA,NA,NA,NA,NA,hispanic,33236
2015,female,67,NA,NA,NA,NA,NA,NA,hispanic,35095
2016,female,67,NA,NA,NA,NA,NA,NA,hispanic,36900
2017,female,67,NA,NA,NA,NA,NA,NA,hispanic,38873
2018,female,67,NA,NA,NA,NA,NA,NA,hispanic,41041
2019,female,67,NA,NA,NA,NA,NA,NA,hispanic,43505
2020,female,67,NA,NA,NA,NA,NA,NA,hispanic,43069
2010,female,68,NA,NA,NA,NA,NA,NA,hispanic,25377
2011,female,68,NA,NA,NA,NA,NA,NA,hispanic,27365
2012,female,68,NA,NA,NA,NA,NA,NA,hispanic,28735
2013,female,68,NA,NA,NA,NA,NA,NA,hispanic,29711
2014,female,68,NA,NA,NA,NA,NA,NA,hispanic,30738
2015,female,68,NA,NA,NA,NA,NA,NA,hispanic,32262
2016,female,68,NA,NA,NA,NA,NA,NA,hispanic,34177
2017,female,68,NA,NA,NA,NA,NA,NA,hispanic,36239
2018,female,68,NA,NA,NA,NA,NA,NA,hispanic,38454
2019,female,68,NA,NA,NA,NA,NA,NA,hispanic,40767
2020,female,68,NA,NA,NA,NA,NA,NA,hispanic,40129
2010,female,69,NA,NA,NA,NA,NA,NA,hispanic,24473
2011,female,69,NA,NA,NA,NA,NA,NA,hispanic,25724
2012,female,69,NA,NA,NA,NA,NA,NA,hispanic,26900
2013,female,69,NA,NA,NA,NA,NA,NA,hispanic,27822
2014,female,69,NA,NA,NA,NA,NA,NA,hispanic,28770
2015,female,69,NA,NA,NA,NA,NA,NA,hispanic,29845
2016,female,69,NA,NA,NA,NA,NA,NA,hispanic,31411
2017,female,69,NA,NA,NA,NA,NA,NA,hispanic,33518
2018,female,69,NA,NA,NA,NA,NA,NA,hispanic,35728
2019,female,69,NA,NA,NA,NA,NA,NA,hispanic,37991
2020,female,69,NA,NA,NA,NA,NA,NA,hispanic,37460
2010,female,70,NA,NA,NA,NA,NA,NA,hispanic,23404
2011,female,70,NA,NA,NA,NA,NA,NA,hispanic,24236
2012,female,70,NA,NA,NA,NA,NA,NA,hispanic,24973
2013,female,70,NA,NA,NA,NA,NA,NA,hispanic,25893
2014,female,70,NA,NA,NA,NA,NA,NA,hispanic,26870
2015,female,70,NA,NA,NA,NA,NA,NA,hispanic,27896
2016,female,70,NA,NA,NA,NA,NA,NA,hispanic,29034
2017,female,70,NA,NA,NA,NA,NA,NA,hispanic,30818
2018,female,70,NA,NA,NA,NA,NA,NA,hispanic,33111
2019,female,70,NA,NA,NA,NA,NA,NA,hispanic,35477
2020,female,70,NA,NA,NA,NA,NA,NA,hispanic,34995
2010,female,71,NA,NA,NA,NA,NA,NA,hispanic,21818
2011,female,71,NA,NA,NA,NA,NA,NA,hispanic,22563
2012,female,71,NA,NA,NA,NA,NA,NA,hispanic,23436
2013,female,71,NA,NA,NA,NA,NA,NA,hispanic,24074
2014,female,71,NA,NA,NA,NA,NA,NA,hispanic,24956
2015,female,71,NA,NA,NA,NA,NA,NA,hispanic,26024
2016,female,71,NA,NA,NA,NA,NA,NA,hispanic,27113
2017,female,71,NA,NA,NA,NA,NA,NA,hispanic,28479
2018,female,71,NA,NA,NA,NA,NA,NA,hispanic,30498
2019,female,71,NA,NA,NA,NA,NA,NA,hispanic,33031
2020,female,71,NA,NA,NA,NA,NA,NA,hispanic,32549
2010,female,72,NA,NA,NA,NA,NA,NA,hispanic,20598
2011,female,72,NA,NA,NA,NA,NA,NA,hispanic,21568
2012,female,72,NA,NA,NA,NA,NA,NA,hispanic,22061
2013,female,72,NA,NA,NA,NA,NA,NA,hispanic,22471
2014,female,72,NA,NA,NA,NA,NA,NA,hispanic,22999
2015,female,72,NA,NA,NA,NA,NA,NA,hispanic,23978
2016,female,72,NA,NA,NA,NA,NA,NA,hispanic,25138
2017,female,72,NA,NA,NA,NA,NA,NA,hispanic,26539
2018,female,72,NA,NA,NA,NA,NA,NA,hispanic,28252
2019,female,72,NA,NA,NA,NA,NA,NA,hispanic,30604
2020,female,72,NA,NA,NA,NA,NA,NA,hispanic,30900
2010,female,73,NA,NA,NA,NA,NA,NA,hispanic,19647
2011,female,73,NA,NA,NA,NA,NA,NA,hispanic,20272
2012,female,73,NA,NA,NA,NA,NA,NA,hispanic,20860
2013,female,73,NA,NA,NA,NA,NA,NA,hispanic,21209
2014,female,73,NA,NA,NA,NA,NA,NA,hispanic,21609
2015,female,73,NA,NA,NA,NA,NA,NA,hispanic,22164
2016,female,73,NA,NA,NA,NA,NA,NA,hispanic,23234
2017,female,73,NA,NA,NA,NA,NA,NA,hispanic,24704
2018,female,73,NA,NA,NA,NA,NA,NA,hispanic,26518
2019,female,73,NA,NA,NA,NA,NA,NA,hispanic,28754
2020,female,73,NA,NA,NA,NA,NA,NA,hispanic,28587
2010,female,74,NA,NA,NA,NA,NA,NA,hispanic,19090
2011,female,74,NA,NA,NA,NA,NA,NA,hispanic,19325
2012,female,74,NA,NA,NA,NA,NA,NA,hispanic,19617
2013,female,74,NA,NA,NA,NA,NA,NA,hispanic,19923
2014,female,74,NA,NA,NA,NA,NA,NA,hispanic,20283
2015,female,74,NA,NA,NA,NA,NA,NA,hispanic,20717
2016,female,74,NA,NA,NA,NA,NA,NA,hispanic,21327
2017,female,74,NA,NA,NA,NA,NA,NA,hispanic,22549
2018,female,74,NA,NA,NA,NA,NA,NA,hispanic,24116
2019,female,74,NA,NA,NA,NA,NA,NA,hispanic,25823
2020,female,74,NA,NA,NA,NA,NA,NA,hispanic,24635
2010,female,75,NA,NA,NA,NA,NA,NA,hispanic,18156
2011,female,75,NA,NA,NA,NA,NA,NA,hispanic,18536
2012,female,75,NA,NA,NA,NA,NA,NA,hispanic,18786
2013,female,75,NA,NA,NA,NA,NA,NA,hispanic,18920
2014,female,75,NA,NA,NA,NA,NA,NA,hispanic,19190
2015,female,75,NA,NA,NA,NA,NA,NA,hispanic,19588
2016,female,75,NA,NA,NA,NA,NA,NA,hispanic,20071
2017,female,75,NA,NA,NA,NA,NA,NA,hispanic,20842
2018,female,75,NA,NA,NA,NA,NA,NA,hispanic,22231
2019,female,75,NA,NA,NA,NA,NA,NA,hispanic,23977
2020,female,75,NA,NA,NA,NA,NA,NA,hispanic,23442
2010,female,76,NA,NA,NA,NA,NA,NA,hispanic,16362
2011,female,76,NA,NA,NA,NA,NA,NA,hispanic,17275
2012,female,76,NA,NA,NA,NA,NA,NA,hispanic,17802
2013,female,76,NA,NA,NA,NA,NA,NA,hispanic,17988
2014,female,76,NA,NA,NA,NA,NA,NA,hispanic,18133
2015,female,76,NA,NA,NA,NA,NA,NA,hispanic,18434
2016,female,76,NA,NA,NA,NA,NA,NA,hispanic,18889
2017,female,76,NA,NA,NA,NA,NA,NA,hispanic,19555
2018,female,76,NA,NA,NA,NA,NA,NA,hispanic,20523
2019,female,76,NA,NA,NA,NA,NA,NA,hispanic,22115
2020,female,76,NA,NA,NA,NA,NA,NA,hispanic,21821
2010,female,77,NA,NA,NA,NA,NA,NA,hispanic,15532
2011,female,77,NA,NA,NA,NA,NA,NA,hispanic,16149
2012,female,77,NA,NA,NA,NA,NA,NA,hispanic,16593
2013,female,77,NA,NA,NA,NA,NA,NA,hispanic,16865
2014,female,77,NA,NA,NA,NA,NA,NA,hispanic,17081
2015,female,77,NA,NA,NA,NA,NA,NA,hispanic,17306
2016,female,77,NA,NA,NA,NA,NA,NA,hispanic,17707
2017,female,77,NA,NA,NA,NA,NA,NA,hispanic,18440
2018,female,77,NA,NA,NA,NA,NA,NA,hispanic,19462
2019,female,77,NA,NA,NA,NA,NA,NA,hispanic,20884
2020,female,77,NA,NA,NA,NA,NA,NA,hispanic,20436
2010,female,78,NA,NA,NA,NA,NA,NA,hispanic,14944
2011,female,78,NA,NA,NA,NA,NA,NA,hispanic,15239
2012,female,78,NA,NA,NA,NA,NA,NA,hispanic,15488
2013,female,78,NA,NA,NA,NA,NA,NA,hispanic,15741
2014,female,78,NA,NA,NA,NA,NA,NA,hispanic,16038
2015,female,78,NA,NA,NA,NA,NA,NA,hispanic,16264
2016,female,78,NA,NA,NA,NA,NA,NA,hispanic,16529
2017,female,78,NA,NA,NA,NA,NA,NA,hispanic,17098
2018,female,78,NA,NA,NA,NA,NA,NA,hispanic,18004
2019,female,78,NA,NA,NA,NA,NA,NA,hispanic,19148
2020,female,78,NA,NA,NA,NA,NA,NA,hispanic,18112
2010,female,79,NA,NA,NA,NA,NA,NA,hispanic,15146
2011,female,79,NA,NA,NA,NA,NA,NA,hispanic,14688
2012,female,79,NA,NA,NA,NA,NA,NA,hispanic,14650
2013,female,79,NA,NA,NA,NA,NA,NA,hispanic,14712
2014,female,79,NA,NA,NA,NA,NA,NA,hispanic,14997
2015,female,79,NA,NA,NA,NA,NA,NA,hispanic,15336
2016,female,79,NA,NA,NA,NA,NA,NA,hispanic,15589
2017,female,79,NA,NA,NA,NA,NA,NA,hispanic,15952
2018,female,79,NA,NA,NA,NA,NA,NA,hispanic,16623
2019,female,79,NA,NA,NA,NA,NA,NA,hispanic,17592
2020,female,79,NA,NA,NA,NA,NA,NA,hispanic,17041
2010,female,80,NA,NA,NA,NA,NA,NA,hispanic,14296
2011,female,80,NA,NA,NA,NA,NA,NA,hispanic,14183
2012,female,80,NA,NA,NA,NA,NA,NA,hispanic,14079
2013,female,80,NA,NA,NA,NA,NA,NA,hispanic,13935
2014,female,80,NA,NA,NA,NA,NA,NA,hispanic,13984
2015,female,80,NA,NA,NA,NA,NA,NA,hispanic,14306
2016,female,80,NA,NA,NA,NA,NA,NA,hispanic,14688
2017,female,80,NA,NA,NA,NA,NA,NA,hispanic,15082
2018,female,80,NA,NA,NA,NA,NA,NA,hispanic,15601
2019,female,80,NA,NA,NA,NA,NA,NA,hispanic,16455
2020,female,80,NA,NA,NA,NA,NA,NA,hispanic,15916
2010,female,81,NA,NA,NA,NA,NA,NA,hispanic,12376
2011,female,81,NA,NA,NA,NA,NA,NA,hispanic,13153
2012,female,81,NA,NA,NA,NA,NA,NA,hispanic,13400
2013,female,81,NA,NA,NA,NA,NA,NA,hispanic,13303
2014,female,81,NA,NA,NA,NA,NA,NA,hispanic,13129
2015,female,81,NA,NA,NA,NA,NA,NA,hispanic,13216
2016,female,81,NA,NA,NA,NA,NA,NA,hispanic,13566
2017,female,81,NA,NA,NA,NA,NA,NA,hispanic,14094
2018,female,81,NA,NA,NA,NA,NA,NA,hispanic,14657
2019,female,81,NA,NA,NA,NA,NA,NA,hispanic,15359
2020,female,81,NA,NA,NA,NA,NA,NA,hispanic,14540
2010,female,82,NA,NA,NA,NA,NA,NA,hispanic,11592
2011,female,82,NA,NA,NA,NA,NA,NA,hispanic,12146
2012,female,82,NA,NA,NA,NA,NA,NA,hispanic,12516
2013,female,82,NA,NA,NA,NA,NA,NA,hispanic,12582
2014,female,82,NA,NA,NA,NA,NA,NA,hispanic,12490
2015,female,82,NA,NA,NA,NA,NA,NA,hispanic,12373
2016,female,82,NA,NA,NA,NA,NA,NA,hispanic,12492
2017,female,82,NA,NA,NA,NA,NA,NA,hispanic,12940
2018,female,82,NA,NA,NA,NA,NA,NA,hispanic,13573
2019,female,82,NA,NA,NA,NA,NA,NA,hispanic,14232
2020,female,82,NA,NA,NA,NA,NA,NA,hispanic,13461
2010,female,83,NA,NA,NA,NA,NA,NA,hispanic,10653
2011,female,83,NA,NA,NA,NA,NA,NA,hispanic,11108
2012,female,83,NA,NA,NA,NA,NA,NA,hispanic,11426
2013,female,83,NA,NA,NA,NA,NA,NA,hispanic,11695
2014,female,83,NA,NA,NA,NA,NA,NA,hispanic,11806
2015,female,83,NA,NA,NA,NA,NA,NA,hispanic,11719
2016,female,83,NA,NA,NA,NA,NA,NA,hispanic,11644
2017,female,83,NA,NA,NA,NA,NA,NA,hispanic,11851
2018,female,83,NA,NA,NA,NA,NA,NA,hispanic,12405
2019,female,83,NA,NA,NA,NA,NA,NA,hispanic,13101
2020,female,83,NA,NA,NA,NA,NA,NA,hispanic,12286
2010,female,84,NA,NA,NA,NA,NA,NA,hispanic,9600
2011,female,84,NA,NA,NA,NA,NA,NA,hispanic,10139
2012,female,84,NA,NA,NA,NA,NA,NA,hispanic,10423
2013,female,84,NA,NA,NA,NA,NA,NA,hispanic,10675
2014,female,84,NA,NA,NA,NA,NA,NA,hispanic,10932
2015,female,84,NA,NA,NA,NA,NA,NA,hispanic,11043
2016,female,84,NA,NA,NA,NA,NA,NA,hispanic,10990
2017,female,84,NA,NA,NA,NA,NA,NA,hispanic,11003
2018,female,84,NA,NA,NA,NA,NA,NA,hispanic,11329
2019,female,84,NA,NA,NA,NA,NA,NA,hispanic,11994
2020,female,84,NA,NA,NA,NA,NA,NA,hispanic,11858
2010,female,85,NA,NA,NA,NA,NA,NA,hispanic,8601
2011,female,85,NA,NA,NA,NA,NA,NA,hispanic,9002
2012,female,85,NA,NA,NA,NA,NA,NA,hispanic,9395
2013,female,85,NA,NA,NA,NA,NA,NA,hispanic,9639
2014,female,85,NA,NA,NA,NA,NA,NA,hispanic,9861
2015,female,85,NA,NA,NA,NA,NA,NA,hispanic,10134
2016,female,85,NA,NA,NA,NA,NA,NA,hispanic,10259
2017,female,85,NA,NA,NA,NA,NA,NA,hispanic,10253
2018,female,85,NA,NA,NA,NA,NA,NA,hispanic,10312
2019,female,85,NA,NA,NA,NA,NA,NA,hispanic,10625
2020,female,85,NA,NA,NA,NA,NA,NA,hispanic,10642
2010,female,86,NA,NA,NA,NA,NA,NA,hispanic,7272
2011,female,86,NA,NA,NA,NA,NA,NA,hispanic,7977
2012,female,86,NA,NA,NA,NA,NA,NA,hispanic,8291
2013,female,86,NA,NA,NA,NA,NA,NA,hispanic,8543
2014,female,86,NA,NA,NA,NA,NA,NA,hispanic,8778
2015,female,86,NA,NA,NA,NA,NA,NA,hispanic,9029
2016,female,86,NA,NA,NA,NA,NA,NA,hispanic,9308
2017,female,86,NA,NA,NA,NA,NA,NA,hispanic,9499
2018,female,86,NA,NA,NA,NA,NA,NA,hispanic,9579
2019,female,86,NA,NA,NA,NA,NA,NA,hispanic,9624
2020,female,86,NA,NA,NA,NA,NA,NA,hispanic,9566
2010,female,87,NA,NA,NA,NA,NA,NA,hispanic,6307
2011,female,87,NA,NA,NA,NA,NA,NA,hispanic,6763
2012,female,87,NA,NA,NA,NA,NA,NA,hispanic,7131
2013,female,87,NA,NA,NA,NA,NA,NA,hispanic,7373
2014,female,87,NA,NA,NA,NA,NA,NA,hispanic,7573
2015,female,87,NA,NA,NA,NA,NA,NA,hispanic,7833
2016,female,87,NA,NA,NA,NA,NA,NA,hispanic,8121
2017,female,87,NA,NA,NA,NA,NA,NA,hispanic,8526
2018,female,87,NA,NA,NA,NA,NA,NA,hispanic,8831
2019,female,87,NA,NA,NA,NA,NA,NA,hispanic,8936
2020,female,87,NA,NA,NA,NA,NA,NA,hispanic,8778
2010,female,88,NA,NA,NA,NA,NA,NA,hispanic,5464
2011,female,88,NA,NA,NA,NA,NA,NA,hispanic,5820
2012,female,88,NA,NA,NA,NA,NA,NA,hispanic,6035
2013,female,88,NA,NA,NA,NA,NA,NA,hispanic,6244
2014,female,88,NA,NA,NA,NA,NA,NA,hispanic,6452
2015,female,88,NA,NA,NA,NA,NA,NA,hispanic,6669
2016,female,88,NA,NA,NA,NA,NA,NA,hispanic,6916
2017,female,88,NA,NA,NA,NA,NA,NA,hispanic,7248
2018,female,88,NA,NA,NA,NA,NA,NA,hispanic,7665
2019,female,88,NA,NA,NA,NA,NA,NA,hispanic,7915
2020,female,88,NA,NA,NA,NA,NA,NA,hispanic,7650
2010,female,89,NA,NA,NA,NA,NA,NA,hispanic,4581
2011,female,89,NA,NA,NA,NA,NA,NA,hispanic,4912
2012,female,89,NA,NA,NA,NA,NA,NA,hispanic,5141
2013,female,89,NA,NA,NA,NA,NA,NA,hispanic,5283
2014,female,89,NA,NA,NA,NA,NA,NA,hispanic,5452
2015,female,89,NA,NA,NA,NA,NA,NA,hispanic,5662
2016,female,89,NA,NA,NA,NA,NA,NA,hispanic,5899
2017,female,89,NA,NA,NA,NA,NA,NA,hispanic,6216
2018,female,89,NA,NA,NA,NA,NA,NA,hispanic,6663
2019,female,89,NA,NA,NA,NA,NA,NA,hispanic,7228
2020,female,89,NA,NA,NA,NA,NA,NA,hispanic,7702
2010,female,90,NA,NA,NA,NA,NA,NA,hispanic,3680
2011,female,90,NA,NA,NA,NA,NA,NA,hispanic,4036
2012,female,90,NA,NA,NA,NA,NA,NA,hispanic,4349
2013,female,90,NA,NA,NA,NA,NA,NA,hispanic,4657
2014,female,90,NA,NA,NA,NA,NA,NA,hispanic,4968
2015,female,90,NA,NA,NA,NA,NA,NA,hispanic,5277
2016,female,90,NA,NA,NA,NA,NA,NA,hispanic,5557
2017,female,90,NA,NA,NA,NA,NA,NA,hispanic,5859
2018,female,90,NA,NA,NA,NA,NA,NA,hispanic,6152
2019,female,90,NA,NA,NA,NA,NA,NA,hispanic,6464
2020,female,90,NA,NA,NA,NA,NA,NA,hispanic,6400
2010,female,91,NA,NA,NA,NA,NA,NA,hispanic,2804
2011,female,91,NA,NA,NA,NA,NA,NA,hispanic,3191
2012,female,91,NA,NA,NA,NA,NA,NA,hispanic,3437
2013,female,91,NA,NA,NA,NA,NA,NA,hispanic,3663
2014,female,91,NA,NA,NA,NA,NA,NA,hispanic,3912
2015,female,91,NA,NA,NA,NA,NA,NA,hispanic,4158
2016,female,91,NA,NA,NA,NA,NA,NA,hispanic,4378
2017,female,91,NA,NA,NA,NA,NA,NA,hispanic,4612
2018,female,91,NA,NA,NA,NA,NA,NA,hispanic,4844
2019,female,91,NA,NA,NA,NA,NA,NA,hispanic,5081
2020,female,91,NA,NA,NA,NA,NA,NA,hispanic,5017
2010,female,92,NA,NA,NA,NA,NA,NA,hispanic,2250
2011,female,92,NA,NA,NA,NA,NA,NA,hispanic,2494
2012,female,92,NA,NA,NA,NA,NA,NA,hispanic,2737
2013,female,92,NA,NA,NA,NA,NA,NA,hispanic,2966
2014,female,92,NA,NA,NA,NA,NA,NA,hispanic,3185
2015,female,92,NA,NA,NA,NA,NA,NA,hispanic,3432
2016,female,92,NA,NA,NA,NA,NA,NA,hispanic,3650
2017,female,92,NA,NA,NA,NA,NA,NA,hispanic,3868
2018,female,92,NA,NA,NA,NA,NA,NA,hispanic,4090
2019,female,92,NA,NA,NA,NA,NA,NA,hispanic,4323
2020,female,92,NA,NA,NA,NA,NA,NA,hispanic,4476
2010,female,93,NA,NA,NA,NA,NA,NA,hispanic,1739
2011,female,93,NA,NA,NA,NA,NA,NA,hispanic,2031
2012,female,93,NA,NA,NA,NA,NA,NA,hispanic,2239
2013,female,93,NA,NA,NA,NA,NA,NA,hispanic,2441
2014,female,93,NA,NA,NA,NA,NA,NA,hispanic,2650
2015,female,93,NA,NA,NA,NA,NA,NA,hispanic,2844
2016,female,93,NA,NA,NA,NA,NA,NA,hispanic,3040
2017,female,93,NA,NA,NA,NA,NA,NA,hispanic,3244
2018,female,93,NA,NA,NA,NA,NA,NA,hispanic,3435
2019,female,93,NA,NA,NA,NA,NA,NA,hispanic,3635
2020,female,93,NA,NA,NA,NA,NA,NA,hispanic,3607
2010,female,94,NA,NA,NA,NA,NA,NA,hispanic,1426
2011,female,94,NA,NA,NA,NA,NA,NA,hispanic,1566
2012,female,94,NA,NA,NA,NA,NA,NA,hispanic,1759
2013,female,94,NA,NA,NA,NA,NA,NA,hispanic,1933
2014,female,94,NA,NA,NA,NA,NA,NA,hispanic,2119
2015,female,94,NA,NA,NA,NA,NA,NA,hispanic,2310
2016,female,94,NA,NA,NA,NA,NA,NA,hispanic,2475
2017,female,94,NA,NA,NA,NA,NA,NA,hispanic,2659
2018,female,94,NA,NA,NA,NA,NA,NA,hispanic,2836
2019,female,94,NA,NA,NA,NA,NA,NA,hispanic,3016
2020,female,94,NA,NA,NA,NA,NA,NA,hispanic,3018
2010,female,95,NA,NA,NA,NA,NA,NA,hispanic,1093
2011,female,95,NA,NA,NA,NA,NA,NA,hispanic,1306
2012,female,95,NA,NA,NA,NA,NA,NA,hispanic,1427
2013,female,95,NA,NA,NA,NA,NA,NA,hispanic,1553
2014,female,95,NA,NA,NA,NA,NA,NA,hispanic,1659
2015,female,95,NA,NA,NA,NA,NA,NA,hispanic,1793
2016,female,95,NA,NA,NA,NA,NA,NA,hispanic,1899
2017,female,95,NA,NA,NA,NA,NA,NA,hispanic,2009
2018,female,95,NA,NA,NA,NA,NA,NA,hispanic,2129
2019,female,95,NA,NA,NA,NA,NA,NA,hispanic,2246
2020,female,95,NA,NA,NA,NA,NA,NA,hispanic,2209
2010,female,96,NA,NA,NA,NA,NA,NA,hispanic,850
2011,female,96,NA,NA,NA,NA,NA,NA,hispanic,929
2012,female,96,NA,NA,NA,NA,NA,NA,hispanic,1037
2013,female,96,NA,NA,NA,NA,NA,NA,hispanic,1141
2014,female,96,NA,NA,NA,NA,NA,NA,hispanic,1250
2015,female,96,NA,NA,NA,NA,NA,NA,hispanic,1360
2016,female,96,NA,NA,NA,NA,NA,NA,hispanic,1469
2017,female,96,NA,NA,NA,NA,NA,NA,hispanic,1568
2018,female,96,NA,NA,NA,NA,NA,NA,hispanic,1659
2019,female,96,NA,NA,NA,NA,NA,NA,hispanic,1776
2020,female,96,NA,NA,NA,NA,NA,NA,hispanic,1821
2010,female,97,NA,NA,NA,NA,NA,NA,hispanic,697
2011,female,97,NA,NA,NA,NA,NA,NA,hispanic,737
2012,female,97,NA,NA,NA,NA,NA,NA,hispanic,790
2013,female,97,NA,NA,NA,NA,NA,NA,hispanic,855
2014,female,97,NA,NA,NA,NA,NA,NA,hispanic,911
2015,female,97,NA,NA,NA,NA,NA,NA,hispanic,981
2016,female,97,NA,NA,NA,NA,NA,NA,hispanic,1026
2017,female,97,NA,NA,NA,NA,NA,NA,hispanic,1088
2018,female,97,NA,NA,NA,NA,NA,NA,hispanic,1147
2019,female,97,NA,NA,NA,NA,NA,NA,hispanic,1193
2020,female,97,NA,NA,NA,NA,NA,NA,hispanic,1085
2010,female,98,NA,NA,NA,NA,NA,NA,hispanic,479
2011,female,98,NA,NA,NA,NA,NA,NA,hispanic,575
2012,female,98,NA,NA,NA,NA,NA,NA,hispanic,626
2013,female,98,NA,NA,NA,NA,NA,NA,hispanic,683
2014,female,98,NA,NA,NA,NA,NA,NA,hispanic,736
2015,female,98,NA,NA,NA,NA,NA,NA,hispanic,794
2016,female,98,NA,NA,NA,NA,NA,NA,hispanic,843
2017,female,98,NA,NA,NA,NA,NA,NA,hispanic,890
2018,female,98,NA,NA,NA,NA,NA,NA,hispanic,949
2019,female,98,NA,NA,NA,NA,NA,NA,hispanic,996
2020,female,98,NA,NA,NA,NA,NA,NA,hispanic,1060
2010,female,99,NA,NA,NA,NA,NA,NA,hispanic,340
2011,female,99,NA,NA,NA,NA,NA,NA,hispanic,410
2012,female,99,NA,NA,NA,NA,NA,NA,hispanic,445
2013,female,99,NA,NA,NA,NA,NA,NA,hispanic,489
2014,female,99,NA,NA,NA,NA,NA,NA,hispanic,523
2015,female,99,NA,NA,NA,NA,NA,NA,hispanic,571
2016,female,99,NA,NA,NA,NA,NA,NA,hispanic,597
2017,female,99,NA,NA,NA,NA,NA,NA,hispanic,636
2018,female,99,NA,NA,NA,NA,NA,NA,hispanic,670
2019,female,99,NA,NA,NA,NA,NA,NA,hispanic,709
2020,female,99,NA,NA,NA,NA,NA,NA,hispanic,662
2010,female,100,NA,NA,NA,NA,NA,NA,hispanic,582
2011,female,100,NA,NA,NA,NA,NA,NA,hispanic,635
2012,female,100,NA,NA,NA,NA,NA,NA,hispanic,692
2013,female,100,NA,NA,NA,NA,NA,NA,hispanic,754
2014,female,100,NA,NA,NA,NA,NA,NA,hispanic,814
2015,female,100,NA,NA,NA,NA,NA,NA,hispanic,883
2016,female,100,NA,NA,NA,NA,NA,NA,hispanic,940
2017,female,100,NA,NA,NA,NA,NA,NA,hispanic,1003
2018,female,100,NA,NA,NA,NA,NA,NA,hispanic,1064
2019,female,100,NA,NA,NA,NA,NA,NA,hispanic,1129
2020,female,100,NA,NA,NA,NA,NA,NA,hispanic,1048
2010,male,0,NA,NA,NA,NA,NA,NA,white,64754
2011,male,0,NA,NA,NA,NA,NA,NA,white,70254
2012,male,0,NA,NA,NA,NA,NA,NA,white,72911
2013,male,0,NA,NA,NA,NA,NA,NA,white,73693
2014,male,0,NA,NA,NA,NA,NA,NA,white,73559
2015,male,0,NA,NA,NA,NA,NA,NA,white,72857
2016,male,0,NA,NA,NA,NA,NA,NA,white,71441
2017,male,0,NA,NA,NA,NA,NA,NA,white,69427
2018,male,0,NA,NA,NA,NA,NA,NA,white,66942
2019,male,0,NA,NA,NA,NA,NA,NA,white,63457
2020,male,0,NA,NA,NA,NA,NA,NA,white,56461
2010,male,1,NA,NA,NA,NA,NA,NA,white,65215
2011,male,1,NA,NA,NA,NA,NA,NA,white,68102
2012,male,1,NA,NA,NA,NA,NA,NA,white,70336
2013,male,1,NA,NA,NA,NA,NA,NA,white,71996
2014,male,1,NA,NA,NA,NA,NA,NA,white,72709
2015,male,1,NA,NA,NA,NA,NA,NA,white,72493
2016,male,1,NA,NA,NA,NA,NA,NA,white,71720
2017,male,1,NA,NA,NA,NA,NA,NA,white,70084
2018,male,1,NA,NA,NA,NA,NA,NA,white,67103
2019,male,1,NA,NA,NA,NA,NA,NA,white,62489
2020,male,1,NA,NA,NA,NA,NA,NA,white,55865
2010,male,2,NA,NA,NA,NA,NA,NA,white,67159
2011,male,2,NA,NA,NA,NA,NA,NA,white,66482
2012,male,2,NA,NA,NA,NA,NA,NA,white,67390
2013,male,2,NA,NA,NA,NA,NA,NA,white,69646
2014,male,2,NA,NA,NA,NA,NA,NA,white,71761
2015,male,2,NA,NA,NA,NA,NA,NA,white,72308
2016,male,2,NA,NA,NA,NA,NA,NA,white,71904
2017,male,2,NA,NA,NA,NA,NA,NA,white,70760
2018,male,2,NA,NA,NA,NA,NA,NA,white,68188
2019,male,2,NA,NA,NA,NA,NA,NA,white,63228
2020,male,2,NA,NA,NA,NA,NA,NA,white,56588
2010,male,3,NA,NA,NA,NA,NA,NA,white,68602
2011,male,3,NA,NA,NA,NA,NA,NA,white,66165
2012,male,3,NA,NA,NA,NA,NA,NA,white,65548
2013,male,3,NA,NA,NA,NA,NA,NA,white,65936
2014,male,3,NA,NA,NA,NA,NA,NA,white,68020
2015,male,3,NA,NA,NA,NA,NA,NA,white,70145
2016,male,3,NA,NA,NA,NA,NA,NA,white,70717
2017,male,3,NA,NA,NA,NA,NA,NA,white,70423
2018,male,3,NA,NA,NA,NA,NA,NA,white,68962
2019,male,3,NA,NA,NA,NA,NA,NA,white,64920
2020,male,3,NA,NA,NA,NA,NA,NA,white,58130
2010,male,4,NA,NA,NA,NA,NA,NA,white,68821
2011,male,4,NA,NA,NA,NA,NA,NA,white,66720
2012,male,4,NA,NA,NA,NA,NA,NA,white,65299
2013,male,4,NA,NA,NA,NA,NA,NA,white,64020
2014,male,4,NA,NA,NA,NA,NA,NA,white,64020
2015,male,4,NA,NA,NA,NA,NA,NA,white,66154
2016,male,4,NA,NA,NA,NA,NA,NA,white,68343
2017,male,4,NA,NA,NA,NA,NA,NA,white,69001
2018,male,4,NA,NA,NA,NA,NA,NA,white,68288
2019,male,4,NA,NA,NA,NA,NA,NA,white,65036
2020,male,4,NA,NA,NA,NA,NA,NA,white,59661
2010,male,5,NA,NA,NA,NA,NA,NA,white,69069
2011,male,5,NA,NA,NA,NA,NA,NA,white,67151
2012,male,5,NA,NA,NA,NA,NA,NA,white,65499
2013,male,5,NA,NA,NA,NA,NA,NA,white,63472
2014,male,5,NA,NA,NA,NA,NA,NA,white,61890
2015,male,5,NA,NA,NA,NA,NA,NA,white,62010
2016,male,5,NA,NA,NA,NA,NA,NA,white,64222
2017,male,5,NA,NA,NA,NA,NA,NA,white,66615
2018,male,5,NA,NA,NA,NA,NA,NA,white,67042
2019,male,5,NA,NA,NA,NA,NA,NA,white,64749
2020,male,5,NA,NA,NA,NA,NA,NA,white,60037
2010,male,6,NA,NA,NA,NA,NA,NA,white,70014
2011,male,6,NA,NA,NA,NA,NA,NA,white,67956
2012,male,6,NA,NA,NA,NA,NA,NA,white,66121
2013,male,6,NA,NA,NA,NA,NA,NA,white,63789
2014,male,6,NA,NA,NA,NA,NA,NA,white,61594
2015,male,6,NA,NA,NA,NA,NA,NA,white,60107
2016,male,6,NA,NA,NA,NA,NA,NA,white,60284
2017,male,6,NA,NA,NA,NA,NA,NA,white,62648
2018,male,6,NA,NA,NA,NA,NA,NA,white,64704
2019,male,6,NA,NA,NA,NA,NA,NA,white,63471
2020,male,6,NA,NA,NA,NA,NA,NA,white,59930
2010,male,7,NA,NA,NA,NA,NA,NA,white,69341
2011,male,7,NA,NA,NA,NA,NA,NA,white,67819
2012,male,7,NA,NA,NA,NA,NA,NA,white,66133
2013,male,7,NA,NA,NA,NA,NA,NA,white,63864
2014,male,7,NA,NA,NA,NA,NA,NA,white,61427
2015,male,7,NA,NA,NA,NA,NA,NA,white,59375
2016,male,7,NA,NA,NA,NA,NA,NA,white,58094
2017,male,7,NA,NA,NA,NA,NA,NA,white,58658
2018,male,7,NA,NA,NA,NA,NA,NA,white,61151
2019,male,7,NA,NA,NA,NA,NA,NA,white,62113
2020,male,7,NA,NA,NA,NA,NA,NA,white,59362
2010,male,8,NA,NA,NA,NA,NA,NA,white,69922
2011,male,8,NA,NA,NA,NA,NA,NA,white,68051
2012,male,8,NA,NA,NA,NA,NA,NA,white,66352
2013,male,8,NA,NA,NA,NA,NA,NA,white,64036
2014,male,8,NA,NA,NA,NA,NA,NA,white,61682
2015,male,8,NA,NA,NA,NA,NA,NA,white,59433
2016,male,8,NA,NA,NA,NA,NA,NA,white,57518
2017,male,8,NA,NA,NA,NA,NA,NA,white,56635
2018,male,8,NA,NA,NA,NA,NA,NA,white,57319
2019,male,8,NA,NA,NA,NA,NA,NA,white,58803
2020,male,8,NA,NA,NA,NA,NA,NA,white,59813
2010,male,9,NA,NA,NA,NA,NA,NA,white,72033
2011,male,9,NA,NA,NA,NA,NA,NA,white,68994
2012,male,9,NA,NA,NA,NA,NA,NA,white,66503
2013,male,9,NA,NA,NA,NA,NA,NA,white,64028
2014,male,9,NA,NA,NA,NA,NA,NA,white,61716
2015,male,9,NA,NA,NA,NA,NA,NA,white,59614
2016,male,9,NA,NA,NA,NA,NA,NA,white,57735
2017,male,9,NA,NA,NA,NA,NA,NA,white,56607
2018,male,9,NA,NA,NA,NA,NA,NA,white,56524
2019,male,9,NA,NA,NA,NA,NA,NA,white,57494
2020,male,9,NA,NA,NA,NA,NA,NA,white,60282
2010,male,10,NA,NA,NA,NA,NA,NA,white,73816
2011,male,10,NA,NA,NA,NA,NA,NA,white,70330
2012,male,10,NA,NA,NA,NA,NA,NA,white,67653
2013,male,10,NA,NA,NA,NA,NA,NA,white,64656
2014,male,10,NA,NA,NA,NA,NA,NA,white,62043
2015,male,10,NA,NA,NA,NA,NA,NA,white,59981
2016,male,10,NA,NA,NA,NA,NA,NA,white,58288
2017,male,10,NA,NA,NA,NA,NA,NA,white,57333
2018,male,10,NA,NA,NA,NA,NA,NA,white,57343
2019,male,10,NA,NA,NA,NA,NA,NA,white,58368
2020,male,10,NA,NA,NA,NA,NA,NA,white,60624
2010,male,11,NA,NA,NA,NA,NA,NA,white,73597
2011,male,11,NA,NA,NA,NA,NA,NA,white,71210
2012,male,11,NA,NA,NA,NA,NA,NA,white,68722
2013,male,11,NA,NA,NA,NA,NA,NA,white,65576
2014,male,11,NA,NA,NA,NA,NA,NA,white,62527
2015,male,11,NA,NA,NA,NA,NA,NA,white,60245
2016,male,11,NA,NA,NA,NA,NA,NA,white,58623
2017,male,11,NA,NA,NA,NA,NA,NA,white,57937
2018,male,11,NA,NA,NA,NA,NA,NA,white,58215
2019,male,11,NA,NA,NA,NA,NA,NA,white,59503
2020,male,11,NA,NA,NA,NA,NA,NA,white,62477
2010,male,12,NA,NA,NA,NA,NA,NA,white,74848
2011,male,12,NA,NA,NA,NA,NA,NA,white,73276
2012,male,12,NA,NA,NA,NA,NA,NA,white,71041
2013,male,12,NA,NA,NA,NA,NA,NA,white,68069
2014,male,12,NA,NA,NA,NA,NA,NA,white,64764
2015,male,12,NA,NA,NA,NA,NA,NA,white,61835
2016,male,12,NA,NA,NA,NA,NA,NA,white,59845
2017,male,12,NA,NA,NA,NA,NA,NA,white,58930
2018,male,12,NA,NA,NA,NA,NA,NA,white,59258
2019,male,12,NA,NA,NA,NA,NA,NA,white,60985
2020,male,12,NA,NA,NA,NA,NA,NA,white,65039
2010,male,13,NA,NA,NA,NA,NA,NA,white,77378
2011,male,13,NA,NA,NA,NA,NA,NA,white,74653
2012,male,13,NA,NA,NA,NA,NA,NA,white,72726
2013,male,13,NA,NA,NA,NA,NA,NA,white,70390
2014,male,13,NA,NA,NA,NA,NA,NA,white,67629
2015,male,13,NA,NA,NA,NA,NA,NA,white,64436
2016,male,13,NA,NA,NA,NA,NA,NA,white,61721
2017,male,13,NA,NA,NA,NA,NA,NA,white,60313
2018,male,13,NA,NA,NA,NA,NA,NA,white,60154
2019,male,13,NA,NA,NA,NA,NA,NA,white,61747
2020,male,13,NA,NA,NA,NA,NA,NA,white,65743
2010,male,14,NA,NA,NA,NA,NA,NA,white,80209
2011,male,14,NA,NA,NA,NA,NA,NA,white,76891
2012,male,14,NA,NA,NA,NA,NA,NA,white,74437
2013,male,14,NA,NA,NA,NA,NA,NA,white,72270
2014,male,14,NA,NA,NA,NA,NA,NA,white,70124
2015,male,14,NA,NA,NA,NA,NA,NA,white,67462
2016,male,14,NA,NA,NA,NA,NA,NA,white,64459
2017,male,14,NA,NA,NA,NA,NA,NA,white,62258
2018,male,14,NA,NA,NA,NA,NA,NA,white,61606
2019,male,14,NA,NA,NA,NA,NA,NA,white,62748
2020,male,14,NA,NA,NA,NA,NA,NA,white,65521
2010,male,15,NA,NA,NA,NA,NA,NA,white,82884
2011,male,15,NA,NA,NA,NA,NA,NA,white,79446
2012,male,15,NA,NA,NA,NA,NA,NA,white,76795
2013,male,15,NA,NA,NA,NA,NA,NA,white,74146
2014,male,15,NA,NA,NA,NA,NA,NA,white,71952
2015,male,15,NA,NA,NA,NA,NA,NA,white,69806
2016,male,15,NA,NA,NA,NA,NA,NA,white,67300
2017,male,15,NA,NA,NA,NA,NA,NA,white,64669
2018,male,15,NA,NA,NA,NA,NA,NA,white,63001
2019,male,15,NA,NA,NA,NA,NA,NA,white,63100
2020,male,15,NA,NA,NA,NA,NA,NA,white,65473
2010,male,16,NA,NA,NA,NA,NA,NA,white,85314
2011,male,16,NA,NA,NA,NA,NA,NA,white,82036
2012,male,16,NA,NA,NA,NA,NA,NA,white,79363
2013,male,16,NA,NA,NA,NA,NA,NA,white,76469
2014,male,16,NA,NA,NA,NA,NA,NA,white,73759
2015,male,16,NA,NA,NA,NA,NA,NA,white,71656
2016,male,16,NA,NA,NA,NA,NA,NA,white,69691
2017,male,16,NA,NA,NA,NA,NA,NA,white,67642
2018,male,16,NA,NA,NA,NA,NA,NA,white,65708
2019,male,16,NA,NA,NA,NA,NA,NA,white,65048
2020,male,16,NA,NA,NA,NA,NA,NA,white,67130
2010,male,17,NA,NA,NA,NA,NA,NA,white,87437
2011,male,17,NA,NA,NA,NA,NA,NA,white,84407
2012,male,17,NA,NA,NA,NA,NA,NA,white,81642
2013,male,17,NA,NA,NA,NA,NA,NA,white,78696
2014,male,17,NA,NA,NA,NA,NA,NA,white,75850
2015,male,17,NA,NA,NA,NA,NA,NA,white,73211
2016,male,17,NA,NA,NA,NA,NA,NA,white,71205
2017,male,17,NA,NA,NA,NA,NA,NA,white,69599
2018,male,17,NA,NA,NA,NA,NA,NA,white,68021
2019,male,17,NA,NA,NA,NA,NA,NA,white,66593
2020,male,17,NA,NA,NA,NA,NA,NA,white,66528
2010,male,18,NA,NA,NA,NA,NA,NA,white,91012
2011,male,18,NA,NA,NA,NA,NA,NA,white,87278
2012,male,18,NA,NA,NA,NA,NA,NA,white,84193
2013,male,18,NA,NA,NA,NA,NA,NA,white,81170
2014,male,18,NA,NA,NA,NA,NA,NA,white,78230
2015,male,18,NA,NA,NA,NA,NA,NA,white,75395
2016,male,18,NA,NA,NA,NA,NA,NA,white,72982
2017,male,18,NA,NA,NA,NA,NA,NA,white,71536
2018,male,18,NA,NA,NA,NA,NA,NA,white,70719
2019,male,18,NA,NA,NA,NA,NA,NA,white,70259
2020,male,18,NA,NA,NA,NA,NA,NA,white,70131
2010,male,19,NA,NA,NA,NA,NA,NA,white,95772
2011,male,19,NA,NA,NA,NA,NA,NA,white,90384
2012,male,19,NA,NA,NA,NA,NA,NA,white,86903
2013,male,19,NA,NA,NA,NA,NA,NA,white,83561
2014,male,19,NA,NA,NA,NA,NA,NA,white,80656
2015,male,19,NA,NA,NA,NA,NA,NA,white,77869
2016,male,19,NA,NA,NA,NA,NA,NA,white,75144
2017,male,19,NA,NA,NA,NA,NA,NA,white,73034
2018,male,19,NA,NA,NA,NA,NA,NA,white,71932
2019,male,19,NA,NA,NA,NA,NA,NA,white,71454
2020,male,19,NA,NA,NA,NA,NA,NA,white,69984
2010,male,20,NA,NA,NA,NA,NA,NA,white,98539
2011,male,20,NA,NA,NA,NA,NA,NA,white,94143
2012,male,20,NA,NA,NA,NA,NA,NA,white,90616
2013,male,20,NA,NA,NA,NA,NA,NA,white,86977
2014,male,20,NA,NA,NA,NA,NA,NA,white,83599
2015,male,20,NA,NA,NA,NA,NA,NA,white,80625
2016,male,20,NA,NA,NA,NA,NA,NA,white,77700
2017,male,20,NA,NA,NA,NA,NA,NA,white,74963
2018,male,20,NA,NA,NA,NA,NA,NA,white,72688
2019,male,20,NA,NA,NA,NA,NA,NA,white,71159
2020,male,20,NA,NA,NA,NA,NA,NA,white,71081
2010,male,21,NA,NA,NA,NA,NA,NA,white,95612
2011,male,21,NA,NA,NA,NA,NA,NA,white,95589
2012,male,21,NA,NA,NA,NA,NA,NA,white,93852
2013,male,21,NA,NA,NA,NA,NA,NA,white,90767
2014,male,21,NA,NA,NA,NA,NA,NA,white,87097
2015,male,21,NA,NA,NA,NA,NA,NA,white,83578
2016,male,21,NA,NA,NA,NA,NA,NA,white,80575
2017,male,21,NA,NA,NA,NA,NA,NA,white,77742
2018,male,21,NA,NA,NA,NA,NA,NA,white,75019
2019,male,21,NA,NA,NA,NA,NA,NA,white,72647
2020,male,21,NA,NA,NA,NA,NA,NA,white,70773
2010,male,22,NA,NA,NA,NA,NA,NA,white,95532
2011,male,22,NA,NA,NA,NA,NA,NA,white,96030
2012,male,22,NA,NA,NA,NA,NA,NA,white,95347
2013,male,22,NA,NA,NA,NA,NA,NA,white,93368
2014,male,22,NA,NA,NA,NA,NA,NA,white,90244
2015,male,22,NA,NA,NA,NA,NA,NA,white,86518
2016,male,22,NA,NA,NA,NA,NA,NA,white,83007
2017,male,22,NA,NA,NA,NA,NA,NA,white,80168
2018,male,22,NA,NA,NA,NA,NA,NA,white,77408
2019,male,22,NA,NA,NA,NA,NA,NA,white,74394
2020,male,22,NA,NA,NA,NA,NA,NA,white,71918
2010,male,23,NA,NA,NA,NA,NA,NA,white,96730
2011,male,23,NA,NA,NA,NA,NA,NA,white,96189
2012,male,23,NA,NA,NA,NA,NA,NA,white,95511
2013,male,23,NA,NA,NA,NA,NA,NA,white,94682
2014,male,23,NA,NA,NA,NA,NA,NA,white,92994
2015,male,23,NA,NA,NA,NA,NA,NA,white,89875
2016,male,23,NA,NA,NA,NA,NA,NA,white,86089
2017,male,23,NA,NA,NA,NA,NA,NA,white,82709
2018,male,23,NA,NA,NA,NA,NA,NA,white,79930
2019,male,23,NA,NA,NA,NA,NA,NA,white,76952
2020,male,23,NA,NA,NA,NA,NA,NA,white,75029
2010,male,24,NA,NA,NA,NA,NA,NA,white,98729
2011,male,24,NA,NA,NA,NA,NA,NA,white,96948
2012,male,24,NA,NA,NA,NA,NA,NA,white,95892
2013,male,24,NA,NA,NA,NA,NA,NA,white,95088
2014,male,24,NA,NA,NA,NA,NA,NA,white,94366
2015,male,24,NA,NA,NA,NA,NA,NA,white,92654
2016,male,24,NA,NA,NA,NA,NA,NA,white,89592
2017,male,24,NA,NA,NA,NA,NA,NA,white,86161
2018,male,24,NA,NA,NA,NA,NA,NA,white,83216
2019,male,24,NA,NA,NA,NA,NA,NA,white,80981
2020,male,24,NA,NA,NA,NA,NA,NA,white,78775
2010,male,25,NA,NA,NA,NA,NA,NA,white,100514
2011,male,25,NA,NA,NA,NA,NA,NA,white,98384
2012,male,25,NA,NA,NA,NA,NA,NA,white,96780
2013,male,25,NA,NA,NA,NA,NA,NA,white,95473
2014,male,25,NA,NA,NA,NA,NA,NA,white,94649
2015,male,25,NA,NA,NA,NA,NA,NA,white,93976
2016,male,25,NA,NA,NA,NA,NA,NA,white,92298
2017,male,25,NA,NA,NA,NA,NA,NA,white,89531
2018,male,25,NA,NA,NA,NA,NA,NA,white,86397
2019,male,25,NA,NA,NA,NA,NA,NA,white,83746
2020,male,25,NA,NA,NA,NA,NA,NA,white,82259
2010,male,26,NA,NA,NA,NA,NA,NA,white,98446
2011,male,26,NA,NA,NA,NA,NA,NA,white,99002
2012,male,26,NA,NA,NA,NA,NA,NA,white,98621
2013,male,26,NA,NA,NA,NA,NA,NA,white,97154
2014,male,26,NA,NA,NA,NA,NA,NA,white,95618
2015,male,26,NA,NA,NA,NA,NA,NA,white,94671
2016,male,26,NA,NA,NA,NA,NA,NA,white,94007
2017,male,26,NA,NA,NA,NA,NA,NA,white,92515
2018,male,26,NA,NA,NA,NA,NA,NA,white,90039
2019,male,26,NA,NA,NA,NA,NA,NA,white,87488
2020,male,26,NA,NA,NA,NA,NA,NA,white,85594
2010,male,27,NA,NA,NA,NA,NA,NA,white,100438
2011,male,27,NA,NA,NA,NA,NA,NA,white,99825
2012,male,27,NA,NA,NA,NA,NA,NA,white,99263
2013,male,27,NA,NA,NA,NA,NA,NA,white,98545
2014,male,27,NA,NA,NA,NA,NA,NA,white,97191
2015,male,27,NA,NA,NA,NA,NA,NA,white,95670
2016,male,27,NA,NA,NA,NA,NA,NA,white,94783
2017,male,27,NA,NA,NA,NA,NA,NA,white,94354
2018,male,27,NA,NA,NA,NA,NA,NA,white,93269
2019,male,27,NA,NA,NA,NA,NA,NA,white,91541
2020,male,27,NA,NA,NA,NA,NA,NA,white,89476
2010,male,28,NA,NA,NA,NA,NA,NA,white,100138
2011,male,28,NA,NA,NA,NA,NA,NA,white,100043
2012,male,28,NA,NA,NA,NA,NA,NA,white,99826
2013,male,28,NA,NA,NA,NA,NA,NA,white,99441
2014,male,28,NA,NA,NA,NA,NA,NA,white,98954
2015,male,28,NA,NA,NA,NA,NA,NA,white,97560
2016,male,28,NA,NA,NA,NA,NA,NA,white,96063
2017,male,28,NA,NA,NA,NA,NA,NA,white,95411
2018,male,28,NA,NA,NA,NA,NA,NA,white,95323
2019,male,28,NA,NA,NA,NA,NA,NA,white,95076
2020,male,28,NA,NA,NA,NA,NA,NA,white,94600
2010,male,29,NA,NA,NA,NA,NA,NA,white,98287
2011,male,29,NA,NA,NA,NA,NA,NA,white,99781
2012,male,29,NA,NA,NA,NA,NA,NA,white,100371
2013,male,29,NA,NA,NA,NA,NA,NA,white,100374
2014,male,29,NA,NA,NA,NA,NA,NA,white,100221
2015,male,29,NA,NA,NA,NA,NA,NA,white,99698
2016,male,29,NA,NA,NA,NA,NA,NA,white,98365
2017,male,29,NA,NA,NA,NA,NA,NA,white,97175
2018,male,29,NA,NA,NA,NA,NA,NA,white,97174
2019,male,29,NA,NA,NA,NA,NA,NA,white,98835
2020,male,29,NA,NA,NA,NA,NA,NA,white,100797
2010,male,30,NA,NA,NA,NA,NA,NA,white,100464
2011,male,30,NA,NA,NA,NA,NA,NA,white,100471
2012,male,30,NA,NA,NA,NA,NA,NA,white,100818
2013,male,30,NA,NA,NA,NA,NA,NA,white,101185
2014,male,30,NA,NA,NA,NA,NA,NA,white,101392
2015,male,30,NA,NA,NA,NA,NA,NA,white,101139
2016,male,30,NA,NA,NA,NA,NA,NA,white,100593
2017,male,30,NA,NA,NA,NA,NA,NA,white,99358
2018,male,30,NA,NA,NA,NA,NA,NA,white,98498
2019,male,30,NA,NA,NA,NA,NA,NA,white,99603
2020,male,30,NA,NA,NA,NA,NA,NA,white,102203
2010,male,31,NA,NA,NA,NA,NA,NA,white,90923
2011,male,31,NA,NA,NA,NA,NA,NA,white,97363
2012,male,31,NA,NA,NA,NA,NA,NA,white,100303
2013,male,31,NA,NA,NA,NA,NA,NA,white,101918
2014,male,31,NA,NA,NA,NA,NA,NA,white,102558
2015,male,31,NA,NA,NA,NA,NA,NA,white,102639
2016,male,31,NA,NA,NA,NA,NA,NA,white,102236
2017,male,31,NA,NA,NA,NA,NA,NA,white,101570
2018,male,31,NA,NA,NA,NA,NA,NA,white,100360
2019,male,31,NA,NA,NA,NA,NA,NA,white,100201
2020,male,31,NA,NA,NA,NA,NA,NA,white,100266
2010,male,32,NA,NA,NA,NA,NA,NA,white,90423
2011,male,32,NA,NA,NA,NA,NA,NA,white,94927
2012,male,32,NA,NA,NA,NA,NA,NA,white,98629
2013,male,32,NA,NA,NA,NA,NA,NA,white,101257
2014,male,32,NA,NA,NA,NA,NA,NA,white,103001
2015,male,32,NA,NA,NA,NA,NA,NA,white,103547
2016,male,32,NA,NA,NA,NA,NA,NA,white,103439
2017,male,32,NA,NA,NA,NA,NA,NA,white,102829
2018,male,32,NA,NA,NA,NA,NA,NA,white,102020
2019,male,32,NA,NA,NA,NA,NA,NA,white,101020
2020,male,32,NA,NA,NA,NA,NA,NA,white,99562
2010,male,33,NA,NA,NA,NA,NA,NA,white,87432
2011,male,33,NA,NA,NA,NA,NA,NA,white,91669
2012,male,33,NA,NA,NA,NA,NA,NA,white,95210
2013,male,33,NA,NA,NA,NA,NA,NA,white,99194
2014,male,33,NA,NA,NA,NA,NA,NA,white,102358
2015,male,33,NA,NA,NA,NA,NA,NA,white,103920
2016,male,33,NA,NA,NA,NA,NA,NA,white,104219
2017,male,33,NA,NA,NA,NA,NA,NA,white,103787
2018,male,33,NA,NA,NA,NA,NA,NA,white,102805
2019,male,33,NA,NA,NA,NA,NA,NA,white,101772
2020,male,33,NA,NA,NA,NA,NA,NA,white,99514
2010,male,34,NA,NA,NA,NA,NA,NA,white,85039
2011,male,34,NA,NA,NA,NA,NA,NA,white,89016
2012,male,34,NA,NA,NA,NA,NA,NA,white,92564
2013,male,34,NA,NA,NA,NA,NA,NA,white,96251
2014,male,34,NA,NA,NA,NA,NA,NA,white,100337
2015,male,34,NA,NA,NA,NA,NA,NA,white,103280
2016,male,34,NA,NA,NA,NA,NA,NA,white,104577
2017,male,34,NA,NA,NA,NA,NA,NA,white,104446
2018,male,34,NA,NA,NA,NA,NA,NA,white,103432
2019,male,34,NA,NA,NA,NA,NA,NA,white,101823
2020,male,34,NA,NA,NA,NA,NA,NA,white,99375
2010,male,35,NA,NA,NA,NA,NA,NA,white,90384
2011,male,35,NA,NA,NA,NA,NA,NA,white,89402
2012,male,35,NA,NA,NA,NA,NA,NA,white,90485
2013,male,35,NA,NA,NA,NA,NA,NA,white,93295
2014,male,35,NA,NA,NA,NA,NA,NA,white,97030
2015,male,35,NA,NA,NA,NA,NA,NA,white,100937
2016,male,35,NA,NA,NA,NA,NA,NA,white,103599
2017,male,35,NA,NA,NA,NA,NA,NA,white,104509
2018,male,35,NA,NA,NA,NA,NA,NA,white,103830
2019,male,35,NA,NA,NA,NA,NA,NA,white,102026
2020,male,35,NA,NA,NA,NA,NA,NA,white,97944
2010,male,36,NA,NA,NA,NA,NA,NA,white,84924
2011,male,36,NA,NA,NA,NA,NA,NA,white,87248
2012,male,36,NA,NA,NA,NA,NA,NA,white,89094
2013,male,36,NA,NA,NA,NA,NA,NA,white,90924
2014,male,36,NA,NA,NA,NA,NA,NA,white,93759
2015,male,36,NA,NA,NA,NA,NA,NA,white,97313
2016,male,36,NA,NA,NA,NA,NA,NA,white,100918
2017,male,36,NA,NA,NA,NA,NA,NA,white,103192
2018,male,36,NA,NA,NA,NA,NA,NA,white,103418
2019,male,36,NA,NA,NA,NA,NA,NA,white,101641
2020,male,36,NA,NA,NA,NA,NA,NA,white,97056
2010,male,37,NA,NA,NA,NA,NA,NA,white,87943
2011,male,37,NA,NA,NA,NA,NA,NA,white,88184
2012,male,37,NA,NA,NA,NA,NA,NA,white,88849
2013,male,37,NA,NA,NA,NA,NA,NA,white,89621
2014,male,37,NA,NA,NA,NA,NA,NA,white,90988
2015,male,37,NA,NA,NA,NA,NA,NA,white,93616
2016,male,37,NA,NA,NA,NA,NA,NA,white,96959
2017,male,37,NA,NA,NA,NA,NA,NA,white,100271
2018,male,37,NA,NA,NA,NA,NA,NA,white,101911
2019,male,37,NA,NA,NA,NA,NA,NA,white,100872
2020,male,37,NA,NA,NA,NA,NA,NA,white,97588
2010,male,38,NA,NA,NA,NA,NA,NA,white,94561
2011,male,38,NA,NA,NA,NA,NA,NA,white,90114
2012,male,38,NA,NA,NA,NA,NA,NA,white,88592
2013,male,38,NA,NA,NA,NA,NA,NA,white,88769
2014,male,38,NA,NA,NA,NA,NA,NA,white,89720
2015,male,38,NA,NA,NA,NA,NA,NA,white,90946
2016,male,38,NA,NA,NA,NA,NA,NA,white,93373
2017,male,38,NA,NA,NA,NA,NA,NA,white,96509
2018,male,38,NA,NA,NA,NA,NA,NA,white,99320
2019,male,38,NA,NA,NA,NA,NA,NA,white,100086
2020,male,38,NA,NA,NA,NA,NA,NA,white,96325
2010,male,39,NA,NA,NA,NA,NA,NA,white,105019
2011,male,39,NA,NA,NA,NA,NA,NA,white,95731
2012,male,39,NA,NA,NA,NA,NA,NA,white,90971
2013,male,39,NA,NA,NA,NA,NA,NA,white,88599
2014,male,39,NA,NA,NA,NA,NA,NA,white,88579
2015,male,39,NA,NA,NA,NA,NA,NA,white,89315
2016,male,39,NA,NA,NA,NA,NA,NA,white,90255
2017,male,39,NA,NA,NA,NA,NA,NA,white,92381
2018,male,39,NA,NA,NA,NA,NA,NA,white,94705
2019,male,39,NA,NA,NA,NA,NA,NA,white,95839
2020,male,39,NA,NA,NA,NA,NA,NA,white,94255
2010,male,40,NA,NA,NA,NA,NA,NA,white,111404
2011,male,40,NA,NA,NA,NA,NA,NA,white,102341
2012,male,40,NA,NA,NA,NA,NA,NA,white,96284
2013,male,40,NA,NA,NA,NA,NA,NA,white,91198
2014,male,40,NA,NA,NA,NA,NA,NA,white,88374
2015,male,40,NA,NA,NA,NA,NA,NA,white,88194
2016,male,40,NA,NA,NA,NA,NA,NA,white,88777
2017,male,40,NA,NA,NA,NA,NA,NA,white,89685
2018,male,40,NA,NA,NA,NA,NA,NA,white,91494
2019,male,40,NA,NA,NA,NA,NA,NA,white,93029
2020,male,40,NA,NA,NA,NA,NA,NA,white,91490
2010,male,41,NA,NA,NA,NA,NA,NA,white,102119
2011,male,41,NA,NA,NA,NA,NA,NA,white,103584
2012,male,41,NA,NA,NA,NA,NA,NA,white,101391
2013,male,41,NA,NA,NA,NA,NA,NA,white,96273
2014,male,41,NA,NA,NA,NA,NA,NA,white,90738
2015,male,41,NA,NA,NA,NA,NA,NA,white,87791
2016,male,41,NA,NA,NA,NA,NA,NA,white,87444
2017,male,41,NA,NA,NA,NA,NA,NA,white,87892
2018,male,41,NA,NA,NA,NA,NA,NA,white,88313
2019,male,41,NA,NA,NA,NA,NA,NA,white,88873
2020,male,41,NA,NA,NA,NA,NA,NA,white,87826
2010,male,42,NA,NA,NA,NA,NA,NA,white,101821
2011,male,42,NA,NA,NA,NA,NA,NA,white,103981
2012,male,42,NA,NA,NA,NA,NA,NA,white,103535
2013,male,42,NA,NA,NA,NA,NA,NA,white,100637
2014,male,42,NA,NA,NA,NA,NA,NA,white,95404
2015,male,42,NA,NA,NA,NA,NA,NA,white,89884
2016,male,42,NA,NA,NA,NA,NA,NA,white,86887
2017,male,42,NA,NA,NA,NA,NA,NA,white,86664
2018,male,42,NA,NA,NA,NA,NA,NA,white,87017
2019,male,42,NA,NA,NA,NA,NA,NA,white,86792
2020,male,42,NA,NA,NA,NA,NA,NA,white,85417
2010,male,43,NA,NA,NA,NA,NA,NA,white,103274
2011,male,43,NA,NA,NA,NA,NA,NA,white,102949
2012,male,43,NA,NA,NA,NA,NA,NA,white,102717
2013,male,43,NA,NA,NA,NA,NA,NA,white,102266
2014,male,43,NA,NA,NA,NA,NA,NA,white,100051
2015,male,43,NA,NA,NA,NA,NA,NA,white,94778
2016,male,43,NA,NA,NA,NA,NA,NA,white,89171
2017,male,43,NA,NA,NA,NA,NA,NA,white,86244
2018,male,43,NA,NA,NA,NA,NA,NA,white,85762
2019,male,43,NA,NA,NA,NA,NA,NA,white,85452
2020,male,43,NA,NA,NA,NA,NA,NA,white,82617
2010,male,44,NA,NA,NA,NA,NA,NA,white,106159
2011,male,44,NA,NA,NA,NA,NA,NA,white,103396
2012,male,44,NA,NA,NA,NA,NA,NA,white,102208
2013,male,44,NA,NA,NA,NA,NA,NA,white,101790
2014,male,44,NA,NA,NA,NA,NA,NA,white,101606
2015,male,44,NA,NA,NA,NA,NA,NA,white,99359
2016,male,44,NA,NA,NA,NA,NA,NA,white,93966
2017,male,44,NA,NA,NA,NA,NA,NA,white,88229
2018,male,44,NA,NA,NA,NA,NA,NA,white,84778
2019,male,44,NA,NA,NA,NA,NA,NA,white,83060
2020,male,44,NA,NA,NA,NA,NA,NA,white,80716
2010,male,45,NA,NA,NA,NA,NA,NA,white,118694
2011,male,45,NA,NA,NA,NA,NA,NA,white,109216
2012,male,45,NA,NA,NA,NA,NA,NA,white,104347
2013,male,45,NA,NA,NA,NA,NA,NA,white,101714
2014,male,45,NA,NA,NA,NA,NA,NA,white,101113
2015,male,45,NA,NA,NA,NA,NA,NA,white,100924
2016,male,45,NA,NA,NA,NA,NA,NA,white,98700
2017,male,45,NA,NA,NA,NA,NA,NA,white,93479
2018,male,45,NA,NA,NA,NA,NA,NA,white,87789
2019,male,45,NA,NA,NA,NA,NA,NA,white,84056
2020,male,45,NA,NA,NA,NA,NA,NA,white,82228
2010,male,46,NA,NA,NA,NA,NA,NA,white,120818
2011,male,46,NA,NA,NA,NA,NA,NA,white,113619
2012,male,46,NA,NA,NA,NA,NA,NA,white,108468
2013,male,46,NA,NA,NA,NA,NA,NA,white,103985
2014,male,46,NA,NA,NA,NA,NA,NA,white,101163
2015,male,46,NA,NA,NA,NA,NA,NA,white,100497
2016,male,46,NA,NA,NA,NA,NA,NA,white,100199
2017,male,46,NA,NA,NA,NA,NA,NA,white,97930
2018,male,46,NA,NA,NA,NA,NA,NA,white,92551
2019,male,46,NA,NA,NA,NA,NA,NA,white,86266
2020,male,46,NA,NA,NA,NA,NA,NA,white,80530
2010,male,47,NA,NA,NA,NA,NA,NA,white,123804
2011,male,47,NA,NA,NA,NA,NA,NA,white,118458
2012,male,47,NA,NA,NA,NA,NA,NA,white,113600
2013,male,47,NA,NA,NA,NA,NA,NA,white,107821
2014,male,47,NA,NA,NA,NA,NA,NA,white,102810
2015,male,47,NA,NA,NA,NA,NA,NA,white,100018
2016,male,47,NA,NA,NA,NA,NA,NA,white,99299
2017,male,47,NA,NA,NA,NA,NA,NA,white,99087
2018,male,47,NA,NA,NA,NA,NA,NA,white,96644
2019,male,47,NA,NA,NA,NA,NA,NA,white,90339
2020,male,47,NA,NA,NA,NA,NA,NA,white,82445
2010,male,48,NA,NA,NA,NA,NA,NA,white,126988
2011,male,48,NA,NA,NA,NA,NA,NA,white,122392
2012,male,48,NA,NA,NA,NA,NA,NA,white,117939
2013,male,48,NA,NA,NA,NA,NA,NA,white,112767
2014,male,48,NA,NA,NA,NA,NA,NA,white,106986
2015,male,48,NA,NA,NA,NA,NA,NA,white,101903
2016,male,48,NA,NA,NA,NA,NA,NA,white,99117
2017,male,48,NA,NA,NA,NA,NA,NA,white,98548
2018,male,48,NA,NA,NA,NA,NA,NA,white,98393
2019,male,48,NA,NA,NA,NA,NA,NA,white,95694
2020,male,48,NA,NA,NA,NA,NA,NA,white,89860
2010,male,49,NA,NA,NA,NA,NA,NA,white,130336
2011,male,49,NA,NA,NA,NA,NA,NA,white,125898
2012,male,49,NA,NA,NA,NA,NA,NA,white,121667
2013,male,49,NA,NA,NA,NA,NA,NA,white,117024
2014,male,49,NA,NA,NA,NA,NA,NA,white,111983
2015,male,49,NA,NA,NA,NA,NA,NA,white,106149
2016,male,49,NA,NA,NA,NA,NA,NA,white,101162
2017,male,49,NA,NA,NA,NA,NA,NA,white,98632
2018,male,49,NA,NA,NA,NA,NA,NA,white,98368
2019,male,49,NA,NA,NA,NA,NA,NA,white,98358
2020,male,49,NA,NA,NA,NA,NA,NA,white,99676
2010,male,50,NA,NA,NA,NA,NA,NA,white,134445
2011,male,50,NA,NA,NA,NA,NA,NA,white,128996
2012,male,50,NA,NA,NA,NA,NA,NA,white,125027
2013,male,50,NA,NA,NA,NA,NA,NA,white,120815
2014,male,50,NA,NA,NA,NA,NA,NA,white,116378
2015,male,50,NA,NA,NA,NA,NA,NA,white,111369
2016,male,50,NA,NA,NA,NA,NA,NA,white,105568
2017,male,50,NA,NA,NA,NA,NA,NA,white,100909
2018,male,50,NA,NA,NA,NA,NA,NA,white,98701
2019,male,50,NA,NA,NA,NA,NA,NA,white,98794
2020,male,50,NA,NA,NA,NA,NA,NA,white,99608
2010,male,51,NA,NA,NA,NA,NA,NA,white,128035
2011,male,51,NA,NA,NA,NA,NA,NA,white,128879
2012,male,51,NA,NA,NA,NA,NA,NA,white,127381
2013,male,51,NA,NA,NA,NA,NA,NA,white,123950
2014,male,51,NA,NA,NA,NA,NA,NA,white,119905
2015,male,51,NA,NA,NA,NA,NA,NA,white,115586
2016,male,51,NA,NA,NA,NA,NA,NA,white,110552
2017,male,51,NA,NA,NA,NA,NA,NA,white,104975
2018,male,51,NA,NA,NA,NA,NA,NA,white,100342
2019,male,51,NA,NA,NA,NA,NA,NA,white,97963
2020,male,51,NA,NA,NA,NA,NA,NA,white,96339
2010,male,52,NA,NA,NA,NA,NA,NA,white,131189
2011,male,52,NA,NA,NA,NA,NA,NA,white,129837
2012,male,52,NA,NA,NA,NA,NA,NA,white,128354
2013,male,52,NA,NA,NA,NA,NA,NA,white,125951
2014,male,52,NA,NA,NA,NA,NA,NA,white,122439
2015,male,52,NA,NA,NA,NA,NA,NA,white,118371
2016,male,52,NA,NA,NA,NA,NA,NA,white,114123
2017,male,52,NA,NA,NA,NA,NA,NA,white,109446
2018,male,52,NA,NA,NA,NA,NA,NA,white,104072
2019,male,52,NA,NA,NA,NA,NA,NA,white,99158
2020,male,52,NA,NA,NA,NA,NA,NA,white,94097
2010,male,53,NA,NA,NA,NA,NA,NA,white,128636
2011,male,53,NA,NA,NA,NA,NA,NA,white,128697
2012,male,53,NA,NA,NA,NA,NA,NA,white,127956
2013,male,53,NA,NA,NA,NA,NA,NA,white,126711
2014,male,53,NA,NA,NA,NA,NA,NA,white,124758
2015,male,53,NA,NA,NA,NA,NA,NA,white,121225
2016,male,53,NA,NA,NA,NA,NA,NA,white,117098
2017,male,53,NA,NA,NA,NA,NA,NA,white,113018
2018,male,53,NA,NA,NA,NA,NA,NA,white,108308
2019,male,53,NA,NA,NA,NA,NA,NA,white,102397
2020,male,53,NA,NA,NA,NA,NA,NA,white,95737
2010,male,54,NA,NA,NA,NA,NA,NA,white,125974
2011,male,54,NA,NA,NA,NA,NA,NA,white,127426
2012,male,54,NA,NA,NA,NA,NA,NA,white,127613
2013,male,54,NA,NA,NA,NA,NA,NA,white,126805
2014,male,54,NA,NA,NA,NA,NA,NA,white,125539
2015,male,54,NA,NA,NA,NA,NA,NA,white,123510
2016,male,54,NA,NA,NA,NA,NA,NA,white,119829
2017,male,54,NA,NA,NA,NA,NA,NA,white,115682
2018,male,54,NA,NA,NA,NA,NA,NA,white,111123
2019,male,54,NA,NA,NA,NA,NA,NA,white,105148
2020,male,54,NA,NA,NA,NA,NA,NA,white,97672
2010,male,55,NA,NA,NA,NA,NA,NA,white,126958
2011,male,55,NA,NA,NA,NA,NA,NA,white,126452
2012,male,55,NA,NA,NA,NA,NA,NA,white,126439
2013,male,55,NA,NA,NA,NA,NA,NA,white,126120
2014,male,55,NA,NA,NA,NA,NA,NA,white,125486
2015,male,55,NA,NA,NA,NA,NA,NA,white,124201
2016,male,55,NA,NA,NA,NA,NA,NA,white,122180
2017,male,55,NA,NA,NA,NA,NA,NA,white,118680
2018,male,55,NA,NA,NA,NA,NA,NA,white,114586
2019,male,55,NA,NA,NA,NA,NA,NA,white,109667
2020,male,55,NA,NA,NA,NA,NA,NA,white,105306
2010,male,56,NA,NA,NA,NA,NA,NA,white,121175
2011,male,56,NA,NA,NA,NA,NA,NA,white,123437
2012,male,56,NA,NA,NA,NA,NA,NA,white,124499
2013,male,56,NA,NA,NA,NA,NA,NA,white,124825
2014,male,56,NA,NA,NA,NA,NA,NA,white,124740
2015,male,56,NA,NA,NA,NA,NA,NA,white,124047
2016,male,56,NA,NA,NA,NA,NA,NA,white,122777
2017,male,56,NA,NA,NA,NA,NA,NA,white,121014
2018,male,56,NA,NA,NA,NA,NA,NA,white,117611
2019,male,56,NA,NA,NA,NA,NA,NA,white,113284
2020,male,56,NA,NA,NA,NA,NA,NA,white,109331
2010,male,57,NA,NA,NA,NA,NA,NA,white,118978
2011,male,57,NA,NA,NA,NA,NA,NA,white,121117
2012,male,57,NA,NA,NA,NA,NA,NA,white,122147
2013,male,57,NA,NA,NA,NA,NA,NA,white,122508
2014,male,57,NA,NA,NA,NA,NA,NA,white,122803
2015,male,57,NA,NA,NA,NA,NA,NA,white,122741
2016,male,57,NA,NA,NA,NA,NA,NA,white,122156
2017,male,57,NA,NA,NA,NA,NA,NA,white,121138
2018,male,57,NA,NA,NA,NA,NA,NA,white,119376
2019,male,57,NA,NA,NA,NA,NA,NA,white,115407
2020,male,57,NA,NA,NA,NA,NA,NA,white,110204
2010,male,58,NA,NA,NA,NA,NA,NA,white,114045
2011,male,58,NA,NA,NA,NA,NA,NA,white,117525
2012,male,58,NA,NA,NA,NA,NA,NA,white,119338
2013,male,58,NA,NA,NA,NA,NA,NA,white,120290
2014,male,58,NA,NA,NA,NA,NA,NA,white,120637
2015,male,58,NA,NA,NA,NA,NA,NA,white,120773
2016,male,58,NA,NA,NA,NA,NA,NA,white,120764
2017,male,58,NA,NA,NA,NA,NA,NA,white,120405
2018,male,58,NA,NA,NA,NA,NA,NA,white,119376
2019,male,58,NA,NA,NA,NA,NA,NA,white,116980
2020,male,58,NA,NA,NA,NA,NA,NA,white,113878
2010,male,59,NA,NA,NA,NA,NA,NA,white,110088
2011,male,59,NA,NA,NA,NA,NA,NA,white,113281
2012,male,59,NA,NA,NA,NA,NA,NA,white,115474
2013,male,59,NA,NA,NA,NA,NA,NA,white,116997
2014,male,59,NA,NA,NA,NA,NA,NA,white,118175
2015,male,59,NA,NA,NA,NA,NA,NA,white,118582
2016,male,59,NA,NA,NA,NA,NA,NA,white,118659
2017,male,59,NA,NA,NA,NA,NA,NA,white,118844
2018,male,59,NA,NA,NA,NA,NA,NA,white,118303
2019,male,59,NA,NA,NA,NA,NA,NA,white,116348
2020,male,59,NA,NA,NA,NA,NA,NA,white,114157
2010,male,60,NA,NA,NA,NA,NA,NA,white,111326
2011,male,60,NA,NA,NA,NA,NA,NA,white,111040
2012,male,60,NA,NA,NA,NA,NA,NA,white,111906
2013,male,60,NA,NA,NA,NA,NA,NA,white,113237
2014,male,60,NA,NA,NA,NA,NA,NA,white,114838
2015,male,60,NA,NA,NA,NA,NA,NA,white,115990
2016,male,60,NA,NA,NA,NA,NA,NA,white,116366
2017,male,60,NA,NA,NA,NA,NA,NA,white,116677
2018,male,60,NA,NA,NA,NA,NA,NA,white,116691
2019,male,60,NA,NA,NA,NA,NA,NA,white,115296
2020,male,60,NA,NA,NA,NA,NA,NA,white,113102
2010,male,61,NA,NA,NA,NA,NA,NA,white,106593
2011,male,61,NA,NA,NA,NA,NA,NA,white,107905
2012,male,61,NA,NA,NA,NA,NA,NA,white,108777
2013,male,61,NA,NA,NA,NA,NA,NA,white,109457
2014,male,61,NA,NA,NA,NA,NA,NA,white,110687
2015,male,61,NA,NA,NA,NA,NA,NA,white,112239
2016,male,61,NA,NA,NA,NA,NA,NA,white,113468
2017,male,61,NA,NA,NA,NA,NA,NA,white,114149
2018,male,61,NA,NA,NA,NA,NA,NA,white,114515
2019,male,61,NA,NA,NA,NA,NA,NA,white,113770
2020,male,61,NA,NA,NA,NA,NA,NA,white,111525
2010,male,62,NA,NA,NA,NA,NA,NA,white,111108
2011,male,62,NA,NA,NA,NA,NA,NA,white,107820
2012,male,62,NA,NA,NA,NA,NA,NA,white,106490
2013,male,62,NA,NA,NA,NA,NA,NA,white,105856
2014,male,62,NA,NA,NA,NA,NA,NA,white,106264
2015,male,62,NA,NA,NA,NA,NA,NA,white,107619
2016,male,62,NA,NA,NA,NA,NA,NA,white,109325
2017,male,62,NA,NA,NA,NA,NA,NA,white,110961
2018,male,62,NA,NA,NA,NA,NA,NA,white,111853
2019,male,62,NA,NA,NA,NA,NA,NA,white,111419
2020,male,62,NA,NA,NA,NA,NA,NA,white,111596
2010,male,63,NA,NA,NA,NA,NA,NA,white,111228
2011,male,63,NA,NA,NA,NA,NA,NA,white,107663
2012,male,63,NA,NA,NA,NA,NA,NA,white,105483
2013,male,63,NA,NA,NA,NA,NA,NA,white,103809
2014,male,63,NA,NA,NA,NA,NA,NA,white,103177
2015,male,63,NA,NA,NA,NA,NA,NA,white,103613
2016,male,63,NA,NA,NA,NA,NA,NA,white,104970
2017,male,63,NA,NA,NA,NA,NA,NA,white,106995
2018,male,63,NA,NA,NA,NA,NA,NA,white,108727
2019,male,63,NA,NA,NA,NA,NA,NA,white,108937
2020,male,63,NA,NA,NA,NA,NA,NA,white,107902
2010,male,64,NA,NA,NA,NA,NA,NA,white,83216
2011,male,64,NA,NA,NA,NA,NA,NA,white,97779
2012,male,64,NA,NA,NA,NA,NA,NA,white,103103
2013,male,64,NA,NA,NA,NA,NA,NA,white,102798
2014,male,64,NA,NA,NA,NA,NA,NA,white,100757
2015,male,64,NA,NA,NA,NA,NA,NA,white,100117
2016,male,64,NA,NA,NA,NA,NA,NA,white,100576
2017,male,64,NA,NA,NA,NA,NA,NA,white,102214
2018,male,64,NA,NA,NA,NA,NA,NA,white,104078
2019,male,64,NA,NA,NA,NA,NA,NA,white,104486
2020,male,64,NA,NA,NA,NA,NA,NA,white,103699
2010,male,65,NA,NA,NA,NA,NA,NA,white,83680
2011,male,65,NA,NA,NA,NA,NA,NA,white,91609
2012,male,65,NA,NA,NA,NA,NA,NA,white,96858
2013,male,65,NA,NA,NA,NA,NA,NA,white,99877
2014,male,65,NA,NA,NA,NA,NA,NA,white,99620
2015,male,65,NA,NA,NA,NA,NA,NA,white,97797
2016,male,65,NA,NA,NA,NA,NA,NA,white,97274
2017,male,65,NA,NA,NA,NA,NA,NA,white,98173
2018,male,65,NA,NA,NA,NA,NA,NA,white,99980
2019,male,65,NA,NA,NA,NA,NA,NA,white,101278
2020,male,65,NA,NA,NA,NA,NA,NA,white,101871
2010,male,66,NA,NA,NA,NA,NA,NA,white,80038
2011,male,66,NA,NA,NA,NA,NA,NA,white,83327
2012,male,66,NA,NA,NA,NA,NA,NA,white,87291
2013,male,66,NA,NA,NA,NA,NA,NA,white,92662
2014,male,66,NA,NA,NA,NA,NA,NA,white,96632
2015,male,66,NA,NA,NA,NA,NA,NA,white,96433
2016,male,66,NA,NA,NA,NA,NA,NA,white,94780
2017,male,66,NA,NA,NA,NA,NA,NA,white,94764
2018,male,66,NA,NA,NA,NA,NA,NA,white,95858
2019,male,66,NA,NA,NA,NA,NA,NA,white,97228
2020,male,66,NA,NA,NA,NA,NA,NA,white,98524
2010,male,67,NA,NA,NA,NA,NA,NA,white,80017
2011,male,67,NA,NA,NA,NA,NA,NA,white,79562
2012,male,67,NA,NA,NA,NA,NA,NA,white,81112
2013,male,67,NA,NA,NA,NA,NA,NA,white,83932
2014,male,67,NA,NA,NA,NA,NA,NA,white,89013
2015,male,67,NA,NA,NA,NA,NA,NA,white,93152
2016,male,67,NA,NA,NA,NA,NA,NA,white,93154
2017,male,67,NA,NA,NA,NA,NA,NA,white,92081
2018,male,67,NA,NA,NA,NA,NA,NA,white,92422
2019,male,67,NA,NA,NA,NA,NA,NA,white,93083
2020,male,67,NA,NA,NA,NA,NA,NA,white,94974
2010,male,68,NA,NA,NA,NA,NA,NA,white,68049
2011,male,68,NA,NA,NA,NA,NA,NA,white,73886
2012,male,68,NA,NA,NA,NA,NA,NA,white,76934
2013,male,68,NA,NA,NA,NA,NA,NA,white,78489
2014,male,68,NA,NA,NA,NA,NA,NA,white,80796
2015,male,68,NA,NA,NA,NA,NA,NA,white,85797
2016,male,68,NA,NA,NA,NA,NA,NA,white,90108
2017,male,68,NA,NA,NA,NA,NA,NA,white,90754
2018,male,68,NA,NA,NA,NA,NA,NA,white,90237
2019,male,68,NA,NA,NA,NA,NA,NA,white,90669
2020,male,68,NA,NA,NA,NA,NA,NA,white,91839
2010,male,69,NA,NA,NA,NA,NA,NA,white,62331
2011,male,69,NA,NA,NA,NA,NA,NA,white,67929
2012,male,69,NA,NA,NA,NA,NA,NA,white,71478
2013,male,69,NA,NA,NA,NA,NA,NA,white,73552
2014,male,69,NA,NA,NA,NA,NA,NA,white,74876
2015,male,69,NA,NA,NA,NA,NA,NA,white,77272
2016,male,69,NA,NA,NA,NA,NA,NA,white,82337
2017,male,69,NA,NA,NA,NA,NA,NA,white,87037
2018,male,69,NA,NA,NA,NA,NA,NA,white,87860
2019,male,69,NA,NA,NA,NA,NA,NA,white,86556
2020,male,69,NA,NA,NA,NA,NA,NA,white,85409
2010,male,70,NA,NA,NA,NA,NA,NA,white,59684
2011,male,70,NA,NA,NA,NA,NA,NA,white,62608
2012,male,70,NA,NA,NA,NA,NA,NA,white,65302
2013,male,70,NA,NA,NA,NA,NA,NA,white,68113
2014,male,70,NA,NA,NA,NA,NA,NA,white,70346
2015,male,70,NA,NA,NA,NA,NA,NA,white,71777
2016,male,70,NA,NA,NA,NA,NA,NA,white,74256
2017,male,70,NA,NA,NA,NA,NA,NA,white,79770
2018,male,70,NA,NA,NA,NA,NA,NA,white,84769
2019,male,70,NA,NA,NA,NA,NA,NA,white,85319
2020,male,70,NA,NA,NA,NA,NA,NA,white,83638
2010,male,71,NA,NA,NA,NA,NA,NA,white,56781
2011,male,71,NA,NA,NA,NA,NA,NA,white,58308
2012,male,71,NA,NA,NA,NA,NA,NA,white,59986
2013,male,71,NA,NA,NA,NA,NA,NA,white,62135
2014,male,71,NA,NA,NA,NA,NA,NA,white,64943
2015,male,71,NA,NA,NA,NA,NA,NA,white,67218
2016,male,71,NA,NA,NA,NA,NA,NA,white,68790
2017,male,71,NA,NA,NA,NA,NA,NA,white,71588
2018,male,71,NA,NA,NA,NA,NA,NA,white,77135
2019,male,71,NA,NA,NA,NA,NA,NA,white,81523
2020,male,71,NA,NA,NA,NA,NA,NA,white,81776
2010,male,72,NA,NA,NA,NA,NA,NA,white,54128
2011,male,72,NA,NA,NA,NA,NA,NA,white,54713
2012,male,72,NA,NA,NA,NA,NA,NA,white,55742
2013,male,72,NA,NA,NA,NA,NA,NA,white,56678
2014,male,72,NA,NA,NA,NA,NA,NA,white,58470
2015,male,72,NA,NA,NA,NA,NA,NA,white,61354
2016,male,72,NA,NA,NA,NA,NA,NA,white,63888
2017,male,72,NA,NA,NA,NA,NA,NA,white,66136
2018,male,72,NA,NA,NA,NA,NA,NA,white,69633
2019,male,72,NA,NA,NA,NA,NA,NA,white,75309
2020,male,72,NA,NA,NA,NA,NA,NA,white,83674
2010,male,73,NA,NA,NA,NA,NA,NA,white,49756
2011,male,73,NA,NA,NA,NA,NA,NA,white,51404
2012,male,73,NA,NA,NA,NA,NA,NA,white,52259
2013,male,73,NA,NA,NA,NA,NA,NA,white,52724
2014,male,73,NA,NA,NA,NA,NA,NA,white,53543
2015,male,73,NA,NA,NA,NA,NA,NA,white,55684
2016,male,73,NA,NA,NA,NA,NA,NA,white,59082
2017,male,73,NA,NA,NA,NA,NA,NA,white,62980
2018,male,73,NA,NA,NA,NA,NA,NA,white,67311
2019,male,73,NA,NA,NA,NA,NA,NA,white,73976
2020,male,73,NA,NA,NA,NA,NA,NA,white,85878
2010,male,74,NA,NA,NA,NA,NA,NA,white,47807
2011,male,74,NA,NA,NA,NA,NA,NA,white,48386
2012,male,74,NA,NA,NA,NA,NA,NA,white,48845
2013,male,74,NA,NA,NA,NA,NA,NA,white,48910
2014,male,74,NA,NA,NA,NA,NA,NA,white,49077
2015,male,74,NA,NA,NA,NA,NA,NA,white,49879
2016,male,74,NA,NA,NA,NA,NA,NA,white,51938
2017,male,74,NA,NA,NA,NA,NA,NA,white,55587
2018,male,74,NA,NA,NA,NA,NA,NA,white,59242
2019,male,74,NA,NA,NA,NA,NA,NA,white,62009
2020,male,74,NA,NA,NA,NA,NA,NA,white,59780
2010,male,75,NA,NA,NA,NA,NA,NA,white,46439
2011,male,75,NA,NA,NA,NA,NA,NA,white,46097
2012,male,75,NA,NA,NA,NA,NA,NA,white,45845
2013,male,75,NA,NA,NA,NA,NA,NA,white,45735
2014,male,75,NA,NA,NA,NA,NA,NA,white,45771
2015,male,75,NA,NA,NA,NA,NA,NA,white,46058
2016,male,75,NA,NA,NA,NA,NA,NA,white,46930
2017,male,75,NA,NA,NA,NA,NA,NA,white,49372
2018,male,75,NA,NA,NA,NA,NA,NA,white,53177
2019,male,75,NA,NA,NA,NA,NA,NA,white,56512
2020,male,75,NA,NA,NA,NA,NA,NA,white,59327
2010,male,76,NA,NA,NA,NA,NA,NA,white,42515
2011,male,76,NA,NA,NA,NA,NA,NA,white,43172
2012,male,76,NA,NA,NA,NA,NA,NA,white,43322
2013,male,76,NA,NA,NA,NA,NA,NA,white,42964
2014,male,76,NA,NA,NA,NA,NA,NA,white,42704
2015,male,76,NA,NA,NA,NA,NA,NA,white,42907
2016,male,76,NA,NA,NA,NA,NA,NA,white,43353
2017,male,76,NA,NA,NA,NA,NA,NA,white,44822
2018,male,76,NA,NA,NA,NA,NA,NA,white,47855
2019,male,76,NA,NA,NA,NA,NA,NA,white,52221
2020,male,76,NA,NA,NA,NA,NA,NA,white,57352
2010,male,77,NA,NA,NA,NA,NA,NA,white,41946
2011,male,77,NA,NA,NA,NA,NA,NA,white,41248
2012,male,77,NA,NA,NA,NA,NA,NA,white,40750
2013,male,77,NA,NA,NA,NA,NA,NA,white,40197
2014,male,77,NA,NA,NA,NA,NA,NA,white,39763
2015,male,77,NA,NA,NA,NA,NA,NA,white,39766
2016,male,77,NA,NA,NA,NA,NA,NA,white,40269
2017,male,77,NA,NA,NA,NA,NA,NA,white,41629
2018,male,77,NA,NA,NA,NA,NA,NA,white,44288
2019,male,77,NA,NA,NA,NA,NA,NA,white,48848
2020,male,77,NA,NA,NA,NA,NA,NA,white,55774
2010,male,78,NA,NA,NA,NA,NA,NA,white,41207
2011,male,78,NA,NA,NA,NA,NA,NA,white,39601
2012,male,78,NA,NA,NA,NA,NA,NA,white,38514
2013,male,78,NA,NA,NA,NA,NA,NA,white,37635
2014,male,78,NA,NA,NA,NA,NA,NA,white,37145
2015,male,78,NA,NA,NA,NA,NA,NA,white,36876
2016,male,78,NA,NA,NA,NA,NA,NA,white,37071
2017,male,78,NA,NA,NA,NA,NA,NA,white,38165
2018,male,78,NA,NA,NA,NA,NA,NA,white,40187
2019,male,78,NA,NA,NA,NA,NA,NA,white,43447
2020,male,78,NA,NA,NA,NA,NA,NA,white,46740
2010,male,79,NA,NA,NA,NA,NA,NA,white,40295
2011,male,79,NA,NA,NA,NA,NA,NA,white,38251
2012,male,79,NA,NA,NA,NA,NA,NA,white,37041
2013,male,79,NA,NA,NA,NA,NA,NA,white,35665
2014,male,79,NA,NA,NA,NA,NA,NA,white,34725
2015,male,79,NA,NA,NA,NA,NA,NA,white,34384
2016,male,79,NA,NA,NA,NA,NA,NA,white,34260
2017,male,79,NA,NA,NA,NA,NA,NA,white,34885
2018,male,79,NA,NA,NA,NA,NA,NA,white,36389
2019,male,79,NA,NA,NA,NA,NA,NA,white,38767
2020,male,79,NA,NA,NA,NA,NA,NA,white,41278
2010,male,80,NA,NA,NA,NA,NA,NA,white,38310
2011,male,80,NA,NA,NA,NA,NA,NA,white,37097
2012,male,80,NA,NA,NA,NA,NA,NA,white,35821
2013,male,80,NA,NA,NA,NA,NA,NA,white,34377
2014,male,80,NA,NA,NA,NA,NA,NA,white,33012
2015,male,80,NA,NA,NA,NA,NA,NA,white,32213
2016,male,80,NA,NA,NA,NA,NA,NA,white,31957
2017,male,80,NA,NA,NA,NA,NA,NA,white,32192
2018,male,80,NA,NA,NA,NA,NA,NA,white,33175
2019,male,80,NA,NA,NA,NA,NA,NA,white,35085
2020,male,80,NA,NA,NA,NA,NA,NA,white,37412
2010,male,81,NA,NA,NA,NA,NA,NA,white,34589
2011,male,81,NA,NA,NA,NA,NA,NA,white,34853
2012,male,81,NA,NA,NA,NA,NA,NA,white,34323
2013,male,81,NA,NA,NA,NA,NA,NA,white,33058
2014,male,81,NA,NA,NA,NA,NA,NA,white,31647
2015,male,81,NA,NA,NA,NA,NA,NA,white,30376
2016,male,81,NA,NA,NA,NA,NA,NA,white,29722
2017,male,81,NA,NA,NA,NA,NA,NA,white,29932
2018,male,81,NA,NA,NA,NA,NA,NA,white,30747
2019,male,81,NA,NA,NA,NA,NA,NA,white,32431
2020,male,81,NA,NA,NA,NA,NA,NA,white,35482
2010,male,82,NA,NA,NA,NA,NA,NA,white,32694
2011,male,82,NA,NA,NA,NA,NA,NA,white,32427
2012,male,82,NA,NA,NA,NA,NA,NA,white,32042
2013,male,82,NA,NA,NA,NA,NA,NA,white,31224
2014,male,82,NA,NA,NA,NA,NA,NA,white,30013
2015,male,82,NA,NA,NA,NA,NA,NA,white,28771
2016,male,82,NA,NA,NA,NA,NA,NA,white,27711
2017,male,82,NA,NA,NA,NA,NA,NA,white,27543
2018,male,82,NA,NA,NA,NA,NA,NA,white,28360
2019,male,82,NA,NA,NA,NA,NA,NA,white,29812
2020,male,82,NA,NA,NA,NA,NA,NA,white,32177
2010,male,83,NA,NA,NA,NA,NA,NA,white,29919
2011,male,83,NA,NA,NA,NA,NA,NA,white,29758
2012,male,83,NA,NA,NA,NA,NA,NA,white,29494
2013,male,83,NA,NA,NA,NA,NA,NA,white,29010
2014,male,83,NA,NA,NA,NA,NA,NA,white,28257
2015,male,83,NA,NA,NA,NA,NA,NA,white,27191
2016,male,83,NA,NA,NA,NA,NA,NA,white,26134
2017,male,83,NA,NA,NA,NA,NA,NA,white,25453
2018,male,83,NA,NA,NA,NA,NA,NA,white,25704
2019,male,83,NA,NA,NA,NA,NA,NA,white,26946
2020,male,83,NA,NA,NA,NA,NA,NA,white,28256
2010,male,84,NA,NA,NA,NA,NA,NA,white,27741
2011,male,84,NA,NA,NA,NA,NA,NA,white,27370
2012,male,84,NA,NA,NA,NA,NA,NA,white,26971
2013,male,84,NA,NA,NA,NA,NA,NA,white,26441
2014,male,84,NA,NA,NA,NA,NA,NA,white,25964
2015,male,84,NA,NA,NA,NA,NA,NA,white,25311
2016,male,84,NA,NA,NA,NA,NA,NA,white,24418
2017,male,84,NA,NA,NA,NA,NA,NA,white,23754
2018,male,84,NA,NA,NA,NA,NA,NA,white,23498
2019,male,84,NA,NA,NA,NA,NA,NA,white,24117
2020,male,84,NA,NA,NA,NA,NA,NA,white,25758
2010,male,85,NA,NA,NA,NA,NA,NA,white,26043
2011,male,85,NA,NA,NA,NA,NA,NA,white,25267
2012,male,85,NA,NA,NA,NA,NA,NA,white,24647
2013,male,85,NA,NA,NA,NA,NA,NA,white,24052
2014,male,85,NA,NA,NA,NA,NA,NA,white,23499
2015,male,85,NA,NA,NA,NA,NA,NA,white,23091
2016,male,85,NA,NA,NA,NA,NA,NA,white,22570
2017,male,85,NA,NA,NA,NA,NA,NA,white,22033
2018,male,85,NA,NA,NA,NA,NA,NA,white,21812
2019,male,85,NA,NA,NA,NA,NA,NA,white,22035
2020,male,85,NA,NA,NA,NA,NA,NA,white,23712
2010,male,86,NA,NA,NA,NA,NA,NA,white,23331
2011,male,86,NA,NA,NA,NA,NA,NA,white,22824
2012,male,86,NA,NA,NA,NA,NA,NA,white,22204
2013,male,86,NA,NA,NA,NA,NA,NA,white,21497
2014,male,86,NA,NA,NA,NA,NA,NA,white,20956
2015,male,86,NA,NA,NA,NA,NA,NA,white,20533
2016,male,86,NA,NA,NA,NA,NA,NA,white,20196
2017,male,86,NA,NA,NA,NA,NA,NA,white,19915
2018,male,86,NA,NA,NA,NA,NA,NA,white,19693
2019,male,86,NA,NA,NA,NA,NA,NA,white,19676
2020,male,86,NA,NA,NA,NA,NA,NA,white,20401
2010,male,87,NA,NA,NA,NA,NA,NA,white,20375
2011,male,87,NA,NA,NA,NA,NA,NA,white,20179
2012,male,87,NA,NA,NA,NA,NA,NA,white,19854
2013,male,87,NA,NA,NA,NA,NA,NA,white,19119
2014,male,87,NA,NA,NA,NA,NA,NA,white,18391
2015,male,87,NA,NA,NA,NA,NA,NA,white,17928
2016,male,87,NA,NA,NA,NA,NA,NA,white,17658
2017,male,87,NA,NA,NA,NA,NA,NA,white,17615
2018,male,87,NA,NA,NA,NA,NA,NA,white,17630
2019,male,87,NA,NA,NA,NA,NA,NA,white,17692
2020,male,87,NA,NA,NA,NA,NA,NA,white,18706
2010,male,88,NA,NA,NA,NA,NA,NA,white,18339
2011,male,88,NA,NA,NA,NA,NA,NA,white,17871
2012,male,88,NA,NA,NA,NA,NA,NA,white,17489
2013,male,88,NA,NA,NA,NA,NA,NA,white,16897
2014,male,88,NA,NA,NA,NA,NA,NA,white,16225
2015,male,88,NA,NA,NA,NA,NA,NA,white,15583
2016,male,88,NA,NA,NA,NA,NA,NA,white,15214
2017,male,88,NA,NA,NA,NA,NA,NA,white,15098
2018,male,88,NA,NA,NA,NA,NA,NA,white,15282
2019,male,88,NA,NA,NA,NA,NA,NA,white,15441
2020,male,88,NA,NA,NA,NA,NA,NA,white,16684
2010,male,89,NA,NA,NA,NA,NA,NA,white,15499
2011,male,89,NA,NA,NA,NA,NA,NA,white,15303
2012,male,89,NA,NA,NA,NA,NA,NA,white,14911
2013,male,89,NA,NA,NA,NA,NA,NA,white,14461
2014,male,89,NA,NA,NA,NA,NA,NA,white,13935
2015,male,89,NA,NA,NA,NA,NA,NA,white,13373
2016,male,89,NA,NA,NA,NA,NA,NA,white,12858
2017,male,89,NA,NA,NA,NA,NA,NA,white,12778
2018,male,89,NA,NA,NA,NA,NA,NA,white,13004
2019,male,89,NA,NA,NA,NA,NA,NA,white,13601
2020,male,89,NA,NA,NA,NA,NA,NA,white,14867
2010,male,90,NA,NA,NA,NA,NA,NA,white,11951
2011,male,90,NA,NA,NA,NA,NA,NA,white,12343
2012,male,90,NA,NA,NA,NA,NA,NA,white,12344
2013,male,90,NA,NA,NA,NA,NA,NA,white,12289
2014,male,90,NA,NA,NA,NA,NA,NA,white,12322
2015,male,90,NA,NA,NA,NA,NA,NA,white,12302
2016,male,90,NA,NA,NA,NA,NA,NA,white,12291
2017,male,90,NA,NA,NA,NA,NA,NA,white,12281
2018,male,90,NA,NA,NA,NA,NA,NA,white,12303
2019,male,90,NA,NA,NA,NA,NA,NA,white,12276
2020,male,90,NA,NA,NA,NA,NA,NA,white,12730
2010,male,91,NA,NA,NA,NA,NA,NA,white,9060
2011,male,91,NA,NA,NA,NA,NA,NA,white,9472
2012,male,91,NA,NA,NA,NA,NA,NA,white,9534
2013,male,91,NA,NA,NA,NA,NA,NA,white,9569
2014,male,91,NA,NA,NA,NA,NA,NA,white,9584
2015,male,91,NA,NA,NA,NA,NA,NA,white,9672
2016,male,91,NA,NA,NA,NA,NA,NA,white,9673
2017,male,91,NA,NA,NA,NA,NA,NA,white,9741
2018,male,91,NA,NA,NA,NA,NA,NA,white,9784
2019,male,91,NA,NA,NA,NA,NA,NA,white,9818
2020,male,91,NA,NA,NA,NA,NA,NA,white,9990
2010,male,92,NA,NA,NA,NA,NA,NA,white,7150
2011,male,92,NA,NA,NA,NA,NA,NA,white,7221
2012,male,92,NA,NA,NA,NA,NA,NA,white,7288
2013,male,92,NA,NA,NA,NA,NA,NA,white,7360
2014,male,92,NA,NA,NA,NA,NA,NA,white,7438
2015,male,92,NA,NA,NA,NA,NA,NA,white,7489
2016,male,92,NA,NA,NA,NA,NA,NA,white,7563
2017,male,92,NA,NA,NA,NA,NA,NA,white,7629
2018,male,92,NA,NA,NA,NA,NA,NA,white,7725
2019,male,92,NA,NA,NA,NA,NA,NA,white,7794
2020,male,92,NA,NA,NA,NA,NA,NA,white,8311
2010,male,93,NA,NA,NA,NA,NA,NA,white,5078
2011,male,93,NA,NA,NA,NA,NA,NA,white,5398
2012,male,93,NA,NA,NA,NA,NA,NA,white,5504
2013,male,93,NA,NA,NA,NA,NA,NA,white,5591
2014,male,93,NA,NA,NA,NA,NA,NA,white,5697
2015,male,93,NA,NA,NA,NA,NA,NA,white,5815
2016,male,93,NA,NA,NA,NA,NA,NA,white,5898
2017,male,93,NA,NA,NA,NA,NA,NA,white,6005
2018,male,93,NA,NA,NA,NA,NA,NA,white,6107
2019,male,93,NA,NA,NA,NA,NA,NA,white,6220
2020,male,93,NA,NA,NA,NA,NA,NA,white,6508
2010,male,94,NA,NA,NA,NA,NA,NA,white,3939
2011,male,94,NA,NA,NA,NA,NA,NA,white,3998
2012,male,94,NA,NA,NA,NA,NA,NA,white,4101
2013,male,94,NA,NA,NA,NA,NA,NA,white,4210
2014,male,94,NA,NA,NA,NA,NA,NA,white,4299
2015,male,94,NA,NA,NA,NA,NA,NA,white,4422
2016,male,94,NA,NA,NA,NA,NA,NA,white,4518
2017,male,94,NA,NA,NA,NA,NA,NA,white,4606
2018,male,94,NA,NA,NA,NA,NA,NA,white,4716
2019,male,94,NA,NA,NA,NA,NA,NA,white,4817
2020,male,94,NA,NA,NA,NA,NA,NA,white,5214
2010,male,95,NA,NA,NA,NA,NA,NA,white,2783
2011,male,95,NA,NA,NA,NA,NA,NA,white,3010
2012,male,95,NA,NA,NA,NA,NA,NA,white,3097
2013,male,95,NA,NA,NA,NA,NA,NA,white,3201
2014,male,95,NA,NA,NA,NA,NA,NA,white,3296
2015,male,95,NA,NA,NA,NA,NA,NA,white,3404
2016,male,95,NA,NA,NA,NA,NA,NA,white,3494
2017,male,95,NA,NA,NA,NA,NA,NA,white,3604
2018,male,95,NA,NA,NA,NA,NA,NA,white,3691
2019,male,95,NA,NA,NA,NA,NA,NA,white,3787
2020,male,95,NA,NA,NA,NA,NA,NA,white,4014
2010,male,96,NA,NA,NA,NA,NA,NA,white,1940
2011,male,96,NA,NA,NA,NA,NA,NA,white,2123
2012,male,96,NA,NA,NA,NA,NA,NA,white,2202
2013,male,96,NA,NA,NA,NA,NA,NA,white,2262
2014,male,96,NA,NA,NA,NA,NA,NA,white,2338
2015,male,96,NA,NA,NA,NA,NA,NA,white,2431
2016,male,96,NA,NA,NA,NA,NA,NA,white,2489
2017,male,96,NA,NA,NA,NA,NA,NA,white,2570
2018,male,96,NA,NA,NA,NA,NA,NA,white,2647
2019,male,96,NA,NA,NA,NA,NA,NA,white,2717
2020,male,96,NA,NA,NA,NA,NA,NA,white,2906
2010,male,97,NA,NA,NA,NA,NA,NA,white,1294
2011,male,97,NA,NA,NA,NA,NA,NA,white,1413
2012,male,97,NA,NA,NA,NA,NA,NA,white,1471
2013,male,97,NA,NA,NA,NA,NA,NA,white,1550
2014,male,97,NA,NA,NA,NA,NA,NA,white,1587
2015,male,97,NA,NA,NA,NA,NA,NA,white,1665
2016,male,97,NA,NA,NA,NA,NA,NA,white,1723
2017,male,97,NA,NA,NA,NA,NA,NA,white,1774
2018,male,97,NA,NA,NA,NA,NA,NA,white,1840
2019,male,97,NA,NA,NA,NA,NA,NA,white,1905
2020,male,97,NA,NA,NA,NA,NA,NA,white,2016
2010,male,98,NA,NA,NA,NA,NA,NA,white,784
2011,male,98,NA,NA,NA,NA,NA,NA,white,876
2012,male,98,NA,NA,NA,NA,NA,NA,white,924
2013,male,98,NA,NA,NA,NA,NA,NA,white,972
2014,male,98,NA,NA,NA,NA,NA,NA,white,1019
2015,male,98,NA,NA,NA,NA,NA,NA,white,1072
2016,male,98,NA,NA,NA,NA,NA,NA,white,1107
2017,male,98,NA,NA,NA,NA,NA,NA,white,1152
2018,male,98,NA,NA,NA,NA,NA,NA,white,1195
2019,male,98,NA,NA,NA,NA,NA,NA,white,1237
2020,male,98,NA,NA,NA,NA,NA,NA,white,1380
2010,male,99,NA,NA,NA,NA,NA,NA,white,522
2011,male,99,NA,NA,NA,NA,NA,NA,white,595
2012,male,99,NA,NA,NA,NA,NA,NA,white,623
2013,male,99,NA,NA,NA,NA,NA,NA,white,664
2014,male,99,NA,NA,NA,NA,NA,NA,white,703
2015,male,99,NA,NA,NA,NA,NA,NA,white,756
2016,male,99,NA,NA,NA,NA,NA,NA,white,770
2017,male,99,NA,NA,NA,NA,NA,NA,white,809
2018,male,99,NA,NA,NA,NA,NA,NA,white,846
2019,male,99,NA,NA,NA,NA,NA,NA,white,880
2020,male,99,NA,NA,NA,NA,NA,NA,white,939
2010,male,100,NA,NA,NA,NA,NA,NA,white,697
2011,male,100,NA,NA,NA,NA,NA,NA,white,887
2012,male,100,NA,NA,NA,NA,NA,NA,white,926
2013,male,100,NA,NA,NA,NA,NA,NA,white,974
2014,male,100,NA,NA,NA,NA,NA,NA,white,1016
2015,male,100,NA,NA,NA,NA,NA,NA,white,1067
2016,male,100,NA,NA,NA,NA,NA,NA,white,1106
2017,male,100,NA,NA,NA,NA,NA,NA,white,1155
2018,male,100,NA,NA,NA,NA,NA,NA,white,1197
2019,male,100,NA,NA,NA,NA,NA,NA,white,1245
2020,male,100,NA,NA,NA,NA,NA,NA,white,1265
2010,male,0,NA,NA,NA,NA,NA,NA,black,12895
2011,male,0,NA,NA,NA,NA,NA,NA,black,13678
2012,male,0,NA,NA,NA,NA,NA,NA,black,14237
2013,male,0,NA,NA,NA,NA,NA,NA,black,14185
2014,male,0,NA,NA,NA,NA,NA,NA,black,13874
2015,male,0,NA,NA,NA,NA,NA,NA,black,13805
2016,male,0,NA,NA,NA,NA,NA,NA,black,13441
2017,male,0,NA,NA,NA,NA,NA,NA,black,13079
2018,male,0,NA,NA,NA,NA,NA,NA,black,12659
2019,male,0,NA,NA,NA,NA,NA,NA,black,12009
2020,male,0,NA,NA,NA,NA,NA,NA,black,11199
2010,male,1,NA,NA,NA,NA,NA,NA,black,13175
2011,male,1,NA,NA,NA,NA,NA,NA,black,13591
2012,male,1,NA,NA,NA,NA,NA,NA,black,13776
2013,male,1,NA,NA,NA,NA,NA,NA,black,13962
2014,male,1,NA,NA,NA,NA,NA,NA,black,13898
2015,male,1,NA,NA,NA,NA,NA,NA,black,13589
2016,male,1,NA,NA,NA,NA,NA,NA,black,13526
2017,male,1,NA,NA,NA,NA,NA,NA,black,13157
2018,male,1,NA,NA,NA,NA,NA,NA,black,12656
2019,male,1,NA,NA,NA,NA,NA,NA,black,11867
2020,male,1,NA,NA,NA,NA,NA,NA,black,10592
2010,male,2,NA,NA,NA,NA,NA,NA,black,13676
2011,male,2,NA,NA,NA,NA,NA,NA,black,13191
2012,male,2,NA,NA,NA,NA,NA,NA,black,13262
2013,male,2,NA,NA,NA,NA,NA,NA,black,13596
2014,male,2,NA,NA,NA,NA,NA,NA,black,13939
2015,male,2,NA,NA,NA,NA,NA,NA,black,13832
2016,male,2,NA,NA,NA,NA,NA,NA,black,13489
2017,male,2,NA,NA,NA,NA,NA,NA,black,13347
2018,male,2,NA,NA,NA,NA,NA,NA,black,12819
2019,male,2,NA,NA,NA,NA,NA,NA,black,12049
2020,male,2,NA,NA,NA,NA,NA,NA,black,10717
2010,male,3,NA,NA,NA,NA,NA,NA,black,13720
2011,male,3,NA,NA,NA,NA,NA,NA,black,13328
2012,male,3,NA,NA,NA,NA,NA,NA,black,13059
2013,male,3,NA,NA,NA,NA,NA,NA,black,13036
2014,male,3,NA,NA,NA,NA,NA,NA,black,13325
2015,male,3,NA,NA,NA,NA,NA,NA,black,13668
2016,male,3,NA,NA,NA,NA,NA,NA,black,13539
2017,male,3,NA,NA,NA,NA,NA,NA,black,13191
2018,male,3,NA,NA,NA,NA,NA,NA,black,12954
2019,male,3,NA,NA,NA,NA,NA,NA,black,12134
2020,male,3,NA,NA,NA,NA,NA,NA,black,11024
2010,male,4,NA,NA,NA,NA,NA,NA,black,13349
2011,male,4,NA,NA,NA,NA,NA,NA,black,13381
2012,male,4,NA,NA,NA,NA,NA,NA,black,13248
2013,male,4,NA,NA,NA,NA,NA,NA,black,12862
2014,male,4,NA,NA,NA,NA,NA,NA,black,12747
2015,male,4,NA,NA,NA,NA,NA,NA,black,13023
2016,male,4,NA,NA,NA,NA,NA,NA,black,13370
2017,male,4,NA,NA,NA,NA,NA,NA,black,13298
2018,male,4,NA,NA,NA,NA,NA,NA,black,12919
2019,male,4,NA,NA,NA,NA,NA,NA,black,12490
2020,male,4,NA,NA,NA,NA,NA,NA,black,11224
2010,male,5,NA,NA,NA,NA,NA,NA,black,13402
2011,male,5,NA,NA,NA,NA,NA,NA,black,13255
2012,male,5,NA,NA,NA,NA,NA,NA,black,13172
2013,male,5,NA,NA,NA,NA,NA,NA,black,12922
2014,male,5,NA,NA,NA,NA,NA,NA,black,12530
2015,male,5,NA,NA,NA,NA,NA,NA,black,12439
2016,male,5,NA,NA,NA,NA,NA,NA,black,12719
2017,male,5,NA,NA,NA,NA,NA,NA,black,13073
2018,male,5,NA,NA,NA,NA,NA,NA,black,12870
2019,male,5,NA,NA,NA,NA,NA,NA,black,12143
2020,male,5,NA,NA,NA,NA,NA,NA,black,11516
2010,male,6,NA,NA,NA,NA,NA,NA,black,13334
2011,male,6,NA,NA,NA,NA,NA,NA,black,13159
2012,male,6,NA,NA,NA,NA,NA,NA,black,13027
2013,male,6,NA,NA,NA,NA,NA,NA,black,12830
2014,male,6,NA,NA,NA,NA,NA,NA,black,12595
2015,male,6,NA,NA,NA,NA,NA,NA,black,12212
2016,male,6,NA,NA,NA,NA,NA,NA,black,12147
2017,male,6,NA,NA,NA,NA,NA,NA,black,12493
2018,male,6,NA,NA,NA,NA,NA,NA,black,12862
2019,male,6,NA,NA,NA,NA,NA,NA,black,12570
2020,male,6,NA,NA,NA,NA,NA,NA,black,11743
2010,male,7,NA,NA,NA,NA,NA,NA,black,13799
2011,male,7,NA,NA,NA,NA,NA,NA,black,13263
2012,male,7,NA,NA,NA,NA,NA,NA,black,13000
2013,male,7,NA,NA,NA,NA,NA,NA,black,12734
2014,male,7,NA,NA,NA,NA,NA,NA,black,12551
2015,male,7,NA,NA,NA,NA,NA,NA,black,12333
2016,male,7,NA,NA,NA,NA,NA,NA,black,11980
2017,male,7,NA,NA,NA,NA,NA,NA,black,11964
2018,male,7,NA,NA,NA,NA,NA,NA,black,12295
2019,male,7,NA,NA,NA,NA,NA,NA,black,12550
2020,male,7,NA,NA,NA,NA,NA,NA,black,11826
2010,male,8,NA,NA,NA,NA,NA,NA,black,13990
2011,male,8,NA,NA,NA,NA,NA,NA,black,13486
2012,male,8,NA,NA,NA,NA,NA,NA,black,13044
2013,male,8,NA,NA,NA,NA,NA,NA,black,12684
2014,male,8,NA,NA,NA,NA,NA,NA,black,12353
2015,male,8,NA,NA,NA,NA,NA,NA,black,12174
2016,male,8,NA,NA,NA,NA,NA,NA,black,11992
2017,male,8,NA,NA,NA,NA,NA,NA,black,11687
2018,male,8,NA,NA,NA,NA,NA,NA,black,11669
2019,male,8,NA,NA,NA,NA,NA,NA,black,11832
2020,male,8,NA,NA,NA,NA,NA,NA,black,12132
2010,male,9,NA,NA,NA,NA,NA,NA,black,14484
2011,male,9,NA,NA,NA,NA,NA,NA,black,13898
2012,male,9,NA,NA,NA,NA,NA,NA,black,13421
2013,male,9,NA,NA,NA,NA,NA,NA,black,12835
2014,male,9,NA,NA,NA,NA,NA,NA,black,12491
2015,male,9,NA,NA,NA,NA,NA,NA,black,12247
2016,male,9,NA,NA,NA,NA,NA,NA,black,12114
2017,male,9,NA,NA,NA,NA,NA,NA,black,12027
2018,male,9,NA,NA,NA,NA,NA,NA,black,11840
2019,male,9,NA,NA,NA,NA,NA,NA,black,12026
2020,male,9,NA,NA,NA,NA,NA,NA,black,12454
2010,male,10,NA,NA,NA,NA,NA,NA,black,15196
2011,male,10,NA,NA,NA,NA,NA,NA,black,14316
2012,male,10,NA,NA,NA,NA,NA,NA,black,13737
2013,male,10,NA,NA,NA,NA,NA,NA,black,13188
2014,male,10,NA,NA,NA,NA,NA,NA,black,12573
2015,male,10,NA,NA,NA,NA,NA,NA,black,12249
2016,male,10,NA,NA,NA,NA,NA,NA,black,12039
2017,male,10,NA,NA,NA,NA,NA,NA,black,12025
2018,male,10,NA,NA,NA,NA,NA,NA,black,12088
2019,male,10,NA,NA,NA,NA,NA,NA,black,12099
2020,male,10,NA,NA,NA,NA,NA,NA,black,12181
2010,male,11,NA,NA,NA,NA,NA,NA,black,15416
2011,male,11,NA,NA,NA,NA,NA,NA,black,14681
2012,male,11,NA,NA,NA,NA,NA,NA,black,14008
2013,male,11,NA,NA,NA,NA,NA,NA,black,13346
2014,male,11,NA,NA,NA,NA,NA,NA,black,12832
2015,male,11,NA,NA,NA,NA,NA,NA,black,12307
2016,male,11,NA,NA,NA,NA,NA,NA,black,12050
2017,male,11,NA,NA,NA,NA,NA,NA,black,11969
2018,male,11,NA,NA,NA,NA,NA,NA,black,12154
2019,male,11,NA,NA,NA,NA,NA,NA,black,12442
2020,male,11,NA,NA,NA,NA,NA,NA,black,12640
2010,male,12,NA,NA,NA,NA,NA,NA,black,15673
2011,male,12,NA,NA,NA,NA,NA,NA,black,15221
2012,male,12,NA,NA,NA,NA,NA,NA,black,14733
2013,male,12,NA,NA,NA,NA,NA,NA,black,13975
2014,male,12,NA,NA,NA,NA,NA,NA,black,13304
2015,male,12,NA,NA,NA,NA,NA,NA,black,12811
2016,male,12,NA,NA,NA,NA,NA,NA,black,12315
2017,male,12,NA,NA,NA,NA,NA,NA,black,12115
2018,male,12,NA,NA,NA,NA,NA,NA,black,12176
2019,male,12,NA,NA,NA,NA,NA,NA,black,12578
2020,male,12,NA,NA,NA,NA,NA,NA,black,13095
2010,male,13,NA,NA,NA,NA,NA,NA,black,15868
2011,male,13,NA,NA,NA,NA,NA,NA,black,15570
2012,male,13,NA,NA,NA,NA,NA,NA,black,15241
2013,male,13,NA,NA,NA,NA,NA,NA,black,14714
2014,male,13,NA,NA,NA,NA,NA,NA,black,13962
2015,male,13,NA,NA,NA,NA,NA,NA,black,13294
2016,male,13,NA,NA,NA,NA,NA,NA,black,12819
2017,male,13,NA,NA,NA,NA,NA,NA,black,12351
2018,male,13,NA,NA,NA,NA,NA,NA,black,12206
2019,male,13,NA,NA,NA,NA,NA,NA,black,12375
2020,male,13,NA,NA,NA,NA,NA,NA,black,12947
2010,male,14,NA,NA,NA,NA,NA,NA,black,16804
2011,male,14,NA,NA,NA,NA,NA,NA,black,15911
2012,male,14,NA,NA,NA,NA,NA,NA,black,15490
2013,male,14,NA,NA,NA,NA,NA,NA,black,15119
2014,male,14,NA,NA,NA,NA,NA,NA,black,14665
2015,male,14,NA,NA,NA,NA,NA,NA,black,13934
2016,male,14,NA,NA,NA,NA,NA,NA,black,13263
2017,male,14,NA,NA,NA,NA,NA,NA,black,12820
2018,male,14,NA,NA,NA,NA,NA,NA,black,12435
2019,male,14,NA,NA,NA,NA,NA,NA,black,12427
2020,male,14,NA,NA,NA,NA,NA,NA,black,12622
2010,male,15,NA,NA,NA,NA,NA,NA,black,18069
2011,male,15,NA,NA,NA,NA,NA,NA,black,16789
2012,male,15,NA,NA,NA,NA,NA,NA,black,15922
2013,male,15,NA,NA,NA,NA,NA,NA,black,15356
2014,male,15,NA,NA,NA,NA,NA,NA,black,14999
2015,male,15,NA,NA,NA,NA,NA,NA,black,14574
2016,male,15,NA,NA,NA,NA,NA,NA,black,13855
2017,male,15,NA,NA,NA,NA,NA,NA,black,13252
2018,male,15,NA,NA,NA,NA,NA,NA,black,12906
2019,male,15,NA,NA,NA,NA,NA,NA,black,12631
2020,male,15,NA,NA,NA,NA,NA,NA,black,12590
2010,male,16,NA,NA,NA,NA,NA,NA,black,18626
2011,male,16,NA,NA,NA,NA,NA,NA,black,17677
2012,male,16,NA,NA,NA,NA,NA,NA,black,16797
2013,male,16,NA,NA,NA,NA,NA,NA,black,15902
2014,male,16,NA,NA,NA,NA,NA,NA,black,15297
2015,male,16,NA,NA,NA,NA,NA,NA,black,14919
2016,male,16,NA,NA,NA,NA,NA,NA,black,14515
2017,male,16,NA,NA,NA,NA,NA,NA,black,13894
2018,male,16,NA,NA,NA,NA,NA,NA,black,13432
2019,male,16,NA,NA,NA,NA,NA,NA,black,13296
2020,male,16,NA,NA,NA,NA,NA,NA,black,12834
2010,male,17,NA,NA,NA,NA,NA,NA,black,19193
2011,male,17,NA,NA,NA,NA,NA,NA,black,18325
2012,male,17,NA,NA,NA,NA,NA,NA,black,17593
2013,male,17,NA,NA,NA,NA,NA,NA,black,16728
2014,male,17,NA,NA,NA,NA,NA,NA,black,15819
2015,male,17,NA,NA,NA,NA,NA,NA,black,15199
2016,male,17,NA,NA,NA,NA,NA,NA,black,14836
2017,male,17,NA,NA,NA,NA,NA,NA,black,14456
2018,male,17,NA,NA,NA,NA,NA,NA,black,13847
2019,male,17,NA,NA,NA,NA,NA,NA,black,13390
2020,male,17,NA,NA,NA,NA,NA,NA,black,12879
2010,male,18,NA,NA,NA,NA,NA,NA,black,19473
2011,male,18,NA,NA,NA,NA,NA,NA,black,18857
2012,male,18,NA,NA,NA,NA,NA,NA,black,18279
2013,male,18,NA,NA,NA,NA,NA,NA,black,17487
2014,male,18,NA,NA,NA,NA,NA,NA,black,16672
2015,male,18,NA,NA,NA,NA,NA,NA,black,15793
2016,male,18,NA,NA,NA,NA,NA,NA,black,15187
2017,male,18,NA,NA,NA,NA,NA,NA,black,14833
2018,male,18,NA,NA,NA,NA,NA,NA,black,14491
2019,male,18,NA,NA,NA,NA,NA,NA,black,13919
2020,male,18,NA,NA,NA,NA,NA,NA,black,13301
2010,male,19,NA,NA,NA,NA,NA,NA,black,19763
2011,male,19,NA,NA,NA,NA,NA,NA,black,19240
2012,male,19,NA,NA,NA,NA,NA,NA,black,18762
2013,male,19,NA,NA,NA,NA,NA,NA,black,18189
2014,male,19,NA,NA,NA,NA,NA,NA,black,17430
2015,male,19,NA,NA,NA,NA,NA,NA,black,16587
2016,male,19,NA,NA,NA,NA,NA,NA,black,15683
2017,male,19,NA,NA,NA,NA,NA,NA,black,15031
2018,male,19,NA,NA,NA,NA,NA,NA,black,14597
2019,male,19,NA,NA,NA,NA,NA,NA,black,14062
2020,male,19,NA,NA,NA,NA,NA,NA,black,13106
2010,male,20,NA,NA,NA,NA,NA,NA,black,19862
2011,male,20,NA,NA,NA,NA,NA,NA,black,19642
2012,male,20,NA,NA,NA,NA,NA,NA,black,19199
2013,male,20,NA,NA,NA,NA,NA,NA,black,18705
2014,male,20,NA,NA,NA,NA,NA,NA,black,18140
2015,male,20,NA,NA,NA,NA,NA,NA,black,17334
2016,male,20,NA,NA,NA,NA,NA,NA,black,16484
2017,male,20,NA,NA,NA,NA,NA,NA,black,15534
2018,male,20,NA,NA,NA,NA,NA,NA,black,14820
2019,male,20,NA,NA,NA,NA,NA,NA,black,14244
2020,male,20,NA,NA,NA,NA,NA,NA,black,14118
2010,male,21,NA,NA,NA,NA,NA,NA,black,18559
2011,male,21,NA,NA,NA,NA,NA,NA,black,19202
2012,male,21,NA,NA,NA,NA,NA,NA,black,19329
2013,male,21,NA,NA,NA,NA,NA,NA,black,19005
2014,male,21,NA,NA,NA,NA,NA,NA,black,18576
2015,male,21,NA,NA,NA,NA,NA,NA,black,18019
2016,male,21,NA,NA,NA,NA,NA,NA,black,17262
2017,male,21,NA,NA,NA,NA,NA,NA,black,16401
2018,male,21,NA,NA,NA,NA,NA,NA,black,15496
2019,male,21,NA,NA,NA,NA,NA,NA,black,14818
2020,male,21,NA,NA,NA,NA,NA,NA,black,14299
2010,male,22,NA,NA,NA,NA,NA,NA,black,17691
2011,male,22,NA,NA,NA,NA,NA,NA,black,18660
2012,male,22,NA,NA,NA,NA,NA,NA,black,19208
2013,male,22,NA,NA,NA,NA,NA,NA,black,19180
2014,male,22,NA,NA,NA,NA,NA,NA,black,18833
2015,male,22,NA,NA,NA,NA,NA,NA,black,18381
2016,male,22,NA,NA,NA,NA,NA,NA,black,17825
2017,male,22,NA,NA,NA,NA,NA,NA,black,17041
2018,male,22,NA,NA,NA,NA,NA,NA,black,16197
2019,male,22,NA,NA,NA,NA,NA,NA,black,15203
2020,male,22,NA,NA,NA,NA,NA,NA,black,14820
2010,male,23,NA,NA,NA,NA,NA,NA,black,17088
2011,male,23,NA,NA,NA,NA,NA,NA,black,17854
2012,male,23,NA,NA,NA,NA,NA,NA,black,18452
2013,male,23,NA,NA,NA,NA,NA,NA,black,19004
2014,male,23,NA,NA,NA,NA,NA,NA,black,19054
2015,male,23,NA,NA,NA,NA,NA,NA,black,18724
2016,male,23,NA,NA,NA,NA,NA,NA,black,18270
2017,male,23,NA,NA,NA,NA,NA,NA,black,17684
2018,male,23,NA,NA,NA,NA,NA,NA,black,16896
2019,male,23,NA,NA,NA,NA,NA,NA,black,16011
2020,male,23,NA,NA,NA,NA,NA,NA,black,15339
2010,male,24,NA,NA,NA,NA,NA,NA,black,16683
2011,male,24,NA,NA,NA,NA,NA,NA,black,17228
2012,male,24,NA,NA,NA,NA,NA,NA,black,17827
2013,male,24,NA,NA,NA,NA,NA,NA,black,18336
2014,male,24,NA,NA,NA,NA,NA,NA,black,18880
2015,male,24,NA,NA,NA,NA,NA,NA,black,18952
2016,male,24,NA,NA,NA,NA,NA,NA,black,18597
2017,male,24,NA,NA,NA,NA,NA,NA,black,18138
2018,male,24,NA,NA,NA,NA,NA,NA,black,17571
2019,male,24,NA,NA,NA,NA,NA,NA,black,16756
2020,male,24,NA,NA,NA,NA,NA,NA,black,16218
2010,male,25,NA,NA,NA,NA,NA,NA,black,16302
2011,male,25,NA,NA,NA,NA,NA,NA,black,16819
2012,male,25,NA,NA,NA,NA,NA,NA,black,17194
2013,male,25,NA,NA,NA,NA,NA,NA,black,17698
2014,male,25,NA,NA,NA,NA,NA,NA,black,18225
2015,male,25,NA,NA,NA,NA,NA,NA,black,18812
2016,male,25,NA,NA,NA,NA,NA,NA,black,18895
2017,male,25,NA,NA,NA,NA,NA,NA,black,18579
2018,male,25,NA,NA,NA,NA,NA,NA,black,18217
2019,male,25,NA,NA,NA,NA,NA,NA,black,17842
2020,male,25,NA,NA,NA,NA,NA,NA,black,17579
2010,male,26,NA,NA,NA,NA,NA,NA,black,15441
2011,male,26,NA,NA,NA,NA,NA,NA,black,16183
2012,male,26,NA,NA,NA,NA,NA,NA,black,16829
2013,male,26,NA,NA,NA,NA,NA,NA,black,17241
2014,male,26,NA,NA,NA,NA,NA,NA,black,17725
2015,male,26,NA,NA,NA,NA,NA,NA,black,18204
2016,male,26,NA,NA,NA,NA,NA,NA,black,18798
2017,male,26,NA,NA,NA,NA,NA,NA,black,18877
2018,male,26,NA,NA,NA,NA,NA,NA,black,18639
2019,male,26,NA,NA,NA,NA,NA,NA,black,18399
2020,male,26,NA,NA,NA,NA,NA,NA,black,18416
2010,male,27,NA,NA,NA,NA,NA,NA,black,15547
2011,male,27,NA,NA,NA,NA,NA,NA,black,15948
2012,male,27,NA,NA,NA,NA,NA,NA,black,16376
2013,male,27,NA,NA,NA,NA,NA,NA,black,16872
2014,male,27,NA,NA,NA,NA,NA,NA,black,17293
2015,male,27,NA,NA,NA,NA,NA,NA,black,17766
2016,male,27,NA,NA,NA,NA,NA,NA,black,18302
2017,male,27,NA,NA,NA,NA,NA,NA,black,18913
2018,male,27,NA,NA,NA,NA,NA,NA,black,19132
2019,male,27,NA,NA,NA,NA,NA,NA,black,19223
2020,male,27,NA,NA,NA,NA,NA,NA,black,19008
2010,male,28,NA,NA,NA,NA,NA,NA,black,15518
2011,male,28,NA,NA,NA,NA,NA,NA,black,15563
2012,male,28,NA,NA,NA,NA,NA,NA,black,15926
2013,male,28,NA,NA,NA,NA,NA,NA,black,16369
2014,male,28,NA,NA,NA,NA,NA,NA,black,16936
2015,male,28,NA,NA,NA,NA,NA,NA,black,17323
2016,male,28,NA,NA,NA,NA,NA,NA,black,17836
2017,male,28,NA,NA,NA,NA,NA,NA,black,18411
2018,male,28,NA,NA,NA,NA,NA,NA,black,19199
2019,male,28,NA,NA,NA,NA,NA,NA,black,19746
2020,male,28,NA,NA,NA,NA,NA,NA,black,19748
2010,male,29,NA,NA,NA,NA,NA,NA,black,15345
2011,male,29,NA,NA,NA,NA,NA,NA,black,15612
2012,male,29,NA,NA,NA,NA,NA,NA,black,15771
2013,male,29,NA,NA,NA,NA,NA,NA,black,16048
2014,male,29,NA,NA,NA,NA,NA,NA,black,16512
2015,male,29,NA,NA,NA,NA,NA,NA,black,17076
2016,male,29,NA,NA,NA,NA,NA,NA,black,17491
2017,male,29,NA,NA,NA,NA,NA,NA,black,18047
2018,male,29,NA,NA,NA,NA,NA,NA,black,18761
2019,male,29,NA,NA,NA,NA,NA,NA,black,19861
2020,male,29,NA,NA,NA,NA,NA,NA,black,20590
2010,male,30,NA,NA,NA,NA,NA,NA,black,16479
2011,male,30,NA,NA,NA,NA,NA,NA,black,15966
2012,male,30,NA,NA,NA,NA,NA,NA,black,15924
2013,male,30,NA,NA,NA,NA,NA,NA,black,16006
2014,male,30,NA,NA,NA,NA,NA,NA,black,16296
2015,male,30,NA,NA,NA,NA,NA,NA,black,16729
2016,male,30,NA,NA,NA,NA,NA,NA,black,17323
2017,male,30,NA,NA,NA,NA,NA,NA,black,17742
2018,male,30,NA,NA,NA,NA,NA,NA,black,18441
2019,male,30,NA,NA,NA,NA,NA,NA,black,19584
2020,male,30,NA,NA,NA,NA,NA,NA,black,20396
2010,male,31,NA,NA,NA,NA,NA,NA,black,14475
2011,male,31,NA,NA,NA,NA,NA,NA,black,15376
2012,male,31,NA,NA,NA,NA,NA,NA,black,15829
2013,male,31,NA,NA,NA,NA,NA,NA,black,16045
2014,male,31,NA,NA,NA,NA,NA,NA,black,16186
2015,male,31,NA,NA,NA,NA,NA,NA,black,16510
2016,male,31,NA,NA,NA,NA,NA,NA,black,16910
2017,male,31,NA,NA,NA,NA,NA,NA,black,17437
2018,male,31,NA,NA,NA,NA,NA,NA,black,17864
2019,male,31,NA,NA,NA,NA,NA,NA,black,18669
2020,male,31,NA,NA,NA,NA,NA,NA,black,19091
2010,male,32,NA,NA,NA,NA,NA,NA,black,14307
2011,male,32,NA,NA,NA,NA,NA,NA,black,15302
2012,male,32,NA,NA,NA,NA,NA,NA,black,15788
2013,male,32,NA,NA,NA,NA,NA,NA,black,16112
2014,male,32,NA,NA,NA,NA,NA,NA,black,16309
2015,male,32,NA,NA,NA,NA,NA,NA,black,16410
2016,male,32,NA,NA,NA,NA,NA,NA,black,16683
2017,male,32,NA,NA,NA,NA,NA,NA,black,17077
2018,male,32,NA,NA,NA,NA,NA,NA,black,17657
2019,male,32,NA,NA,NA,NA,NA,NA,black,18258
2020,male,32,NA,NA,NA,NA,NA,NA,black,18055
2010,male,33,NA,NA,NA,NA,NA,NA,black,13868
2011,male,33,NA,NA,NA,NA,NA,NA,black,14603
2012,male,33,NA,NA,NA,NA,NA,NA,black,15226
2013,male,33,NA,NA,NA,NA,NA,NA,black,15860
2014,male,33,NA,NA,NA,NA,NA,NA,black,16325
2015,male,33,NA,NA,NA,NA,NA,NA,black,16479
2016,male,33,NA,NA,NA,NA,NA,NA,black,16515
2017,male,33,NA,NA,NA,NA,NA,NA,black,16734
2018,male,33,NA,NA,NA,NA,NA,NA,black,17060
2019,male,33,NA,NA,NA,NA,NA,NA,black,17639
2020,male,33,NA,NA,NA,NA,NA,NA,black,17380
2010,male,34,NA,NA,NA,NA,NA,NA,black,13449
2011,male,34,NA,NA,NA,NA,NA,NA,black,14161
2012,male,34,NA,NA,NA,NA,NA,NA,black,14749
2013,male,34,NA,NA,NA,NA,NA,NA,black,15435
2014,male,34,NA,NA,NA,NA,NA,NA,black,16067
2015,male,34,NA,NA,NA,NA,NA,NA,black,16444
2016,male,34,NA,NA,NA,NA,NA,NA,black,16571
2017,male,34,NA,NA,NA,NA,NA,NA,black,16586
2018,male,34,NA,NA,NA,NA,NA,NA,black,16718
2019,male,34,NA,NA,NA,NA,NA,NA,black,16994
2020,male,34,NA,NA,NA,NA,NA,NA,black,16715
2010,male,35,NA,NA,NA,NA,NA,NA,black,14340
2011,male,35,NA,NA,NA,NA,NA,NA,black,14118
2012,male,35,NA,NA,NA,NA,NA,NA,black,14349
2013,male,35,NA,NA,NA,NA,NA,NA,black,14837
2014,male,35,NA,NA,NA,NA,NA,NA,black,15568
2015,male,35,NA,NA,NA,NA,NA,NA,black,16186
2016,male,35,NA,NA,NA,NA,NA,NA,black,16555
2017,male,35,NA,NA,NA,NA,NA,NA,black,16624
2018,male,35,NA,NA,NA,NA,NA,NA,black,16596
2019,male,35,NA,NA,NA,NA,NA,NA,black,16771
2020,male,35,NA,NA,NA,NA,NA,NA,black,16185
2010,male,36,NA,NA,NA,NA,NA,NA,black,13118
2011,male,36,NA,NA,NA,NA,NA,NA,black,13713
2012,male,36,NA,NA,NA,NA,NA,NA,black,14084
2013,male,36,NA,NA,NA,NA,NA,NA,black,14462
2014,male,36,NA,NA,NA,NA,NA,NA,black,14950
2015,male,36,NA,NA,NA,NA,NA,NA,black,15627
2016,male,36,NA,NA,NA,NA,NA,NA,black,16169
2017,male,36,NA,NA,NA,NA,NA,NA,black,16489
2018,male,36,NA,NA,NA,NA,NA,NA,black,16420
2019,male,36,NA,NA,NA,NA,NA,NA,black,16190
2020,male,36,NA,NA,NA,NA,NA,NA,black,15539
2010,male,37,NA,NA,NA,NA,NA,NA,black,13824
2011,male,37,NA,NA,NA,NA,NA,NA,black,13897
2012,male,37,NA,NA,NA,NA,NA,NA,black,14107
2013,male,37,NA,NA,NA,NA,NA,NA,black,14255
2014,male,37,NA,NA,NA,NA,NA,NA,black,14583
2015,male,37,NA,NA,NA,NA,NA,NA,black,15037
2016,male,37,NA,NA,NA,NA,NA,NA,black,15651
2017,male,37,NA,NA,NA,NA,NA,NA,black,16118
2018,male,37,NA,NA,NA,NA,NA,NA,black,16328
2019,male,37,NA,NA,NA,NA,NA,NA,black,16098
2020,male,37,NA,NA,NA,NA,NA,NA,black,15517
2010,male,38,NA,NA,NA,NA,NA,NA,black,14341
2011,male,38,NA,NA,NA,NA,NA,NA,black,13988
2012,male,38,NA,NA,NA,NA,NA,NA,black,13959
2013,male,38,NA,NA,NA,NA,NA,NA,black,14199
2014,male,38,NA,NA,NA,NA,NA,NA,black,14382
2015,male,38,NA,NA,NA,NA,NA,NA,black,14641
2016,male,38,NA,NA,NA,NA,NA,NA,black,15025
2017,male,38,NA,NA,NA,NA,NA,NA,black,15589
2018,male,38,NA,NA,NA,NA,NA,NA,black,15967
2019,male,38,NA,NA,NA,NA,NA,NA,black,16010
2020,male,38,NA,NA,NA,NA,NA,NA,black,15157
2010,male,39,NA,NA,NA,NA,NA,NA,black,16031
2011,male,39,NA,NA,NA,NA,NA,NA,black,14716
2012,male,39,NA,NA,NA,NA,NA,NA,black,14115
2013,male,39,NA,NA,NA,NA,NA,NA,black,14002
2014,male,39,NA,NA,NA,NA,NA,NA,black,14239
2015,male,39,NA,NA,NA,NA,NA,NA,black,14380
2016,male,39,NA,NA,NA,NA,NA,NA,black,14614
2017,male,39,NA,NA,NA,NA,NA,NA,black,14906
2018,male,39,NA,NA,NA,NA,NA,NA,black,15306
2019,male,39,NA,NA,NA,NA,NA,NA,black,15419
2020,male,39,NA,NA,NA,NA,NA,NA,black,15185
2010,male,40,NA,NA,NA,NA,NA,NA,black,17333
2011,male,40,NA,NA,NA,NA,NA,NA,black,15867
2012,male,40,NA,NA,NA,NA,NA,NA,black,14936
2013,male,40,NA,NA,NA,NA,NA,NA,black,14225
2014,male,40,NA,NA,NA,NA,NA,NA,black,14055
2015,male,40,NA,NA,NA,NA,NA,NA,black,14252
2016,male,40,NA,NA,NA,NA,NA,NA,black,14360
2017,male,40,NA,NA,NA,NA,NA,NA,black,14568
2018,male,40,NA,NA,NA,NA,NA,NA,black,14827
2019,male,40,NA,NA,NA,NA,NA,NA,black,15208
2020,male,40,NA,NA,NA,NA,NA,NA,black,15310
2010,male,41,NA,NA,NA,NA,NA,NA,black,15320
2011,male,41,NA,NA,NA,NA,NA,NA,black,15920
2012,male,41,NA,NA,NA,NA,NA,NA,black,15660
2013,male,41,NA,NA,NA,NA,NA,NA,black,14989
2014,male,41,NA,NA,NA,NA,NA,NA,black,14233
2015,male,41,NA,NA,NA,NA,NA,NA,black,14046
2016,male,41,NA,NA,NA,NA,NA,NA,black,14197
2017,male,41,NA,NA,NA,NA,NA,NA,black,14288
2018,male,41,NA,NA,NA,NA,NA,NA,black,14377
2019,male,41,NA,NA,NA,NA,NA,NA,black,14466
2020,male,41,NA,NA,NA,NA,NA,NA,black,14140
2010,male,42,NA,NA,NA,NA,NA,NA,black,15419
2011,male,42,NA,NA,NA,NA,NA,NA,black,15880
2012,male,42,NA,NA,NA,NA,NA,NA,black,16010
2013,male,42,NA,NA,NA,NA,NA,NA,black,15588
2014,male,42,NA,NA,NA,NA,NA,NA,black,14916
2015,male,42,NA,NA,NA,NA,NA,NA,black,14151
2016,male,42,NA,NA,NA,NA,NA,NA,black,13913
2017,male,42,NA,NA,NA,NA,NA,NA,black,14040
2018,male,42,NA,NA,NA,NA,NA,NA,black,14047
2019,male,42,NA,NA,NA,NA,NA,NA,black,13982
2020,male,42,NA,NA,NA,NA,NA,NA,black,13597
2010,male,43,NA,NA,NA,NA,NA,NA,black,15582
2011,male,43,NA,NA,NA,NA,NA,NA,black,15570
2012,male,43,NA,NA,NA,NA,NA,NA,black,15680
2013,male,43,NA,NA,NA,NA,NA,NA,black,15895
2014,male,43,NA,NA,NA,NA,NA,NA,black,15567
2015,male,43,NA,NA,NA,NA,NA,NA,black,14869
2016,male,43,NA,NA,NA,NA,NA,NA,black,14084
2017,male,43,NA,NA,NA,NA,NA,NA,black,13807
2018,male,43,NA,NA,NA,NA,NA,NA,black,13859
2019,male,43,NA,NA,NA,NA,NA,NA,black,13689
2020,male,43,NA,NA,NA,NA,NA,NA,black,13168
2010,male,44,NA,NA,NA,NA,NA,NA,black,16479
2011,male,44,NA,NA,NA,NA,NA,NA,black,15910
2012,male,44,NA,NA,NA,NA,NA,NA,black,15627
2013,male,44,NA,NA,NA,NA,NA,NA,black,15693
2014,male,44,NA,NA,NA,NA,NA,NA,black,15898
2015,male,44,NA,NA,NA,NA,NA,NA,black,15519
2016,male,44,NA,NA,NA,NA,NA,NA,black,14810
2017,male,44,NA,NA,NA,NA,NA,NA,black,13989
2018,male,44,NA,NA,NA,NA,NA,NA,black,13622
2019,male,44,NA,NA,NA,NA,NA,NA,black,13532
2020,male,44,NA,NA,NA,NA,NA,NA,black,13049
2010,male,45,NA,NA,NA,NA,NA,NA,black,17914
2011,male,45,NA,NA,NA,NA,NA,NA,black,16628
2012,male,45,NA,NA,NA,NA,NA,NA,black,15961
2013,male,45,NA,NA,NA,NA,NA,NA,black,15550
2014,male,45,NA,NA,NA,NA,NA,NA,black,15628
2015,male,45,NA,NA,NA,NA,NA,NA,black,15837
2016,male,45,NA,NA,NA,NA,NA,NA,black,15485
2017,male,45,NA,NA,NA,NA,NA,NA,black,14788
2018,male,45,NA,NA,NA,NA,NA,NA,black,14020
2019,male,45,NA,NA,NA,NA,NA,NA,black,13764
2020,male,45,NA,NA,NA,NA,NA,NA,black,13386
2010,male,46,NA,NA,NA,NA,NA,NA,black,17413
2011,male,46,NA,NA,NA,NA,NA,NA,black,17012
2012,male,46,NA,NA,NA,NA,NA,NA,black,16538
2013,male,46,NA,NA,NA,NA,NA,NA,black,15969
2014,male,46,NA,NA,NA,NA,NA,NA,black,15513
2015,male,46,NA,NA,NA,NA,NA,NA,black,15545
2016,male,46,NA,NA,NA,NA,NA,NA,black,15752
2017,male,46,NA,NA,NA,NA,NA,NA,black,15346
2018,male,46,NA,NA,NA,NA,NA,NA,black,14555
2019,male,46,NA,NA,NA,NA,NA,NA,black,13642
2020,male,46,NA,NA,NA,NA,NA,NA,black,12725
2010,male,47,NA,NA,NA,NA,NA,NA,black,17379
2011,male,47,NA,NA,NA,NA,NA,NA,black,17380
2012,male,47,NA,NA,NA,NA,NA,NA,black,17076
2013,male,47,NA,NA,NA,NA,NA,NA,black,16557
2014,male,47,NA,NA,NA,NA,NA,NA,black,15956
2015,male,47,NA,NA,NA,NA,NA,NA,black,15484
2016,male,47,NA,NA,NA,NA,NA,NA,black,15488
2017,male,47,NA,NA,NA,NA,NA,NA,black,15663
2018,male,47,NA,NA,NA,NA,NA,NA,black,15180
2019,male,47,NA,NA,NA,NA,NA,NA,black,14256
2020,male,47,NA,NA,NA,NA,NA,NA,black,13118
2010,male,48,NA,NA,NA,NA,NA,NA,black,17474
2011,male,48,NA,NA,NA,NA,NA,NA,black,17384
2012,male,48,NA,NA,NA,NA,NA,NA,black,17186
2013,male,48,NA,NA,NA,NA,NA,NA,black,16925
2014,male,48,NA,NA,NA,NA,NA,NA,black,16486
2015,male,48,NA,NA,NA,NA,NA,NA,black,15855
2016,male,48,NA,NA,NA,NA,NA,NA,black,15364
2017,male,48,NA,NA,NA,NA,NA,NA,black,15352
2018,male,48,NA,NA,NA,NA,NA,NA,black,15438
2019,male,48,NA,NA,NA,NA,NA,NA,black,14821
2020,male,48,NA,NA,NA,NA,NA,NA,black,13756
2010,male,49,NA,NA,NA,NA,NA,NA,black,18063
2011,male,49,NA,NA,NA,NA,NA,NA,black,17583
2012,male,49,NA,NA,NA,NA,NA,NA,black,17421
2013,male,49,NA,NA,NA,NA,NA,NA,black,17184
2014,male,49,NA,NA,NA,NA,NA,NA,black,16907
2015,male,49,NA,NA,NA,NA,NA,NA,black,16449
2016,male,49,NA,NA,NA,NA,NA,NA,black,15827
2017,male,49,NA,NA,NA,NA,NA,NA,black,15316
2018,male,49,NA,NA,NA,NA,NA,NA,black,15326
2019,male,49,NA,NA,NA,NA,NA,NA,black,15467
2020,male,49,NA,NA,NA,NA,NA,NA,black,15045
2010,male,50,NA,NA,NA,NA,NA,NA,black,18547
2011,male,50,NA,NA,NA,NA,NA,NA,black,17956
2012,male,50,NA,NA,NA,NA,NA,NA,black,17444
2013,male,50,NA,NA,NA,NA,NA,NA,black,17259
2014,male,50,NA,NA,NA,NA,NA,NA,black,17085
2015,male,50,NA,NA,NA,NA,NA,NA,black,16806
2016,male,50,NA,NA,NA,NA,NA,NA,black,16346
2017,male,50,NA,NA,NA,NA,NA,NA,black,15757
2018,male,50,NA,NA,NA,NA,NA,NA,black,15303
2019,male,50,NA,NA,NA,NA,NA,NA,black,15406
2020,male,50,NA,NA,NA,NA,NA,NA,black,15494
2010,male,51,NA,NA,NA,NA,NA,NA,black,16942
2011,male,51,NA,NA,NA,NA,NA,NA,black,17543
2012,male,51,NA,NA,NA,NA,NA,NA,black,17738
2013,male,51,NA,NA,NA,NA,NA,NA,black,17387
2014,male,51,NA,NA,NA,NA,NA,NA,black,17200
2015,male,51,NA,NA,NA,NA,NA,NA,black,17025
2016,male,51,NA,NA,NA,NA,NA,NA,black,16735
2017,male,51,NA,NA,NA,NA,NA,NA,black,16284
2018,male,51,NA,NA,NA,NA,NA,NA,black,15700
2019,male,51,NA,NA,NA,NA,NA,NA,black,15222
2020,male,51,NA,NA,NA,NA,NA,NA,black,14284
2010,male,52,NA,NA,NA,NA,NA,NA,black,16787
2011,male,52,NA,NA,NA,NA,NA,NA,black,17349
2012,male,52,NA,NA,NA,NA,NA,NA,black,17462
2013,male,52,NA,NA,NA,NA,NA,NA,black,17559
2014,male,52,NA,NA,NA,NA,NA,NA,black,17188
2015,male,52,NA,NA,NA,NA,NA,NA,black,16981
2016,male,52,NA,NA,NA,NA,NA,NA,black,16784
2017,male,52,NA,NA,NA,NA,NA,NA,black,16555
2018,male,52,NA,NA,NA,NA,NA,NA,black,16066
2019,male,52,NA,NA,NA,NA,NA,NA,black,15422
2020,male,52,NA,NA,NA,NA,NA,NA,black,14195
2010,male,53,NA,NA,NA,NA,NA,NA,black,15891
2011,male,53,NA,NA,NA,NA,NA,NA,black,16656
2012,male,53,NA,NA,NA,NA,NA,NA,black,17099
2013,male,53,NA,NA,NA,NA,NA,NA,black,17254
2014,male,53,NA,NA,NA,NA,NA,NA,black,17466
2015,male,53,NA,NA,NA,NA,NA,NA,black,17091
2016,male,53,NA,NA,NA,NA,NA,NA,black,16847
2017,male,53,NA,NA,NA,NA,NA,NA,black,16638
2018,male,53,NA,NA,NA,NA,NA,NA,black,16317
2019,male,53,NA,NA,NA,NA,NA,NA,black,15724
2020,male,53,NA,NA,NA,NA,NA,NA,black,14406
2010,male,54,NA,NA,NA,NA,NA,NA,black,15510
2011,male,54,NA,NA,NA,NA,NA,NA,black,16093
2012,male,54,NA,NA,NA,NA,NA,NA,black,16523
2013,male,54,NA,NA,NA,NA,NA,NA,black,16991
2014,male,54,NA,NA,NA,NA,NA,NA,black,17140
2015,male,54,NA,NA,NA,NA,NA,NA,black,17317
2016,male,54,NA,NA,NA,NA,NA,NA,black,16907
2017,male,54,NA,NA,NA,NA,NA,NA,black,16636
2018,male,54,NA,NA,NA,NA,NA,NA,black,16358
2019,male,54,NA,NA,NA,NA,NA,NA,black,15922
2020,male,54,NA,NA,NA,NA,NA,NA,black,14829
2010,male,55,NA,NA,NA,NA,NA,NA,black,15257
2011,male,55,NA,NA,NA,NA,NA,NA,black,15528
2012,male,55,NA,NA,NA,NA,NA,NA,black,15806
2013,male,55,NA,NA,NA,NA,NA,NA,black,16268
2014,male,55,NA,NA,NA,NA,NA,NA,black,16813
2015,male,55,NA,NA,NA,NA,NA,NA,black,16976
2016,male,55,NA,NA,NA,NA,NA,NA,black,17133
2017,male,55,NA,NA,NA,NA,NA,NA,black,16777
2018,male,55,NA,NA,NA,NA,NA,NA,black,16504
2019,male,55,NA,NA,NA,NA,NA,NA,black,16244
2020,male,55,NA,NA,NA,NA,NA,NA,black,15614
2010,male,56,NA,NA,NA,NA,NA,NA,black,13855
2011,male,56,NA,NA,NA,NA,NA,NA,black,14808
2012,male,56,NA,NA,NA,NA,NA,NA,black,15264
2013,male,56,NA,NA,NA,NA,NA,NA,black,15567
2014,male,56,NA,NA,NA,NA,NA,NA,black,16069
2015,male,56,NA,NA,NA,NA,NA,NA,black,16619
2016,male,56,NA,NA,NA,NA,NA,NA,black,16748
2017,male,56,NA,NA,NA,NA,NA,NA,black,16956
2018,male,56,NA,NA,NA,NA,NA,NA,black,16574
2019,male,56,NA,NA,NA,NA,NA,NA,black,16288
2020,male,56,NA,NA,NA,NA,NA,NA,black,15365
2010,male,57,NA,NA,NA,NA,NA,NA,black,12677
2011,male,57,NA,NA,NA,NA,NA,NA,black,13902
2012,male,57,NA,NA,NA,NA,NA,NA,black,14651
2013,male,57,NA,NA,NA,NA,NA,NA,black,15062
2014,male,57,NA,NA,NA,NA,NA,NA,black,15293
2015,male,57,NA,NA,NA,NA,NA,NA,black,15749
2016,male,57,NA,NA,NA,NA,NA,NA,black,16288
2017,male,57,NA,NA,NA,NA,NA,NA,black,16464
2018,male,57,NA,NA,NA,NA,NA,NA,black,16623
2019,male,57,NA,NA,NA,NA,NA,NA,black,16104
2020,male,57,NA,NA,NA,NA,NA,NA,black,15026
2010,male,58,NA,NA,NA,NA,NA,NA,black,11881
2011,male,58,NA,NA,NA,NA,NA,NA,black,12877
2012,male,58,NA,NA,NA,NA,NA,NA,black,13610
2013,male,58,NA,NA,NA,NA,NA,NA,black,14345
2014,male,58,NA,NA,NA,NA,NA,NA,black,14799
2015,male,58,NA,NA,NA,NA,NA,NA,black,15030
2016,male,58,NA,NA,NA,NA,NA,NA,black,15441
2017,male,58,NA,NA,NA,NA,NA,NA,black,16032
2018,male,58,NA,NA,NA,NA,NA,NA,black,16152
2019,male,58,NA,NA,NA,NA,NA,NA,black,16209
2020,male,58,NA,NA,NA,NA,NA,NA,black,15037
2010,male,59,NA,NA,NA,NA,NA,NA,black,11755
2011,male,59,NA,NA,NA,NA,NA,NA,black,12145
2012,male,59,NA,NA,NA,NA,NA,NA,black,12570
2013,male,59,NA,NA,NA,NA,NA,NA,black,13243
2014,male,59,NA,NA,NA,NA,NA,NA,black,14018
2015,male,59,NA,NA,NA,NA,NA,NA,black,14494
2016,male,59,NA,NA,NA,NA,NA,NA,black,14714
2017,male,59,NA,NA,NA,NA,NA,NA,black,15200
2018,male,59,NA,NA,NA,NA,NA,NA,black,15763
2019,male,59,NA,NA,NA,NA,NA,NA,black,15839
2020,male,59,NA,NA,NA,NA,NA,NA,black,15212
2010,male,60,NA,NA,NA,NA,NA,NA,black,11866
2011,male,60,NA,NA,NA,NA,NA,NA,black,11713
2012,male,60,NA,NA,NA,NA,NA,NA,black,11870
2013,male,60,NA,NA,NA,NA,NA,NA,black,12254
2014,male,60,NA,NA,NA,NA,NA,NA,black,12930
2015,male,60,NA,NA,NA,NA,NA,NA,black,13678
2016,male,60,NA,NA,NA,NA,NA,NA,black,14133
2017,male,60,NA,NA,NA,NA,NA,NA,black,14448
2018,male,60,NA,NA,NA,NA,NA,NA,black,14958
2019,male,60,NA,NA,NA,NA,NA,NA,black,15504
2020,male,60,NA,NA,NA,NA,NA,NA,black,15097
2010,male,61,NA,NA,NA,NA,NA,NA,black,10546
2011,male,61,NA,NA,NA,NA,NA,NA,black,11280
2012,male,61,NA,NA,NA,NA,NA,NA,black,11457
2013,male,61,NA,NA,NA,NA,NA,NA,black,11628
2014,male,61,NA,NA,NA,NA,NA,NA,black,11977
2015,male,61,NA,NA,NA,NA,NA,NA,black,12622
2016,male,61,NA,NA,NA,NA,NA,NA,black,13333
2017,male,61,NA,NA,NA,NA,NA,NA,black,13803
2018,male,61,NA,NA,NA,NA,NA,NA,black,14023
2019,male,61,NA,NA,NA,NA,NA,NA,black,14356
2020,male,61,NA,NA,NA,NA,NA,NA,black,13944
2010,male,62,NA,NA,NA,NA,NA,NA,black,9897
2011,male,62,NA,NA,NA,NA,NA,NA,black,10545
2012,male,62,NA,NA,NA,NA,NA,NA,black,10910
2013,male,62,NA,NA,NA,NA,NA,NA,black,11073
2014,male,62,NA,NA,NA,NA,NA,NA,black,11257
2015,male,62,NA,NA,NA,NA,NA,NA,black,11589
2016,male,62,NA,NA,NA,NA,NA,NA,black,12207
2017,male,62,NA,NA,NA,NA,NA,NA,black,12982
2018,male,62,NA,NA,NA,NA,NA,NA,black,13448
2019,male,62,NA,NA,NA,NA,NA,NA,black,13588
2020,male,62,NA,NA,NA,NA,NA,NA,black,13463
2010,male,63,NA,NA,NA,NA,NA,NA,black,9009
2011,male,63,NA,NA,NA,NA,NA,NA,black,9662
2012,male,63,NA,NA,NA,NA,NA,NA,black,10107
2013,male,63,NA,NA,NA,NA,NA,NA,black,10455
2014,male,63,NA,NA,NA,NA,NA,NA,black,10666
2015,male,63,NA,NA,NA,NA,NA,NA,black,10879
2016,male,63,NA,NA,NA,NA,NA,NA,black,11190
2017,male,63,NA,NA,NA,NA,NA,NA,black,11840
2018,male,63,NA,NA,NA,NA,NA,NA,black,12573
2019,male,63,NA,NA,NA,NA,NA,NA,black,12921
2020,male,63,NA,NA,NA,NA,NA,NA,black,12524
2010,male,64,NA,NA,NA,NA,NA,NA,black,7414
2011,male,64,NA,NA,NA,NA,NA,NA,black,8654
2012,male,64,NA,NA,NA,NA,NA,NA,black,9252
2013,male,64,NA,NA,NA,NA,NA,NA,black,9696
2014,male,64,NA,NA,NA,NA,NA,NA,black,10103
2015,male,64,NA,NA,NA,NA,NA,NA,black,10317
2016,male,64,NA,NA,NA,NA,NA,NA,black,10530
2017,male,64,NA,NA,NA,NA,NA,NA,black,10896
2018,male,64,NA,NA,NA,NA,NA,NA,black,11543
2019,male,64,NA,NA,NA,NA,NA,NA,black,12232
2020,male,64,NA,NA,NA,NA,NA,NA,black,11884
2010,male,65,NA,NA,NA,NA,NA,NA,black,7393
2011,male,65,NA,NA,NA,NA,NA,NA,black,7916
2012,male,65,NA,NA,NA,NA,NA,NA,black,8425
2013,male,65,NA,NA,NA,NA,NA,NA,black,8889
2014,male,65,NA,NA,NA,NA,NA,NA,black,9329
2015,male,65,NA,NA,NA,NA,NA,NA,black,9707
2016,male,65,NA,NA,NA,NA,NA,NA,black,9925
2017,male,65,NA,NA,NA,NA,NA,NA,black,10179
2018,male,65,NA,NA,NA,NA,NA,NA,black,10525
2019,male,65,NA,NA,NA,NA,NA,NA,black,11090
2020,male,65,NA,NA,NA,NA,NA,NA,black,11285
2010,male,66,NA,NA,NA,NA,NA,NA,black,6996
2011,male,66,NA,NA,NA,NA,NA,NA,black,7227
2012,male,66,NA,NA,NA,NA,NA,NA,black,7518
2013,male,66,NA,NA,NA,NA,NA,NA,black,8086
2014,male,66,NA,NA,NA,NA,NA,NA,black,8604
2015,male,66,NA,NA,NA,NA,NA,NA,black,9023
2016,male,66,NA,NA,NA,NA,NA,NA,black,9394
2017,male,66,NA,NA,NA,NA,NA,NA,black,9608
2018,male,66,NA,NA,NA,NA,NA,NA,black,9823
2019,male,66,NA,NA,NA,NA,NA,NA,black,10082
2020,male,66,NA,NA,NA,NA,NA,NA,black,10176
2010,male,67,NA,NA,NA,NA,NA,NA,black,6658
2011,male,67,NA,NA,NA,NA,NA,NA,black,6830
2012,male,67,NA,NA,NA,NA,NA,NA,black,6968
2013,male,67,NA,NA,NA,NA,NA,NA,black,7178
2014,male,67,NA,NA,NA,NA,NA,NA,black,7720
2015,male,67,NA,NA,NA,NA,NA,NA,black,8238
2016,male,67,NA,NA,NA,NA,NA,NA,black,8640
2017,male,67,NA,NA,NA,NA,NA,NA,black,9072
2018,male,67,NA,NA,NA,NA,NA,NA,black,9317
2019,male,67,NA,NA,NA,NA,NA,NA,black,9500
2020,male,67,NA,NA,NA,NA,NA,NA,black,9237
2010,male,68,NA,NA,NA,NA,NA,NA,black,6006
2011,male,68,NA,NA,NA,NA,NA,NA,black,6426
2012,male,68,NA,NA,NA,NA,NA,NA,black,6533
2013,male,68,NA,NA,NA,NA,NA,NA,black,6632
2014,male,68,NA,NA,NA,NA,NA,NA,black,6817
2015,male,68,NA,NA,NA,NA,NA,NA,black,7344
2016,male,68,NA,NA,NA,NA,NA,NA,black,7833
2017,male,68,NA,NA,NA,NA,NA,NA,black,8233
2018,male,68,NA,NA,NA,NA,NA,NA,black,8591
2019,male,68,NA,NA,NA,NA,NA,NA,black,8684
2020,male,68,NA,NA,NA,NA,NA,NA,black,8609
2010,male,69,NA,NA,NA,NA,NA,NA,black,5632
2011,male,69,NA,NA,NA,NA,NA,NA,black,5899
2012,male,69,NA,NA,NA,NA,NA,NA,black,6118
2013,male,69,NA,NA,NA,NA,NA,NA,black,6275
2014,male,69,NA,NA,NA,NA,NA,NA,black,6373
2015,male,69,NA,NA,NA,NA,NA,NA,black,6529
2016,male,69,NA,NA,NA,NA,NA,NA,black,7033
2017,male,69,NA,NA,NA,NA,NA,NA,black,7550
2018,male,69,NA,NA,NA,NA,NA,NA,black,7957
2019,male,69,NA,NA,NA,NA,NA,NA,black,8306
2020,male,69,NA,NA,NA,NA,NA,NA,black,8213
2010,male,70,NA,NA,NA,NA,NA,NA,black,5675
2011,male,70,NA,NA,NA,NA,NA,NA,black,5586
2012,male,70,NA,NA,NA,NA,NA,NA,black,5661
2013,male,70,NA,NA,NA,NA,NA,NA,black,5792
2014,male,70,NA,NA,NA,NA,NA,NA,black,5950
2015,male,70,NA,NA,NA,NA,NA,NA,black,6056
2016,male,70,NA,NA,NA,NA,NA,NA,black,6215
2017,male,70,NA,NA,NA,NA,NA,NA,black,6757
2018,male,70,NA,NA,NA,NA,NA,NA,black,7256
2019,male,70,NA,NA,NA,NA,NA,NA,black,7670
2020,male,70,NA,NA,NA,NA,NA,NA,black,8006
2010,male,71,NA,NA,NA,NA,NA,NA,black,5271
2011,male,71,NA,NA,NA,NA,NA,NA,black,5341
2012,male,71,NA,NA,NA,NA,NA,NA,black,5286
2013,male,71,NA,NA,NA,NA,NA,NA,black,5340
2014,male,71,NA,NA,NA,NA,NA,NA,black,5483
2015,male,71,NA,NA,NA,NA,NA,NA,black,5643
2016,male,71,NA,NA,NA,NA,NA,NA,black,5764
2017,male,71,NA,NA,NA,NA,NA,NA,black,5973
2018,male,71,NA,NA,NA,NA,NA,NA,black,6512
2019,male,71,NA,NA,NA,NA,NA,NA,black,7041
2020,male,71,NA,NA,NA,NA,NA,NA,black,7222
2010,male,72,NA,NA,NA,NA,NA,NA,black,5071
2011,male,72,NA,NA,NA,NA,NA,NA,black,5088
2012,male,72,NA,NA,NA,NA,NA,NA,black,5056
2013,male,72,NA,NA,NA,NA,NA,NA,black,4965
2014,male,72,NA,NA,NA,NA,NA,NA,black,4994
2015,male,72,NA,NA,NA,NA,NA,NA,black,5119
2016,male,72,NA,NA,NA,NA,NA,NA,black,5312
2017,male,72,NA,NA,NA,NA,NA,NA,black,5484
2018,male,72,NA,NA,NA,NA,NA,NA,black,5717
2019,male,72,NA,NA,NA,NA,NA,NA,black,6265
2020,male,72,NA,NA,NA,NA,NA,NA,black,6749
2010,male,73,NA,NA,NA,NA,NA,NA,black,4802
2011,male,73,NA,NA,NA,NA,NA,NA,black,4912
2012,male,73,NA,NA,NA,NA,NA,NA,black,4858
2013,male,73,NA,NA,NA,NA,NA,NA,black,4763
2014,male,73,NA,NA,NA,NA,NA,NA,black,4679
2015,male,73,NA,NA,NA,NA,NA,NA,black,4715
2016,male,73,NA,NA,NA,NA,NA,NA,black,4868
2017,male,73,NA,NA,NA,NA,NA,NA,black,5122
2018,male,73,NA,NA,NA,NA,NA,NA,black,5404
2019,male,73,NA,NA,NA,NA,NA,NA,black,5796
2020,male,73,NA,NA,NA,NA,NA,NA,black,6382
2010,male,74,NA,NA,NA,NA,NA,NA,black,4418
2011,male,74,NA,NA,NA,NA,NA,NA,black,4527
2012,male,74,NA,NA,NA,NA,NA,NA,black,4601
2013,male,74,NA,NA,NA,NA,NA,NA,black,4588
2014,male,74,NA,NA,NA,NA,NA,NA,black,4509
2015,male,74,NA,NA,NA,NA,NA,NA,black,4418
2016,male,74,NA,NA,NA,NA,NA,NA,black,4432
2017,male,74,NA,NA,NA,NA,NA,NA,black,4562
2018,male,74,NA,NA,NA,NA,NA,NA,black,4750
2019,male,74,NA,NA,NA,NA,NA,NA,black,4903
2020,male,74,NA,NA,NA,NA,NA,NA,black,4713
2010,male,75,NA,NA,NA,NA,NA,NA,black,4239
2011,male,75,NA,NA,NA,NA,NA,NA,black,4332
2012,male,75,NA,NA,NA,NA,NA,NA,black,4305
2013,male,75,NA,NA,NA,NA,NA,NA,black,4352
2014,male,75,NA,NA,NA,NA,NA,NA,black,4336
2015,male,75,NA,NA,NA,NA,NA,NA,black,4260
2016,male,75,NA,NA,NA,NA,NA,NA,black,4179
2017,male,75,NA,NA,NA,NA,NA,NA,black,4187
2018,male,75,NA,NA,NA,NA,NA,NA,black,4335
2019,male,75,NA,NA,NA,NA,NA,NA,black,4543
2020,male,75,NA,NA,NA,NA,NA,NA,black,4689
2010,male,76,NA,NA,NA,NA,NA,NA,black,3601
2011,male,76,NA,NA,NA,NA,NA,NA,black,3879
2012,male,76,NA,NA,NA,NA,NA,NA,black,3979
2013,male,76,NA,NA,NA,NA,NA,NA,black,3994
2014,male,76,NA,NA,NA,NA,NA,NA,black,4068
2015,male,76,NA,NA,NA,NA,NA,NA,black,4057
2016,male,76,NA,NA,NA,NA,NA,NA,black,4011
2017,male,76,NA,NA,NA,NA,NA,NA,black,3966
2018,male,76,NA,NA,NA,NA,NA,NA,black,4019
2019,male,76,NA,NA,NA,NA,NA,NA,black,4219
2020,male,76,NA,NA,NA,NA,NA,NA,black,4388
2010,male,77,NA,NA,NA,NA,NA,NA,black,3389
2011,male,77,NA,NA,NA,NA,NA,NA,black,3539
2012,male,77,NA,NA,NA,NA,NA,NA,black,3653
2013,male,77,NA,NA,NA,NA,NA,NA,black,3715
2014,male,77,NA,NA,NA,NA,NA,NA,black,3698
2015,male,77,NA,NA,NA,NA,NA,NA,black,3769
2016,male,77,NA,NA,NA,NA,NA,NA,black,3786
2017,male,77,NA,NA,NA,NA,NA,NA,black,3795
2018,male,77,NA,NA,NA,NA,NA,NA,black,3803
2019,male,77,NA,NA,NA,NA,NA,NA,black,3925
2020,male,77,NA,NA,NA,NA,NA,NA,black,4185
2010,male,78,NA,NA,NA,NA,NA,NA,black,2889
2011,male,78,NA,NA,NA,NA,NA,NA,black,3159
2012,male,78,NA,NA,NA,NA,NA,NA,black,3263
2013,male,78,NA,NA,NA,NA,NA,NA,black,3378
2014,male,78,NA,NA,NA,NA,NA,NA,black,3455
2015,male,78,NA,NA,NA,NA,NA,NA,black,3441
2016,male,78,NA,NA,NA,NA,NA,NA,black,3514
2017,male,78,NA,NA,NA,NA,NA,NA,black,3585
2018,male,78,NA,NA,NA,NA,NA,NA,black,3621
2019,male,78,NA,NA,NA,NA,NA,NA,black,3679
2020,male,78,NA,NA,NA,NA,NA,NA,black,3707
2010,male,79,NA,NA,NA,NA,NA,NA,black,2695
2011,male,79,NA,NA,NA,NA,NA,NA,black,2848
2012,male,79,NA,NA,NA,NA,NA,NA,black,2942
2013,male,79,NA,NA,NA,NA,NA,NA,black,3023
2014,male,79,NA,NA,NA,NA,NA,NA,black,3131
2015,male,79,NA,NA,NA,NA,NA,NA,black,3207
2016,male,79,NA,NA,NA,NA,NA,NA,black,3193
2017,male,79,NA,NA,NA,NA,NA,NA,black,3286
2018,male,79,NA,NA,NA,NA,NA,NA,black,3343
2019,male,79,NA,NA,NA,NA,NA,NA,black,3387
2020,male,79,NA,NA,NA,NA,NA,NA,black,3369
2010,male,80,NA,NA,NA,NA,NA,NA,black,2521
2011,male,80,NA,NA,NA,NA,NA,NA,black,2558
2012,male,80,NA,NA,NA,NA,NA,NA,black,2634
2013,male,80,NA,NA,NA,NA,NA,NA,black,2711
2014,male,80,NA,NA,NA,NA,NA,NA,black,2810
2015,male,80,NA,NA,NA,NA,NA,NA,black,2915
2016,male,80,NA,NA,NA,NA,NA,NA,black,2988
2017,male,80,NA,NA,NA,NA,NA,NA,black,2975
2018,male,80,NA,NA,NA,NA,NA,NA,black,3079
2019,male,80,NA,NA,NA,NA,NA,NA,black,3148
2020,male,80,NA,NA,NA,NA,NA,NA,black,3162
2010,male,81,NA,NA,NA,NA,NA,NA,black,2060
2011,male,81,NA,NA,NA,NA,NA,NA,black,2264
2012,male,81,NA,NA,NA,NA,NA,NA,black,2343
2013,male,81,NA,NA,NA,NA,NA,NA,black,2413
2014,male,81,NA,NA,NA,NA,NA,NA,black,2482
2015,male,81,NA,NA,NA,NA,NA,NA,black,2572
2016,male,81,NA,NA,NA,NA,NA,NA,black,2655
2017,male,81,NA,NA,NA,NA,NA,NA,black,2746
2018,male,81,NA,NA,NA,NA,NA,NA,black,2745
2019,male,81,NA,NA,NA,NA,NA,NA,black,2851
2020,male,81,NA,NA,NA,NA,NA,NA,black,2886
2010,male,82,NA,NA,NA,NA,NA,NA,black,1891
2011,male,82,NA,NA,NA,NA,NA,NA,black,1976
2012,male,82,NA,NA,NA,NA,NA,NA,black,2085
2013,male,82,NA,NA,NA,NA,NA,NA,black,2132
2014,male,82,NA,NA,NA,NA,NA,NA,black,2209
2015,male,82,NA,NA,NA,NA,NA,NA,black,2269
2016,male,82,NA,NA,NA,NA,NA,NA,black,2340
2017,male,82,NA,NA,NA,NA,NA,NA,black,2444
2018,male,82,NA,NA,NA,NA,NA,NA,black,2558
2019,male,82,NA,NA,NA,NA,NA,NA,black,2576
2020,male,82,NA,NA,NA,NA,NA,NA,black,2668
2010,male,83,NA,NA,NA,NA,NA,NA,black,1753
2011,male,83,NA,NA,NA,NA,NA,NA,black,1786
2012,male,83,NA,NA,NA,NA,NA,NA,black,1782
2013,male,83,NA,NA,NA,NA,NA,NA,black,1849
2014,male,83,NA,NA,NA,NA,NA,NA,black,1890
2015,male,83,NA,NA,NA,NA,NA,NA,black,1970
2016,male,83,NA,NA,NA,NA,NA,NA,black,2025
2017,male,83,NA,NA,NA,NA,NA,NA,black,2116
2018,male,83,NA,NA,NA,NA,NA,NA,black,2247
2019,male,83,NA,NA,NA,NA,NA,NA,black,2381
2020,male,83,NA,NA,NA,NA,NA,NA,black,2452
2010,male,84,NA,NA,NA,NA,NA,NA,black,1537
2011,male,84,NA,NA,NA,NA,NA,NA,black,1585
2012,male,84,NA,NA,NA,NA,NA,NA,black,1614
2013,male,84,NA,NA,NA,NA,NA,NA,black,1602
2014,male,84,NA,NA,NA,NA,NA,NA,black,1652
2015,male,84,NA,NA,NA,NA,NA,NA,black,1697
2016,male,84,NA,NA,NA,NA,NA,NA,black,1765
2017,male,84,NA,NA,NA,NA,NA,NA,black,1839
2018,male,84,NA,NA,NA,NA,NA,NA,black,1925
2019,male,84,NA,NA,NA,NA,NA,NA,black,2063
2020,male,84,NA,NA,NA,NA,NA,NA,black,2210
2010,male,85,NA,NA,NA,NA,NA,NA,black,1448
2011,male,85,NA,NA,NA,NA,NA,NA,black,1416
2012,male,85,NA,NA,NA,NA,NA,NA,black,1420
2013,male,85,NA,NA,NA,NA,NA,NA,black,1418
2014,male,85,NA,NA,NA,NA,NA,NA,black,1404
2015,male,85,NA,NA,NA,NA,NA,NA,black,1472
2016,male,85,NA,NA,NA,NA,NA,NA,black,1518
2017,male,85,NA,NA,NA,NA,NA,NA,black,1586
2018,male,85,NA,NA,NA,NA,NA,NA,black,1669
2019,male,85,NA,NA,NA,NA,NA,NA,black,1798
2020,male,85,NA,NA,NA,NA,NA,NA,black,1961
2010,male,86,NA,NA,NA,NA,NA,NA,black,1245
2011,male,86,NA,NA,NA,NA,NA,NA,black,1272
2012,male,86,NA,NA,NA,NA,NA,NA,black,1264
2013,male,86,NA,NA,NA,NA,NA,NA,black,1260
2014,male,86,NA,NA,NA,NA,NA,NA,black,1262
2015,male,86,NA,NA,NA,NA,NA,NA,black,1242
2016,male,86,NA,NA,NA,NA,NA,NA,black,1297
2017,male,86,NA,NA,NA,NA,NA,NA,black,1334
2018,male,86,NA,NA,NA,NA,NA,NA,black,1400
2019,male,86,NA,NA,NA,NA,NA,NA,black,1463
2020,male,86,NA,NA,NA,NA,NA,NA,black,1570
2010,male,87,NA,NA,NA,NA,NA,NA,black,1084
2011,male,87,NA,NA,NA,NA,NA,NA,black,1110
2012,male,87,NA,NA,NA,NA,NA,NA,black,1109
2013,male,87,NA,NA,NA,NA,NA,NA,black,1098
2014,male,87,NA,NA,NA,NA,NA,NA,black,1088
2015,male,87,NA,NA,NA,NA,NA,NA,black,1098
2016,male,87,NA,NA,NA,NA,NA,NA,black,1078
2017,male,87,NA,NA,NA,NA,NA,NA,black,1132
2018,male,87,NA,NA,NA,NA,NA,NA,black,1178
2019,male,87,NA,NA,NA,NA,NA,NA,black,1258
2020,male,87,NA,NA,NA,NA,NA,NA,black,1406
2010,male,88,NA,NA,NA,NA,NA,NA,black,878
2011,male,88,NA,NA,NA,NA,NA,NA,black,925
2012,male,88,NA,NA,NA,NA,NA,NA,black,952
2013,male,88,NA,NA,NA,NA,NA,NA,black,955
2014,male,88,NA,NA,NA,NA,NA,NA,black,954
2015,male,88,NA,NA,NA,NA,NA,NA,black,959
2016,male,88,NA,NA,NA,NA,NA,NA,black,960
2017,male,88,NA,NA,NA,NA,NA,NA,black,927
2018,male,88,NA,NA,NA,NA,NA,NA,black,985
2019,male,88,NA,NA,NA,NA,NA,NA,black,1047
2020,male,88,NA,NA,NA,NA,NA,NA,black,1089
2010,male,89,NA,NA,NA,NA,NA,NA,black,716
2011,male,89,NA,NA,NA,NA,NA,NA,black,765
2012,male,89,NA,NA,NA,NA,NA,NA,black,782
2013,male,89,NA,NA,NA,NA,NA,NA,black,803
2014,male,89,NA,NA,NA,NA,NA,NA,black,818
2015,male,89,NA,NA,NA,NA,NA,NA,black,818
2016,male,89,NA,NA,NA,NA,NA,NA,black,815
2017,male,89,NA,NA,NA,NA,NA,NA,black,807
2018,male,89,NA,NA,NA,NA,NA,NA,black,776
2019,male,89,NA,NA,NA,NA,NA,NA,black,827
2020,male,89,NA,NA,NA,NA,NA,NA,black,931
2010,male,90,NA,NA,NA,NA,NA,NA,black,637
2011,male,90,NA,NA,NA,NA,NA,NA,black,656
2012,male,90,NA,NA,NA,NA,NA,NA,black,674
2013,male,90,NA,NA,NA,NA,NA,NA,black,698
2014,male,90,NA,NA,NA,NA,NA,NA,black,715
2015,male,90,NA,NA,NA,NA,NA,NA,black,729
2016,male,90,NA,NA,NA,NA,NA,NA,black,735
2017,male,90,NA,NA,NA,NA,NA,NA,black,751
2018,male,90,NA,NA,NA,NA,NA,NA,black,763
2019,male,90,NA,NA,NA,NA,NA,NA,black,759
2020,male,90,NA,NA,NA,NA,NA,NA,black,779
2010,male,91,NA,NA,NA,NA,NA,NA,black,463
2011,male,91,NA,NA,NA,NA,NA,NA,black,477
2012,male,91,NA,NA,NA,NA,NA,NA,black,480
2013,male,91,NA,NA,NA,NA,NA,NA,black,506
2014,male,91,NA,NA,NA,NA,NA,NA,black,540
2015,male,91,NA,NA,NA,NA,NA,NA,black,562
2016,male,91,NA,NA,NA,NA,NA,NA,black,567
2017,male,91,NA,NA,NA,NA,NA,NA,black,593
2018,male,91,NA,NA,NA,NA,NA,NA,black,607
2019,male,91,NA,NA,NA,NA,NA,NA,black,621
2020,male,91,NA,NA,NA,NA,NA,NA,black,635
2010,male,92,NA,NA,NA,NA,NA,NA,black,353
2011,male,92,NA,NA,NA,NA,NA,NA,black,395
2012,male,92,NA,NA,NA,NA,NA,NA,black,409
2013,male,92,NA,NA,NA,NA,NA,NA,black,404
2014,male,92,NA,NA,NA,NA,NA,NA,black,413
2015,male,92,NA,NA,NA,NA,NA,NA,black,446
2016,male,92,NA,NA,NA,NA,NA,NA,black,454
2017,male,92,NA,NA,NA,NA,NA,NA,black,455
2018,male,92,NA,NA,NA,NA,NA,NA,black,469
2019,male,92,NA,NA,NA,NA,NA,NA,black,473
2020,male,92,NA,NA,NA,NA,NA,NA,black,471
2010,male,93,NA,NA,NA,NA,NA,NA,black,289
2011,male,93,NA,NA,NA,NA,NA,NA,black,317
2012,male,93,NA,NA,NA,NA,NA,NA,black,324
2013,male,93,NA,NA,NA,NA,NA,NA,black,342
2014,male,93,NA,NA,NA,NA,NA,NA,black,329
2015,male,93,NA,NA,NA,NA,NA,NA,black,341
2016,male,93,NA,NA,NA,NA,NA,NA,black,362
2017,male,93,NA,NA,NA,NA,NA,NA,black,366
2018,male,93,NA,NA,NA,NA,NA,NA,black,365
2019,male,93,NA,NA,NA,NA,NA,NA,black,372
2020,male,93,NA,NA,NA,NA,NA,NA,black,383
2010,male,94,NA,NA,NA,NA,NA,NA,black,186
2011,male,94,NA,NA,NA,NA,NA,NA,black,218
2012,male,94,NA,NA,NA,NA,NA,NA,black,221
2013,male,94,NA,NA,NA,NA,NA,NA,black,244
2014,male,94,NA,NA,NA,NA,NA,NA,black,262
2015,male,94,NA,NA,NA,NA,NA,NA,black,266
2016,male,94,NA,NA,NA,NA,NA,NA,black,281
2017,male,94,NA,NA,NA,NA,NA,NA,black,301
2018,male,94,NA,NA,NA,NA,NA,NA,black,316
2019,male,94,NA,NA,NA,NA,NA,NA,black,321
2020,male,94,NA,NA,NA,NA,NA,NA,black,342
2010,male,95,NA,NA,NA,NA,NA,NA,black,134
2011,male,95,NA,NA,NA,NA,NA,NA,black,156
2012,male,95,NA,NA,NA,NA,NA,NA,black,166
2013,male,95,NA,NA,NA,NA,NA,NA,black,176
2014,male,95,NA,NA,NA,NA,NA,NA,black,190
2015,male,95,NA,NA,NA,NA,NA,NA,black,206
2016,male,95,NA,NA,NA,NA,NA,NA,black,203
2017,male,95,NA,NA,NA,NA,NA,NA,black,213
2018,male,95,NA,NA,NA,NA,NA,NA,black,228
2019,male,95,NA,NA,NA,NA,NA,NA,black,242
2020,male,95,NA,NA,NA,NA,NA,NA,black,228
2010,male,96,NA,NA,NA,NA,NA,NA,black,138
2011,male,96,NA,NA,NA,NA,NA,NA,black,135
2012,male,96,NA,NA,NA,NA,NA,NA,black,139
2013,male,96,NA,NA,NA,NA,NA,NA,black,151
2014,male,96,NA,NA,NA,NA,NA,NA,black,153
2015,male,96,NA,NA,NA,NA,NA,NA,black,167
2016,male,96,NA,NA,NA,NA,NA,NA,black,164
2017,male,96,NA,NA,NA,NA,NA,NA,black,166
2018,male,96,NA,NA,NA,NA,NA,NA,black,173
2019,male,96,NA,NA,NA,NA,NA,NA,black,177
2020,male,96,NA,NA,NA,NA,NA,NA,black,187
2010,male,97,NA,NA,NA,NA,NA,NA,black,76
2011,male,97,NA,NA,NA,NA,NA,NA,black,96
2012,male,97,NA,NA,NA,NA,NA,NA,black,101
2013,male,97,NA,NA,NA,NA,NA,NA,black,107
2014,male,97,NA,NA,NA,NA,NA,NA,black,115
2015,male,97,NA,NA,NA,NA,NA,NA,black,121
2016,male,97,NA,NA,NA,NA,NA,NA,black,125
2017,male,97,NA,NA,NA,NA,NA,NA,black,123
2018,male,97,NA,NA,NA,NA,NA,NA,black,129
2019,male,97,NA,NA,NA,NA,NA,NA,black,129
2020,male,97,NA,NA,NA,NA,NA,NA,black,143
2010,male,98,NA,NA,NA,NA,NA,NA,black,50
2011,male,98,NA,NA,NA,NA,NA,NA,black,59
2012,male,98,NA,NA,NA,NA,NA,NA,black,64
2013,male,98,NA,NA,NA,NA,NA,NA,black,67
2014,male,98,NA,NA,NA,NA,NA,NA,black,74
2015,male,98,NA,NA,NA,NA,NA,NA,black,82
2016,male,98,NA,NA,NA,NA,NA,NA,black,85
2017,male,98,NA,NA,NA,NA,NA,NA,black,94
2018,male,98,NA,NA,NA,NA,NA,NA,black,91
2019,male,98,NA,NA,NA,NA,NA,NA,black,99
2020,male,98,NA,NA,NA,NA,NA,NA,black,96
2010,male,99,NA,NA,NA,NA,NA,NA,black,37
2011,male,99,NA,NA,NA,NA,NA,NA,black,42
2012,male,99,NA,NA,NA,NA,NA,NA,black,40
2013,male,99,NA,NA,NA,NA,NA,NA,black,45
2014,male,99,NA,NA,NA,NA,NA,NA,black,46
2015,male,99,NA,NA,NA,NA,NA,NA,black,53
2016,male,99,NA,NA,NA,NA,NA,NA,black,51
2017,male,99,NA,NA,NA,NA,NA,NA,black,55
2018,male,99,NA,NA,NA,NA,NA,NA,black,61
2019,male,99,NA,NA,NA,NA,NA,NA,black,58
2020,male,99,NA,NA,NA,NA,NA,NA,black,63
2010,male,100,NA,NA,NA,NA,NA,NA,black,67
2011,male,100,NA,NA,NA,NA,NA,NA,black,46
2012,male,100,NA,NA,NA,NA,NA,NA,black,51
2013,male,100,NA,NA,NA,NA,NA,NA,black,59
2014,male,100,NA,NA,NA,NA,NA,NA,black,66
2015,male,100,NA,NA,NA,NA,NA,NA,black,77
2016,male,100,NA,NA,NA,NA,NA,NA,black,80
2017,male,100,NA,NA,NA,NA,NA,NA,black,88
2018,male,100,NA,NA,NA,NA,NA,NA,black,102
2019,male,100,NA,NA,NA,NA,NA,NA,black,109
2020,male,100,NA,NA,NA,NA,NA,NA,black,95
2010,male,0,NA,NA,NA,NA,NA,NA,hispanic,134724
2011,male,0,NA,NA,NA,NA,NA,NA,hispanic,131339
2012,male,0,NA,NA,NA,NA,NA,NA,hispanic,128089
2013,male,0,NA,NA,NA,NA,NA,NA,hispanic,124696
2014,male,0,NA,NA,NA,NA,NA,NA,hispanic,121579
2015,male,0,NA,NA,NA,NA,NA,NA,hispanic,119313
2016,male,0,NA,NA,NA,NA,NA,NA,hispanic,117320
2017,male,0,NA,NA,NA,NA,NA,NA,hispanic,114561
2018,male,0,NA,NA,NA,NA,NA,NA,hispanic,112170
2019,male,0,NA,NA,NA,NA,NA,NA,hispanic,111266
2020,male,0,NA,NA,NA,NA,NA,NA,hispanic,129756
2010,male,1,NA,NA,NA,NA,NA,NA,hispanic,135826
2011,male,1,NA,NA,NA,NA,NA,NA,hispanic,133341
2012,male,1,NA,NA,NA,NA,NA,NA,hispanic,131100
2013,male,1,NA,NA,NA,NA,NA,NA,hispanic,128660
2014,male,1,NA,NA,NA,NA,NA,NA,hispanic,125688
2015,male,1,NA,NA,NA,NA,NA,NA,hispanic,122396
2016,male,1,NA,NA,NA,NA,NA,NA,hispanic,119790
2017,male,1,NA,NA,NA,NA,NA,NA,hispanic,117951
2018,male,1,NA,NA,NA,NA,NA,NA,hispanic,115878
2019,male,1,NA,NA,NA,NA,NA,NA,hispanic,115312
2020,male,1,NA,NA,NA,NA,NA,NA,hispanic,129294
2010,male,2,NA,NA,NA,NA,NA,NA,hispanic,141515
2011,male,2,NA,NA,NA,NA,NA,NA,hispanic,137414
2012,male,2,NA,NA,NA,NA,NA,NA,hispanic,134346
2013,male,2,NA,NA,NA,NA,NA,NA,hispanic,131363
2014,male,2,NA,NA,NA,NA,NA,NA,hispanic,128876
2015,male,2,NA,NA,NA,NA,NA,NA,hispanic,125939
2016,male,2,NA,NA,NA,NA,NA,NA,hispanic,122548
2017,male,2,NA,NA,NA,NA,NA,NA,hispanic,120171
2018,male,2,NA,NA,NA,NA,NA,NA,hispanic,118561
2019,male,2,NA,NA,NA,NA,NA,NA,hispanic,117319
2020,male,2,NA,NA,NA,NA,NA,NA,hispanic,131617
2010,male,3,NA,NA,NA,NA,NA,NA,hispanic,140635
2011,male,3,NA,NA,NA,NA,NA,NA,hispanic,139421
2012,male,3,NA,NA,NA,NA,NA,NA,hispanic,137959
2013,male,3,NA,NA,NA,NA,NA,NA,hispanic,135674
2014,male,3,NA,NA,NA,NA,NA,NA,hispanic,132970
2015,male,3,NA,NA,NA,NA,NA,NA,hispanic,130360
2016,male,3,NA,NA,NA,NA,NA,NA,hispanic,127211
2017,male,3,NA,NA,NA,NA,NA,NA,hispanic,123726
2018,male,3,NA,NA,NA,NA,NA,NA,hispanic,121461
2019,male,3,NA,NA,NA,NA,NA,NA,hispanic,120864
2020,male,3,NA,NA,NA,NA,NA,NA,hispanic,136021
2010,male,4,NA,NA,NA,NA,NA,NA,hispanic,136362
2011,male,4,NA,NA,NA,NA,NA,NA,hispanic,140090
2012,male,4,NA,NA,NA,NA,NA,NA,hispanic,140705
2013,male,4,NA,NA,NA,NA,NA,NA,hispanic,139703
2014,male,4,NA,NA,NA,NA,NA,NA,hispanic,137514
2015,male,4,NA,NA,NA,NA,NA,NA,hispanic,134592
2016,male,4,NA,NA,NA,NA,NA,NA,hispanic,131693
2017,male,4,NA,NA,NA,NA,NA,NA,hispanic,128408
2018,male,4,NA,NA,NA,NA,NA,NA,hispanic,124948
2019,male,4,NA,NA,NA,NA,NA,NA,hispanic,123647
2020,male,4,NA,NA,NA,NA,NA,NA,hispanic,138977
2010,male,5,NA,NA,NA,NA,NA,NA,hispanic,134501
2011,male,5,NA,NA,NA,NA,NA,NA,hispanic,138713
2012,male,5,NA,NA,NA,NA,NA,NA,hispanic,141076
2013,male,5,NA,NA,NA,NA,NA,NA,hispanic,142147
2014,male,5,NA,NA,NA,NA,NA,NA,hispanic,141513
2015,male,5,NA,NA,NA,NA,NA,NA,hispanic,139072
2016,male,5,NA,NA,NA,NA,NA,NA,hispanic,135870
2017,male,5,NA,NA,NA,NA,NA,NA,hispanic,132819
2018,male,5,NA,NA,NA,NA,NA,NA,hispanic,129497
2019,male,5,NA,NA,NA,NA,NA,NA,hispanic,126864
2020,male,5,NA,NA,NA,NA,NA,NA,hispanic,139254
2010,male,6,NA,NA,NA,NA,NA,NA,hispanic,131484
2011,male,6,NA,NA,NA,NA,NA,NA,hispanic,136009
2012,male,6,NA,NA,NA,NA,NA,NA,hispanic,139367
2013,male,6,NA,NA,NA,NA,NA,NA,hispanic,142276
2014,male,6,NA,NA,NA,NA,NA,NA,hispanic,143970
2015,male,6,NA,NA,NA,NA,NA,NA,hispanic,143185
2016,male,6,NA,NA,NA,NA,NA,NA,hispanic,140358
2017,male,6,NA,NA,NA,NA,NA,NA,hispanic,136804
2018,male,6,NA,NA,NA,NA,NA,NA,hispanic,133442
2019,male,6,NA,NA,NA,NA,NA,NA,hispanic,130412
2020,male,6,NA,NA,NA,NA,NA,NA,hispanic,139506
2010,male,7,NA,NA,NA,NA,NA,NA,hispanic,130299
2011,male,7,NA,NA,NA,NA,NA,NA,hispanic,133968
2012,male,7,NA,NA,NA,NA,NA,NA,hispanic,136981
2013,male,7,NA,NA,NA,NA,NA,NA,hispanic,140294
2014,male,7,NA,NA,NA,NA,NA,NA,hispanic,143505
2015,male,7,NA,NA,NA,NA,NA,NA,hispanic,144916
2016,male,7,NA,NA,NA,NA,NA,NA,hispanic,143733
2017,male,7,NA,NA,NA,NA,NA,NA,hispanic,140474
2018,male,7,NA,NA,NA,NA,NA,NA,hispanic,136216
2019,male,7,NA,NA,NA,NA,NA,NA,hispanic,131992
2020,male,7,NA,NA,NA,NA,NA,NA,hispanic,139736
2010,male,8,NA,NA,NA,NA,NA,NA,hispanic,129608
2011,male,8,NA,NA,NA,NA,NA,NA,hispanic,132587
2012,male,8,NA,NA,NA,NA,NA,NA,hispanic,135449
2013,male,8,NA,NA,NA,NA,NA,NA,hispanic,138596
2014,male,8,NA,NA,NA,NA,NA,NA,hispanic,141950
2015,male,8,NA,NA,NA,NA,NA,NA,hispanic,144736
2016,male,8,NA,NA,NA,NA,NA,NA,hispanic,145741
2017,male,8,NA,NA,NA,NA,NA,NA,hispanic,144041
2018,male,8,NA,NA,NA,NA,NA,NA,hispanic,140045
2019,male,8,NA,NA,NA,NA,NA,NA,hispanic,135080
2020,male,8,NA,NA,NA,NA,NA,NA,hispanic,142858
2010,male,9,NA,NA,NA,NA,NA,NA,hispanic,132738
2011,male,9,NA,NA,NA,NA,NA,NA,hispanic,132734
2012,male,9,NA,NA,NA,NA,NA,NA,hispanic,134088
2013,male,9,NA,NA,NA,NA,NA,NA,hispanic,136631
2014,male,9,NA,NA,NA,NA,NA,NA,hispanic,139947
2015,male,9,NA,NA,NA,NA,NA,NA,hispanic,143053
2016,male,9,NA,NA,NA,NA,NA,NA,hispanic,145480
2017,male,9,NA,NA,NA,NA,NA,NA,hispanic,146083
2018,male,9,NA,NA,NA,NA,NA,NA,hispanic,143709
2019,male,9,NA,NA,NA,NA,NA,NA,hispanic,139066
2020,male,9,NA,NA,NA,NA,NA,NA,hispanic,145354
2010,male,10,NA,NA,NA,NA,NA,NA,hispanic,133533
2011,male,10,NA,NA,NA,NA,NA,NA,hispanic,132925
2012,male,10,NA,NA,NA,NA,NA,NA,hispanic,133410
2013,male,10,NA,NA,NA,NA,NA,NA,hispanic,134610
2014,male,10,NA,NA,NA,NA,NA,NA,hispanic,137014
2015,male,10,NA,NA,NA,NA,NA,NA,hispanic,140106
2016,male,10,NA,NA,NA,NA,NA,NA,hispanic,143006
2017,male,10,NA,NA,NA,NA,NA,NA,hispanic,145285
2018,male,10,NA,NA,NA,NA,NA,NA,hispanic,145594
2019,male,10,NA,NA,NA,NA,NA,NA,hispanic,142813
2020,male,10,NA,NA,NA,NA,NA,NA,hispanic,148781
2010,male,11,NA,NA,NA,NA,NA,NA,hispanic,131162
2011,male,11,NA,NA,NA,NA,NA,NA,hispanic,133051
2012,male,11,NA,NA,NA,NA,NA,NA,hispanic,134082
2013,male,11,NA,NA,NA,NA,NA,NA,hispanic,134584
2014,male,11,NA,NA,NA,NA,NA,NA,hispanic,135630
2015,male,11,NA,NA,NA,NA,NA,NA,hispanic,137777
2016,male,11,NA,NA,NA,NA,NA,NA,hispanic,140534
2017,male,11,NA,NA,NA,NA,NA,NA,hispanic,143063
2018,male,11,NA,NA,NA,NA,NA,NA,hispanic,144733
2019,male,11,NA,NA,NA,NA,NA,NA,hispanic,144300
2020,male,11,NA,NA,NA,NA,NA,NA,hispanic,151781
2010,male,12,NA,NA,NA,NA,NA,NA,hispanic,130942
2011,male,12,NA,NA,NA,NA,NA,NA,hispanic,132849
2012,male,12,NA,NA,NA,NA,NA,NA,hispanic,134218
2013,male,12,NA,NA,NA,NA,NA,NA,hispanic,135137
2014,male,12,NA,NA,NA,NA,NA,NA,hispanic,135741
2015,male,12,NA,NA,NA,NA,NA,NA,hispanic,136573
2016,male,12,NA,NA,NA,NA,NA,NA,hispanic,138508
2017,male,12,NA,NA,NA,NA,NA,NA,hispanic,140994
2018,male,12,NA,NA,NA,NA,NA,NA,hispanic,143169
2019,male,12,NA,NA,NA,NA,NA,NA,hispanic,144712
2020,male,12,NA,NA,NA,NA,NA,NA,hispanic,155498
2010,male,13,NA,NA,NA,NA,NA,NA,hispanic,133216
2011,male,13,NA,NA,NA,NA,NA,NA,hispanic,133108
2012,male,13,NA,NA,NA,NA,NA,NA,hispanic,133774
2013,male,13,NA,NA,NA,NA,NA,NA,hispanic,134959
2014,male,13,NA,NA,NA,NA,NA,NA,hispanic,136252
2015,male,13,NA,NA,NA,NA,NA,NA,hispanic,136656
2016,male,13,NA,NA,NA,NA,NA,NA,hispanic,137192
2017,male,13,NA,NA,NA,NA,NA,NA,hispanic,138940
2018,male,13,NA,NA,NA,NA,NA,NA,hispanic,141183
2019,male,13,NA,NA,NA,NA,NA,NA,hispanic,143312
2020,male,13,NA,NA,NA,NA,NA,NA,hispanic,152169
2010,male,14,NA,NA,NA,NA,NA,NA,hispanic,135287
2011,male,14,NA,NA,NA,NA,NA,NA,hispanic,134116
2012,male,14,NA,NA,NA,NA,NA,NA,hispanic,133999
2013,male,14,NA,NA,NA,NA,NA,NA,hispanic,134624
2014,male,14,NA,NA,NA,NA,NA,NA,hispanic,135958
2015,male,14,NA,NA,NA,NA,NA,NA,hispanic,136965
2016,male,14,NA,NA,NA,NA,NA,NA,hispanic,137046
2017,male,14,NA,NA,NA,NA,NA,NA,hispanic,137224
2018,male,14,NA,NA,NA,NA,NA,NA,hispanic,138210
2019,male,14,NA,NA,NA,NA,NA,NA,hispanic,139518
2020,male,14,NA,NA,NA,NA,NA,NA,hispanic,145835
2010,male,15,NA,NA,NA,NA,NA,NA,hispanic,136458
2011,male,15,NA,NA,NA,NA,NA,NA,hispanic,135220
2012,male,15,NA,NA,NA,NA,NA,NA,hispanic,134882
2013,male,15,NA,NA,NA,NA,NA,NA,hispanic,134781
2014,male,15,NA,NA,NA,NA,NA,NA,hispanic,135420
2015,male,15,NA,NA,NA,NA,NA,NA,hispanic,136559
2016,male,15,NA,NA,NA,NA,NA,NA,hispanic,137219
2017,male,15,NA,NA,NA,NA,NA,NA,hispanic,136881
2018,male,15,NA,NA,NA,NA,NA,NA,hispanic,136338
2019,male,15,NA,NA,NA,NA,NA,NA,hispanic,136289
2020,male,15,NA,NA,NA,NA,NA,NA,hispanic,141335
2010,male,16,NA,NA,NA,NA,NA,NA,hispanic,139301
2011,male,16,NA,NA,NA,NA,NA,NA,hispanic,137636
2012,male,16,NA,NA,NA,NA,NA,NA,hispanic,136441
2013,male,16,NA,NA,NA,NA,NA,NA,hispanic,135659
2014,male,16,NA,NA,NA,NA,NA,NA,hispanic,135451
2015,male,16,NA,NA,NA,NA,NA,NA,hispanic,135887
2016,male,16,NA,NA,NA,NA,NA,NA,hispanic,136693
2017,male,16,NA,NA,NA,NA,NA,NA,hispanic,137113
2018,male,16,NA,NA,NA,NA,NA,NA,hispanic,136221
2019,male,16,NA,NA,NA,NA,NA,NA,hispanic,134790
2020,male,16,NA,NA,NA,NA,NA,NA,hispanic,138435
2010,male,17,NA,NA,NA,NA,NA,NA,hispanic,140511
2011,male,17,NA,NA,NA,NA,NA,NA,hispanic,138989
2012,male,17,NA,NA,NA,NA,NA,NA,hispanic,138035
2013,male,17,NA,NA,NA,NA,NA,NA,hispanic,136880
2014,male,17,NA,NA,NA,NA,NA,NA,hispanic,135984
2015,male,17,NA,NA,NA,NA,NA,NA,hispanic,135488
2016,male,17,NA,NA,NA,NA,NA,NA,hispanic,135659
2017,male,17,NA,NA,NA,NA,NA,NA,hispanic,136148
2018,male,17,NA,NA,NA,NA,NA,NA,hispanic,135793
2019,male,17,NA,NA,NA,NA,NA,NA,hispanic,133627
2020,male,17,NA,NA,NA,NA,NA,NA,hispanic,134105
2010,male,18,NA,NA,NA,NA,NA,NA,hispanic,141226
2011,male,18,NA,NA,NA,NA,NA,NA,hispanic,140235
2012,male,18,NA,NA,NA,NA,NA,NA,hispanic,139287
2013,male,18,NA,NA,NA,NA,NA,NA,hispanic,138206
2014,male,18,NA,NA,NA,NA,NA,NA,hispanic,137185
2015,male,18,NA,NA,NA,NA,NA,NA,hispanic,136235
2016,male,18,NA,NA,NA,NA,NA,NA,hispanic,135497
2017,male,18,NA,NA,NA,NA,NA,NA,hispanic,135440
2018,male,18,NA,NA,NA,NA,NA,NA,hispanic,135542
2019,male,18,NA,NA,NA,NA,NA,NA,hispanic,134585
2020,male,18,NA,NA,NA,NA,NA,NA,hispanic,133450
2010,male,19,NA,NA,NA,NA,NA,NA,hispanic,138742
2011,male,19,NA,NA,NA,NA,NA,NA,hispanic,140021
2012,male,19,NA,NA,NA,NA,NA,NA,hispanic,140096
2013,male,19,NA,NA,NA,NA,NA,NA,hispanic,139179
2014,male,19,NA,NA,NA,NA,NA,NA,hispanic,138046
2015,male,19,NA,NA,NA,NA,NA,NA,hispanic,136783
2016,male,19,NA,NA,NA,NA,NA,NA,hispanic,135365
2017,male,19,NA,NA,NA,NA,NA,NA,hispanic,134035
2018,male,19,NA,NA,NA,NA,NA,NA,hispanic,132641
2019,male,19,NA,NA,NA,NA,NA,NA,hispanic,130141
2020,male,19,NA,NA,NA,NA,NA,NA,hispanic,132342
2010,male,20,NA,NA,NA,NA,NA,NA,hispanic,134076
2011,male,20,NA,NA,NA,NA,NA,NA,hispanic,137960
2012,male,20,NA,NA,NA,NA,NA,NA,hispanic,140008
2013,male,20,NA,NA,NA,NA,NA,NA,hispanic,140260
2014,male,20,NA,NA,NA,NA,NA,NA,hispanic,139379
2015,male,20,NA,NA,NA,NA,NA,NA,hispanic,137995
2016,male,20,NA,NA,NA,NA,NA,NA,hispanic,136379
2017,male,20,NA,NA,NA,NA,NA,NA,hispanic,134522
2018,male,20,NA,NA,NA,NA,NA,NA,hispanic,132223
2019,male,20,NA,NA,NA,NA,NA,NA,hispanic,129023
2020,male,20,NA,NA,NA,NA,NA,NA,hispanic,129872
2010,male,21,NA,NA,NA,NA,NA,NA,hispanic,127931
2011,male,21,NA,NA,NA,NA,NA,NA,hispanic,133952
2012,male,21,NA,NA,NA,NA,NA,NA,hispanic,137182
2013,male,21,NA,NA,NA,NA,NA,NA,hispanic,139024
2014,male,21,NA,NA,NA,NA,NA,NA,hispanic,139342
2015,male,21,NA,NA,NA,NA,NA,NA,hispanic,138292
2016,male,21,NA,NA,NA,NA,NA,NA,hispanic,136763
2017,male,21,NA,NA,NA,NA,NA,NA,hispanic,134962
2018,male,21,NA,NA,NA,NA,NA,NA,hispanic,132415
2019,male,21,NA,NA,NA,NA,NA,NA,hispanic,128328
2020,male,21,NA,NA,NA,NA,NA,NA,hispanic,127396
2010,male,22,NA,NA,NA,NA,NA,NA,hispanic,127380
2011,male,22,NA,NA,NA,NA,NA,NA,hispanic,130113
2012,male,22,NA,NA,NA,NA,NA,NA,hispanic,132900
2013,male,22,NA,NA,NA,NA,NA,NA,hispanic,135640
2014,male,22,NA,NA,NA,NA,NA,NA,hispanic,137690
2015,male,22,NA,NA,NA,NA,NA,NA,hispanic,137943
2016,male,22,NA,NA,NA,NA,NA,NA,hispanic,136714
2017,male,22,NA,NA,NA,NA,NA,NA,hispanic,135093
2018,male,22,NA,NA,NA,NA,NA,NA,hispanic,132716
2019,male,22,NA,NA,NA,NA,NA,NA,hispanic,128374
2020,male,22,NA,NA,NA,NA,NA,NA,hispanic,125742
2010,male,23,NA,NA,NA,NA,NA,NA,hispanic,124962
2011,male,23,NA,NA,NA,NA,NA,NA,hispanic,127154
2012,male,23,NA,NA,NA,NA,NA,NA,hispanic,128995
2013,male,23,NA,NA,NA,NA,NA,NA,hispanic,131311
2014,male,23,NA,NA,NA,NA,NA,NA,hispanic,134184
2015,male,23,NA,NA,NA,NA,NA,NA,hispanic,136300
2016,male,23,NA,NA,NA,NA,NA,NA,hispanic,136397
2017,male,23,NA,NA,NA,NA,NA,NA,hispanic,135125
2018,male,23,NA,NA,NA,NA,NA,NA,hispanic,132987
2019,male,23,NA,NA,NA,NA,NA,NA,hispanic,128925
2020,male,23,NA,NA,NA,NA,NA,NA,hispanic,126268
2010,male,24,NA,NA,NA,NA,NA,NA,hispanic,126679
2011,male,24,NA,NA,NA,NA,NA,NA,hispanic,126054
2012,male,24,NA,NA,NA,NA,NA,NA,hispanic,126811
2013,male,24,NA,NA,NA,NA,NA,NA,hispanic,127903
2014,male,24,NA,NA,NA,NA,NA,NA,hispanic,129934
2015,male,24,NA,NA,NA,NA,NA,NA,hispanic,132777
2016,male,24,NA,NA,NA,NA,NA,NA,hispanic,134703
2017,male,24,NA,NA,NA,NA,NA,NA,hispanic,134795
2018,male,24,NA,NA,NA,NA,NA,NA,hispanic,132921
2019,male,24,NA,NA,NA,NA,NA,NA,hispanic,129017
2020,male,24,NA,NA,NA,NA,NA,NA,hispanic,127176
2010,male,25,NA,NA,NA,NA,NA,NA,hispanic,124996
2011,male,25,NA,NA,NA,NA,NA,NA,hispanic,124917
2012,male,25,NA,NA,NA,NA,NA,NA,hispanic,125075
2013,male,25,NA,NA,NA,NA,NA,NA,hispanic,125311
2014,male,25,NA,NA,NA,NA,NA,NA,hispanic,126273
2015,male,25,NA,NA,NA,NA,NA,NA,hispanic,128389
2016,male,25,NA,NA,NA,NA,NA,NA,hispanic,131120
2017,male,25,NA,NA,NA,NA,NA,NA,hispanic,133129
2018,male,25,NA,NA,NA,NA,NA,NA,hispanic,132810
2019,male,25,NA,NA,NA,NA,NA,NA,hispanic,129600
2020,male,25,NA,NA,NA,NA,NA,NA,hispanic,127414
2010,male,26,NA,NA,NA,NA,NA,NA,hispanic,120607
2011,male,26,NA,NA,NA,NA,NA,NA,hispanic,122834
2012,male,26,NA,NA,NA,NA,NA,NA,hispanic,123849
2013,male,26,NA,NA,NA,NA,NA,NA,hispanic,123629
2014,male,26,NA,NA,NA,NA,NA,NA,hispanic,123603
2015,male,26,NA,NA,NA,NA,NA,NA,hispanic,124607
2016,male,26,NA,NA,NA,NA,NA,NA,hispanic,126664
2017,male,26,NA,NA,NA,NA,NA,NA,hispanic,129637
2018,male,26,NA,NA,NA,NA,NA,NA,hispanic,131542
2019,male,26,NA,NA,NA,NA,NA,NA,hispanic,130135
2020,male,26,NA,NA,NA,NA,NA,NA,hispanic,129261
2010,male,27,NA,NA,NA,NA,NA,NA,hispanic,123511
2011,male,27,NA,NA,NA,NA,NA,NA,hispanic,122695
2012,male,27,NA,NA,NA,NA,NA,NA,hispanic,122432
2013,male,27,NA,NA,NA,NA,NA,NA,hispanic,122175
2014,male,27,NA,NA,NA,NA,NA,NA,hispanic,121921
2015,male,27,NA,NA,NA,NA,NA,NA,hispanic,121890
2016,male,27,NA,NA,NA,NA,NA,NA,hispanic,122914
2017,male,27,NA,NA,NA,NA,NA,NA,hispanic,125314
2018,male,27,NA,NA,NA,NA,NA,NA,hispanic,128311
2019,male,27,NA,NA,NA,NA,NA,NA,hispanic,129451
2020,male,27,NA,NA,NA,NA,NA,NA,hispanic,129232
2010,male,28,NA,NA,NA,NA,NA,NA,hispanic,120713
2011,male,28,NA,NA,NA,NA,NA,NA,hispanic,120865
2012,male,28,NA,NA,NA,NA,NA,NA,hispanic,120809
2013,male,28,NA,NA,NA,NA,NA,NA,hispanic,120491
2014,male,28,NA,NA,NA,NA,NA,NA,hispanic,120376
2015,male,28,NA,NA,NA,NA,NA,NA,hispanic,120164
2016,male,28,NA,NA,NA,NA,NA,NA,hispanic,120277
2017,male,28,NA,NA,NA,NA,NA,NA,hispanic,121793
2018,male,28,NA,NA,NA,NA,NA,NA,hispanic,124575
2019,male,28,NA,NA,NA,NA,NA,NA,hispanic,127483
2020,male,28,NA,NA,NA,NA,NA,NA,hispanic,131649
2010,male,29,NA,NA,NA,NA,NA,NA,hispanic,121653
2011,male,29,NA,NA,NA,NA,NA,NA,hispanic,120852
2012,male,29,NA,NA,NA,NA,NA,NA,hispanic,120367
2013,male,29,NA,NA,NA,NA,NA,NA,hispanic,119337
2014,male,29,NA,NA,NA,NA,NA,NA,hispanic,118826
2015,male,29,NA,NA,NA,NA,NA,NA,hispanic,118839
2016,male,29,NA,NA,NA,NA,NA,NA,hispanic,118858
2017,male,29,NA,NA,NA,NA,NA,NA,hispanic,119663
2018,male,29,NA,NA,NA,NA,NA,NA,hispanic,121920
2019,male,29,NA,NA,NA,NA,NA,NA,hispanic,125354
2020,male,29,NA,NA,NA,NA,NA,NA,hispanic,130829
2010,male,30,NA,NA,NA,NA,NA,NA,hispanic,123557
2011,male,30,NA,NA,NA,NA,NA,NA,hispanic,121255
2012,male,30,NA,NA,NA,NA,NA,NA,hispanic,119873
2013,male,30,NA,NA,NA,NA,NA,NA,hispanic,118662
2014,male,30,NA,NA,NA,NA,NA,NA,hispanic,117781
2015,male,30,NA,NA,NA,NA,NA,NA,hispanic,117431
2016,male,30,NA,NA,NA,NA,NA,NA,hispanic,117678
2017,male,30,NA,NA,NA,NA,NA,NA,hispanic,118364
2018,male,30,NA,NA,NA,NA,NA,NA,hispanic,119884
2019,male,30,NA,NA,NA,NA,NA,NA,hispanic,122934
2020,male,30,NA,NA,NA,NA,NA,NA,hispanic,125983
2010,male,31,NA,NA,NA,NA,NA,NA,hispanic,110315
2011,male,31,NA,NA,NA,NA,NA,NA,hispanic,116967
2012,male,31,NA,NA,NA,NA,NA,NA,hispanic,119326
2013,male,31,NA,NA,NA,NA,NA,NA,hispanic,118767
2014,male,31,NA,NA,NA,NA,NA,NA,hispanic,117398
2015,male,31,NA,NA,NA,NA,NA,NA,hispanic,116547
2016,male,31,NA,NA,NA,NA,NA,NA,hispanic,116222
2017,male,31,NA,NA,NA,NA,NA,NA,hispanic,116801
2018,male,31,NA,NA,NA,NA,NA,NA,hispanic,117715
2019,male,31,NA,NA,NA,NA,NA,NA,hispanic,119095
2020,male,31,NA,NA,NA,NA,NA,NA,hispanic,120143
2010,male,32,NA,NA,NA,NA,NA,NA,hispanic,112827
2011,male,32,NA,NA,NA,NA,NA,NA,hispanic,115466
2012,male,32,NA,NA,NA,NA,NA,NA,hispanic,117351
2013,male,32,NA,NA,NA,NA,NA,NA,hispanic,118245
2014,male,32,NA,NA,NA,NA,NA,NA,hispanic,117721
2015,male,32,NA,NA,NA,NA,NA,NA,hispanic,116506
2016,male,32,NA,NA,NA,NA,NA,NA,hispanic,115669
2017,male,32,NA,NA,NA,NA,NA,NA,hispanic,115758
2018,male,32,NA,NA,NA,NA,NA,NA,hispanic,116774
2019,male,32,NA,NA,NA,NA,NA,NA,hispanic,118102
2020,male,32,NA,NA,NA,NA,NA,NA,hispanic,118511
2010,male,33,NA,NA,NA,NA,NA,NA,hispanic,110461
2011,male,33,NA,NA,NA,NA,NA,NA,hispanic,111876
2012,male,33,NA,NA,NA,NA,NA,NA,hispanic,113668
2013,male,33,NA,NA,NA,NA,NA,NA,hispanic,115720
2014,male,33,NA,NA,NA,NA,NA,NA,hispanic,117250
2015,male,33,NA,NA,NA,NA,NA,NA,hispanic,116793
2016,male,33,NA,NA,NA,NA,NA,NA,hispanic,115554
2017,male,33,NA,NA,NA,NA,NA,NA,hispanic,115064
2018,male,33,NA,NA,NA,NA,NA,NA,hispanic,115430
2019,male,33,NA,NA,NA,NA,NA,NA,hispanic,116492
2020,male,33,NA,NA,NA,NA,NA,NA,hispanic,115704
2010,male,34,NA,NA,NA,NA,NA,NA,hispanic,110356
2011,male,34,NA,NA,NA,NA,NA,NA,hispanic,110931
2012,male,34,NA,NA,NA,NA,NA,NA,hispanic,111681
2013,male,34,NA,NA,NA,NA,NA,NA,hispanic,112811
2014,male,34,NA,NA,NA,NA,NA,NA,hispanic,114676
2015,male,34,NA,NA,NA,NA,NA,NA,hispanic,116228
2016,male,34,NA,NA,NA,NA,NA,NA,hispanic,115777
2017,male,34,NA,NA,NA,NA,NA,NA,hispanic,114913
2018,male,34,NA,NA,NA,NA,NA,NA,hispanic,114677
2019,male,34,NA,NA,NA,NA,NA,NA,hispanic,115106
2020,male,34,NA,NA,NA,NA,NA,NA,hispanic,115999
2010,male,35,NA,NA,NA,NA,NA,NA,hispanic,112594
2011,male,35,NA,NA,NA,NA,NA,NA,hispanic,110988
2012,male,35,NA,NA,NA,NA,NA,NA,hispanic,110669
2013,male,35,NA,NA,NA,NA,NA,NA,hispanic,110743
2014,male,35,NA,NA,NA,NA,NA,NA,hispanic,111814
2015,male,35,NA,NA,NA,NA,NA,NA,hispanic,113753
2016,male,35,NA,NA,NA,NA,NA,NA,hispanic,115363
2017,male,35,NA,NA,NA,NA,NA,NA,hispanic,115310
2018,male,35,NA,NA,NA,NA,NA,NA,hispanic,114816
2019,male,35,NA,NA,NA,NA,NA,NA,hispanic,114895
2020,male,35,NA,NA,NA,NA,NA,NA,hispanic,113620
2010,male,36,NA,NA,NA,NA,NA,NA,hispanic,105663
2011,male,36,NA,NA,NA,NA,NA,NA,hispanic,108402
2012,male,36,NA,NA,NA,NA,NA,NA,hispanic,109472
2013,male,36,NA,NA,NA,NA,NA,NA,hispanic,109298
2014,male,36,NA,NA,NA,NA,NA,NA,hispanic,109305
2015,male,36,NA,NA,NA,NA,NA,NA,hispanic,110448
2016,male,36,NA,NA,NA,NA,NA,NA,hispanic,112403
2017,male,36,NA,NA,NA,NA,NA,NA,hispanic,114329
2018,male,36,NA,NA,NA,NA,NA,NA,hispanic,114278
2019,male,36,NA,NA,NA,NA,NA,NA,hispanic,113289
2020,male,36,NA,NA,NA,NA,NA,NA,hispanic,111567
2010,male,37,NA,NA,NA,NA,NA,NA,hispanic,106614
2011,male,37,NA,NA,NA,NA,NA,NA,hispanic,107681
2012,male,37,NA,NA,NA,NA,NA,NA,hispanic,108366
2013,male,37,NA,NA,NA,NA,NA,NA,hispanic,108318
2014,male,37,NA,NA,NA,NA,NA,NA,hispanic,107905
2015,male,37,NA,NA,NA,NA,NA,NA,hispanic,107980
2016,male,37,NA,NA,NA,NA,NA,NA,hispanic,109290
2017,male,37,NA,NA,NA,NA,NA,NA,hispanic,111790
2018,male,37,NA,NA,NA,NA,NA,NA,hispanic,114284
2019,male,37,NA,NA,NA,NA,NA,NA,hispanic,114817
2020,male,37,NA,NA,NA,NA,NA,NA,hispanic,113435
2010,male,38,NA,NA,NA,NA,NA,NA,hispanic,105193
2011,male,38,NA,NA,NA,NA,NA,NA,hispanic,105781
2012,male,38,NA,NA,NA,NA,NA,NA,hispanic,106239
2013,male,38,NA,NA,NA,NA,NA,NA,hispanic,106718
2014,male,38,NA,NA,NA,NA,NA,NA,hispanic,106984
2015,male,38,NA,NA,NA,NA,NA,NA,hispanic,106617
2016,male,38,NA,NA,NA,NA,NA,NA,hispanic,106770
2017,male,38,NA,NA,NA,NA,NA,NA,hispanic,108404
2018,male,38,NA,NA,NA,NA,NA,NA,hispanic,111025
2019,male,38,NA,NA,NA,NA,NA,NA,hispanic,113217
2020,male,38,NA,NA,NA,NA,NA,NA,hispanic,110980
2010,male,39,NA,NA,NA,NA,NA,NA,hispanic,106831
2011,male,39,NA,NA,NA,NA,NA,NA,hispanic,105592
2012,male,39,NA,NA,NA,NA,NA,NA,hispanic,105366
2013,male,39,NA,NA,NA,NA,NA,NA,hispanic,105147
2014,male,39,NA,NA,NA,NA,NA,NA,hispanic,105512
2015,male,39,NA,NA,NA,NA,NA,NA,hispanic,105745
2016,male,39,NA,NA,NA,NA,NA,NA,hispanic,105372
2017,male,39,NA,NA,NA,NA,NA,NA,hispanic,105747
2018,male,39,NA,NA,NA,NA,NA,NA,hispanic,107281
2019,male,39,NA,NA,NA,NA,NA,NA,hispanic,109237
2020,male,39,NA,NA,NA,NA,NA,NA,hispanic,110087
2010,male,40,NA,NA,NA,NA,NA,NA,hispanic,111024
2011,male,40,NA,NA,NA,NA,NA,NA,hispanic,107283
2012,male,40,NA,NA,NA,NA,NA,NA,hispanic,105270
2013,male,40,NA,NA,NA,NA,NA,NA,hispanic,104206
2014,male,40,NA,NA,NA,NA,NA,NA,hispanic,104050
2015,male,40,NA,NA,NA,NA,NA,NA,hispanic,104480
2016,male,40,NA,NA,NA,NA,NA,NA,hispanic,104835
2017,male,40,NA,NA,NA,NA,NA,NA,hispanic,104950
2018,male,40,NA,NA,NA,NA,NA,NA,hispanic,105777
2019,male,40,NA,NA,NA,NA,NA,NA,hispanic,107825
2020,male,40,NA,NA,NA,NA,NA,NA,hispanic,108150
2010,male,41,NA,NA,NA,NA,NA,NA,hispanic,100936
2011,male,41,NA,NA,NA,NA,NA,NA,hispanic,104275
2012,male,41,NA,NA,NA,NA,NA,NA,hispanic,105203
2013,male,41,NA,NA,NA,NA,NA,NA,hispanic,103918
2014,male,41,NA,NA,NA,NA,NA,NA,hispanic,102691
2015,male,41,NA,NA,NA,NA,NA,NA,hispanic,102548
2016,male,41,NA,NA,NA,NA,NA,NA,hispanic,102997
2017,male,41,NA,NA,NA,NA,NA,NA,hispanic,103597
2018,male,41,NA,NA,NA,NA,NA,NA,hispanic,103662
2019,male,41,NA,NA,NA,NA,NA,NA,hispanic,103781
2020,male,41,NA,NA,NA,NA,NA,NA,hispanic,100355
2010,male,42,NA,NA,NA,NA,NA,NA,hispanic,100371
2011,male,42,NA,NA,NA,NA,NA,NA,hispanic,103180
2012,male,42,NA,NA,NA,NA,NA,NA,hispanic,104151
2013,male,42,NA,NA,NA,NA,NA,NA,hispanic,103655
2014,male,42,NA,NA,NA,NA,NA,NA,hispanic,102142
2015,male,42,NA,NA,NA,NA,NA,NA,hispanic,101036
2016,male,42,NA,NA,NA,NA,NA,NA,hispanic,101030
2017,male,42,NA,NA,NA,NA,NA,NA,hispanic,101878
2018,male,42,NA,NA,NA,NA,NA,NA,hispanic,102764
2019,male,42,NA,NA,NA,NA,NA,NA,hispanic,102545
2020,male,42,NA,NA,NA,NA,NA,NA,hispanic,99895
2010,male,43,NA,NA,NA,NA,NA,NA,hispanic,95227
2011,male,43,NA,NA,NA,NA,NA,NA,hispanic,98956
2012,male,43,NA,NA,NA,NA,NA,NA,hispanic,101097
2013,male,43,NA,NA,NA,NA,NA,NA,hispanic,102396
2014,male,43,NA,NA,NA,NA,NA,NA,hispanic,102350
2015,male,43,NA,NA,NA,NA,NA,NA,hispanic,100868
2016,male,43,NA,NA,NA,NA,NA,NA,hispanic,99818
2017,male,43,NA,NA,NA,NA,NA,NA,hispanic,100065
2018,male,43,NA,NA,NA,NA,NA,NA,hispanic,100976
2019,male,43,NA,NA,NA,NA,NA,NA,hispanic,101347
2020,male,43,NA,NA,NA,NA,NA,NA,hispanic,97354
2010,male,44,NA,NA,NA,NA,NA,NA,hispanic,94964
2011,male,44,NA,NA,NA,NA,NA,NA,hispanic,96339
2012,male,44,NA,NA,NA,NA,NA,NA,hispanic,98034
2013,male,44,NA,NA,NA,NA,NA,NA,hispanic,99489
2014,male,44,NA,NA,NA,NA,NA,NA,hispanic,100865
2015,male,44,NA,NA,NA,NA,NA,NA,hispanic,100916
2016,male,44,NA,NA,NA,NA,NA,NA,hispanic,99364
2017,male,44,NA,NA,NA,NA,NA,NA,hispanic,98444
2018,male,44,NA,NA,NA,NA,NA,NA,hispanic,98542
2019,male,44,NA,NA,NA,NA,NA,NA,hispanic,98509
2020,male,44,NA,NA,NA,NA,NA,NA,hispanic,95051
2010,male,45,NA,NA,NA,NA,NA,NA,hispanic,95338
2011,male,45,NA,NA,NA,NA,NA,NA,hispanic,94877
2012,male,45,NA,NA,NA,NA,NA,NA,hispanic,95222
2013,male,45,NA,NA,NA,NA,NA,NA,hispanic,96250
2014,male,45,NA,NA,NA,NA,NA,NA,hispanic,97904
2015,male,45,NA,NA,NA,NA,NA,NA,hispanic,99434
2016,male,45,NA,NA,NA,NA,NA,NA,hispanic,99542
2017,male,45,NA,NA,NA,NA,NA,NA,hispanic,98363
2018,male,45,NA,NA,NA,NA,NA,NA,hispanic,97625
2019,male,45,NA,NA,NA,NA,NA,NA,hispanic,97411
2020,male,45,NA,NA,NA,NA,NA,NA,hispanic,91516
2010,male,46,NA,NA,NA,NA,NA,NA,hispanic,88552
2011,male,46,NA,NA,NA,NA,NA,NA,hispanic,91570
2012,male,46,NA,NA,NA,NA,NA,NA,hispanic,93216
2013,male,46,NA,NA,NA,NA,NA,NA,hispanic,93643
2014,male,46,NA,NA,NA,NA,NA,NA,hispanic,94368
2015,male,46,NA,NA,NA,NA,NA,NA,hispanic,96068
2016,male,46,NA,NA,NA,NA,NA,NA,hispanic,97623
2017,male,46,NA,NA,NA,NA,NA,NA,hispanic,97965
2018,male,46,NA,NA,NA,NA,NA,NA,hispanic,96719
2019,male,46,NA,NA,NA,NA,NA,NA,hispanic,94984
2020,male,46,NA,NA,NA,NA,NA,NA,hispanic,88107
2010,male,47,NA,NA,NA,NA,NA,NA,hispanic,84734
2011,male,47,NA,NA,NA,NA,NA,NA,hispanic,88485
2012,male,47,NA,NA,NA,NA,NA,NA,hispanic,90378
2013,male,47,NA,NA,NA,NA,NA,NA,hispanic,91113
2014,male,47,NA,NA,NA,NA,NA,NA,hispanic,91266
2015,male,47,NA,NA,NA,NA,NA,NA,hispanic,92205
2016,male,47,NA,NA,NA,NA,NA,NA,hispanic,94014
2017,male,47,NA,NA,NA,NA,NA,NA,hispanic,96110
2018,male,47,NA,NA,NA,NA,NA,NA,hispanic,96754
2019,male,47,NA,NA,NA,NA,NA,NA,hispanic,94983
2020,male,47,NA,NA,NA,NA,NA,NA,hispanic,86949
2010,male,48,NA,NA,NA,NA,NA,NA,hispanic,80876
2011,male,48,NA,NA,NA,NA,NA,NA,hispanic,84232
2012,male,48,NA,NA,NA,NA,NA,NA,hispanic,86529
2013,male,48,NA,NA,NA,NA,NA,NA,hispanic,88044
2014,male,48,NA,NA,NA,NA,NA,NA,hispanic,88915
2015,male,48,NA,NA,NA,NA,NA,NA,hispanic,89192
2016,male,48,NA,NA,NA,NA,NA,NA,hispanic,90253
2017,male,48,NA,NA,NA,NA,NA,NA,hispanic,92541
2018,male,48,NA,NA,NA,NA,NA,NA,hispanic,94786
2019,male,48,NA,NA,NA,NA,NA,NA,hispanic,94811
2020,male,48,NA,NA,NA,NA,NA,NA,hispanic,87226
2010,male,49,NA,NA,NA,NA,NA,NA,hispanic,78989
2011,male,49,NA,NA,NA,NA,NA,NA,hispanic,81066
2012,male,49,NA,NA,NA,NA,NA,NA,hispanic,82723
2013,male,49,NA,NA,NA,NA,NA,NA,hispanic,84224
2014,male,49,NA,NA,NA,NA,NA,NA,hispanic,85835
2015,male,49,NA,NA,NA,NA,NA,NA,hispanic,86908
2016,male,49,NA,NA,NA,NA,NA,NA,hispanic,87338
2017,male,49,NA,NA,NA,NA,NA,NA,hispanic,88865
2018,male,49,NA,NA,NA,NA,NA,NA,hispanic,91383
2019,male,49,NA,NA,NA,NA,NA,NA,hispanic,93208
2020,male,49,NA,NA,NA,NA,NA,NA,hispanic,89236
2010,male,50,NA,NA,NA,NA,NA,NA,hispanic,79260
2011,male,50,NA,NA,NA,NA,NA,NA,hispanic,79004
2012,male,50,NA,NA,NA,NA,NA,NA,hispanic,79714
2013,male,50,NA,NA,NA,NA,NA,NA,hispanic,80720
2014,male,50,NA,NA,NA,NA,NA,NA,hispanic,82189
2015,male,50,NA,NA,NA,NA,NA,NA,hispanic,84004
2016,male,50,NA,NA,NA,NA,NA,NA,hispanic,85262
2017,male,50,NA,NA,NA,NA,NA,NA,hispanic,86263
2018,male,50,NA,NA,NA,NA,NA,NA,hispanic,88263
2019,male,50,NA,NA,NA,NA,NA,NA,hispanic,90953
2020,male,50,NA,NA,NA,NA,NA,NA,hispanic,88500
2010,male,51,NA,NA,NA,NA,NA,NA,hispanic,69725
2011,male,51,NA,NA,NA,NA,NA,NA,hispanic,74631
2012,male,51,NA,NA,NA,NA,NA,NA,hispanic,77052
2013,male,51,NA,NA,NA,NA,NA,NA,hispanic,77927
2014,male,51,NA,NA,NA,NA,NA,NA,hispanic,78777
2015,male,51,NA,NA,NA,NA,NA,NA,hispanic,80404
2016,male,51,NA,NA,NA,NA,NA,NA,hispanic,82328
2017,male,51,NA,NA,NA,NA,NA,NA,hispanic,84001
2018,male,51,NA,NA,NA,NA,NA,NA,hispanic,85280
2019,male,51,NA,NA,NA,NA,NA,NA,hispanic,87140
2020,male,51,NA,NA,NA,NA,NA,NA,hispanic,83165
2010,male,52,NA,NA,NA,NA,NA,NA,hispanic,68502
2011,male,52,NA,NA,NA,NA,NA,NA,hispanic,71688
2012,male,52,NA,NA,NA,NA,NA,NA,hispanic,73680
2013,male,52,NA,NA,NA,NA,NA,NA,hispanic,74791
2014,male,52,NA,NA,NA,NA,NA,NA,hispanic,75451
2015,male,52,NA,NA,NA,NA,NA,NA,hispanic,76447
2016,male,52,NA,NA,NA,NA,NA,NA,hispanic,78308
2017,male,52,NA,NA,NA,NA,NA,NA,hispanic,80863
2018,male,52,NA,NA,NA,NA,NA,NA,hispanic,83175
2019,male,52,NA,NA,NA,NA,NA,NA,hispanic,84554
2020,male,52,NA,NA,NA,NA,NA,NA,hispanic,80618
2010,male,53,NA,NA,NA,NA,NA,NA,hispanic,63585
2011,male,53,NA,NA,NA,NA,NA,NA,hispanic,66929
2012,male,53,NA,NA,NA,NA,NA,NA,hispanic,69359
2013,male,53,NA,NA,NA,NA,NA,NA,hispanic,71246
2014,male,53,NA,NA,NA,NA,NA,NA,hispanic,72658
2015,male,53,NA,NA,NA,NA,NA,NA,hispanic,73481
2016,male,53,NA,NA,NA,NA,NA,NA,hispanic,74640
2017,male,53,NA,NA,NA,NA,NA,NA,hispanic,77044
2018,male,53,NA,NA,NA,NA,NA,NA,hispanic,79992
2019,male,53,NA,NA,NA,NA,NA,NA,hispanic,82235
2020,male,53,NA,NA,NA,NA,NA,NA,hispanic,77564
2010,male,54,NA,NA,NA,NA,NA,NA,hispanic,61847
2011,male,54,NA,NA,NA,NA,NA,NA,hispanic,63642
2012,male,54,NA,NA,NA,NA,NA,NA,hispanic,65579
2013,male,54,NA,NA,NA,NA,NA,NA,hispanic,67241
2014,male,54,NA,NA,NA,NA,NA,NA,hispanic,69113
2015,male,54,NA,NA,NA,NA,NA,NA,hispanic,70691
2016,male,54,NA,NA,NA,NA,NA,NA,hispanic,71619
2017,male,54,NA,NA,NA,NA,NA,NA,hispanic,73288
2018,male,54,NA,NA,NA,NA,NA,NA,hispanic,76035
2019,male,54,NA,NA,NA,NA,NA,NA,hispanic,78931
2020,male,54,NA,NA,NA,NA,NA,NA,hispanic,77265
2010,male,55,NA,NA,NA,NA,NA,NA,hispanic,59386
2011,male,55,NA,NA,NA,NA,NA,NA,hispanic,60937
2012,male,55,NA,NA,NA,NA,NA,NA,hispanic,62243
2013,male,55,NA,NA,NA,NA,NA,NA,hispanic,63544
2014,male,55,NA,NA,NA,NA,NA,NA,hispanic,65230
2015,male,55,NA,NA,NA,NA,NA,NA,hispanic,67212
2016,male,55,NA,NA,NA,NA,NA,NA,hispanic,69050
2017,male,55,NA,NA,NA,NA,NA,NA,hispanic,70655
2018,male,55,NA,NA,NA,NA,NA,NA,hispanic,72997
2019,male,55,NA,NA,NA,NA,NA,NA,hispanic,76318
2020,male,55,NA,NA,NA,NA,NA,NA,hispanic,75765
2010,male,56,NA,NA,NA,NA,NA,NA,hispanic,52588
2011,male,56,NA,NA,NA,NA,NA,NA,hispanic,56873
2012,male,56,NA,NA,NA,NA,NA,NA,hispanic,59221
2013,male,56,NA,NA,NA,NA,NA,NA,hispanic,60394
2014,male,56,NA,NA,NA,NA,NA,NA,hispanic,61569
2015,male,56,NA,NA,NA,NA,NA,NA,hispanic,63332
2016,male,56,NA,NA,NA,NA,NA,NA,hispanic,65611
2017,male,56,NA,NA,NA,NA,NA,NA,hispanic,67992
2018,male,56,NA,NA,NA,NA,NA,NA,hispanic,70112
2019,male,56,NA,NA,NA,NA,NA,NA,hispanic,72751
2020,male,56,NA,NA,NA,NA,NA,NA,hispanic,71966
2010,male,57,NA,NA,NA,NA,NA,NA,hispanic,48881
2011,male,57,NA,NA,NA,NA,NA,NA,hispanic,52861
2012,male,57,NA,NA,NA,NA,NA,NA,hispanic,55406
2013,male,57,NA,NA,NA,NA,NA,NA,hispanic,57056
2014,male,57,NA,NA,NA,NA,NA,NA,hispanic,58207
2015,male,57,NA,NA,NA,NA,NA,NA,hispanic,59585
2016,male,57,NA,NA,NA,NA,NA,NA,hispanic,61561
2017,male,57,NA,NA,NA,NA,NA,NA,hispanic,64421
2018,male,57,NA,NA,NA,NA,NA,NA,hispanic,67425
2019,male,57,NA,NA,NA,NA,NA,NA,hispanic,69870
2020,male,57,NA,NA,NA,NA,NA,NA,hispanic,68458
2010,male,58,NA,NA,NA,NA,NA,NA,hispanic,45452
2011,male,58,NA,NA,NA,NA,NA,NA,hispanic,48491
2012,male,58,NA,NA,NA,NA,NA,NA,hispanic,50983
2013,male,58,NA,NA,NA,NA,NA,NA,hispanic,53176
2014,male,58,NA,NA,NA,NA,NA,NA,hispanic,54997
2015,male,58,NA,NA,NA,NA,NA,NA,hispanic,56371
2016,male,58,NA,NA,NA,NA,NA,NA,hispanic,57951
2017,male,58,NA,NA,NA,NA,NA,NA,hispanic,60521
2018,male,58,NA,NA,NA,NA,NA,NA,hispanic,63954
2019,male,58,NA,NA,NA,NA,NA,NA,hispanic,67308
2020,male,58,NA,NA,NA,NA,NA,NA,hispanic,66056
2010,male,59,NA,NA,NA,NA,NA,NA,hispanic,43117
2011,male,59,NA,NA,NA,NA,NA,NA,hispanic,45374
2012,male,59,NA,NA,NA,NA,NA,NA,hispanic,47306
2013,male,59,NA,NA,NA,NA,NA,NA,hispanic,49200
2014,male,59,NA,NA,NA,NA,NA,NA,hispanic,51328
2015,male,59,NA,NA,NA,NA,NA,NA,hispanic,53257
2016,male,59,NA,NA,NA,NA,NA,NA,hispanic,54741
2017,male,59,NA,NA,NA,NA,NA,NA,hispanic,56675
2018,male,59,NA,NA,NA,NA,NA,NA,hispanic,59501
2019,male,59,NA,NA,NA,NA,NA,NA,hispanic,62753
2020,male,59,NA,NA,NA,NA,NA,NA,hispanic,63153
2010,male,60,NA,NA,NA,NA,NA,NA,hispanic,41158
2011,male,60,NA,NA,NA,NA,NA,NA,hispanic,42585
2012,male,60,NA,NA,NA,NA,NA,NA,hispanic,44023
2013,male,60,NA,NA,NA,NA,NA,NA,hispanic,45547
2014,male,60,NA,NA,NA,NA,NA,NA,hispanic,47497
2015,male,60,NA,NA,NA,NA,NA,NA,hispanic,49821
2016,male,60,NA,NA,NA,NA,NA,NA,hispanic,51981
2017,male,60,NA,NA,NA,NA,NA,NA,hispanic,54068
2018,male,60,NA,NA,NA,NA,NA,NA,hispanic,56794
2019,male,60,NA,NA,NA,NA,NA,NA,hispanic,60557
2020,male,60,NA,NA,NA,NA,NA,NA,hispanic,60838
2010,male,61,NA,NA,NA,NA,NA,NA,hispanic,36714
2011,male,61,NA,NA,NA,NA,NA,NA,hispanic,39480
2012,male,61,NA,NA,NA,NA,NA,NA,hispanic,41218
2013,male,61,NA,NA,NA,NA,NA,NA,hispanic,42401
2014,male,61,NA,NA,NA,NA,NA,NA,hispanic,43766
2015,male,61,NA,NA,NA,NA,NA,NA,hispanic,45826
2016,male,61,NA,NA,NA,NA,NA,NA,hispanic,48260
2017,male,61,NA,NA,NA,NA,NA,NA,hispanic,50824
2018,male,61,NA,NA,NA,NA,NA,NA,hispanic,53230
2019,male,61,NA,NA,NA,NA,NA,NA,hispanic,55964
2020,male,61,NA,NA,NA,NA,NA,NA,hispanic,55673
2010,male,62,NA,NA,NA,NA,NA,NA,hispanic,35663
2011,male,62,NA,NA,NA,NA,NA,NA,hispanic,37143
2012,male,62,NA,NA,NA,NA,NA,NA,hispanic,38456
2013,male,62,NA,NA,NA,NA,NA,NA,hispanic,39395
2014,male,62,NA,NA,NA,NA,NA,NA,hispanic,40485
2015,male,62,NA,NA,NA,NA,NA,NA,hispanic,41982
2016,male,62,NA,NA,NA,NA,NA,NA,hispanic,44250
2017,male,62,NA,NA,NA,NA,NA,NA,hispanic,47282
2018,male,62,NA,NA,NA,NA,NA,NA,hispanic,50497
2019,male,62,NA,NA,NA,NA,NA,NA,hispanic,53496
2020,male,62,NA,NA,NA,NA,NA,NA,hispanic,53887
2010,male,63,NA,NA,NA,NA,NA,NA,hispanic,32436
2011,male,63,NA,NA,NA,NA,NA,NA,hispanic,34259
2012,male,63,NA,NA,NA,NA,NA,NA,hispanic,35631
2013,male,63,NA,NA,NA,NA,NA,NA,hispanic,36684
2014,male,63,NA,NA,NA,NA,NA,NA,hispanic,37686
2015,male,63,NA,NA,NA,NA,NA,NA,hispanic,38860
2016,male,63,NA,NA,NA,NA,NA,NA,hispanic,40509
2017,male,63,NA,NA,NA,NA,NA,NA,hispanic,43164
2018,male,63,NA,NA,NA,NA,NA,NA,hispanic,46562
2019,male,63,NA,NA,NA,NA,NA,NA,hispanic,49904
2020,male,63,NA,NA,NA,NA,NA,NA,hispanic,49619
2010,male,64,NA,NA,NA,NA,NA,NA,hispanic,28378
2011,male,64,NA,NA,NA,NA,NA,NA,hispanic,31260
2012,male,64,NA,NA,NA,NA,NA,NA,hispanic,33000
2013,male,64,NA,NA,NA,NA,NA,NA,hispanic,34097
2014,male,64,NA,NA,NA,NA,NA,NA,hispanic,35096
2015,male,64,NA,NA,NA,NA,NA,NA,hispanic,36206
2016,male,64,NA,NA,NA,NA,NA,NA,hispanic,37531
2017,male,64,NA,NA,NA,NA,NA,NA,hispanic,39596
2018,male,64,NA,NA,NA,NA,NA,NA,hispanic,42656
2019,male,64,NA,NA,NA,NA,NA,NA,hispanic,46286
2020,male,64,NA,NA,NA,NA,NA,NA,hispanic,47519
2010,male,65,NA,NA,NA,NA,NA,NA,hispanic,26706
2011,male,65,NA,NA,NA,NA,NA,NA,hispanic,28668
2012,male,65,NA,NA,NA,NA,NA,NA,hispanic,30194
2013,male,65,NA,NA,NA,NA,NA,NA,hispanic,31409
2014,male,65,NA,NA,NA,NA,NA,NA,hispanic,32494
2015,male,65,NA,NA,NA,NA,NA,NA,hispanic,33593
2016,male,65,NA,NA,NA,NA,NA,NA,hispanic,34905
2017,male,65,NA,NA,NA,NA,NA,NA,hispanic,36715
2018,male,65,NA,NA,NA,NA,NA,NA,hispanic,39337
2019,male,65,NA,NA,NA,NA,NA,NA,hispanic,42987
2020,male,65,NA,NA,NA,NA,NA,NA,hispanic,43690
2010,male,66,NA,NA,NA,NA,NA,NA,hispanic,24216
2011,male,66,NA,NA,NA,NA,NA,NA,hispanic,25993
2012,male,66,NA,NA,NA,NA,NA,NA,hispanic,27415
2013,male,66,NA,NA,NA,NA,NA,NA,hispanic,28621
2014,male,66,NA,NA,NA,NA,NA,NA,hispanic,29845
2015,male,66,NA,NA,NA,NA,NA,NA,hispanic,31014
2016,male,66,NA,NA,NA,NA,NA,NA,hispanic,32300
2017,male,66,NA,NA,NA,NA,NA,NA,hispanic,33974
2018,male,66,NA,NA,NA,NA,NA,NA,hispanic,36184
2019,male,66,NA,NA,NA,NA,NA,NA,hispanic,39010
2020,male,66,NA,NA,NA,NA,NA,NA,hispanic,39599
2010,male,67,NA,NA,NA,NA,NA,NA,hispanic,22449
2011,male,67,NA,NA,NA,NA,NA,NA,hispanic,23683
2012,male,67,NA,NA,NA,NA,NA,NA,hispanic,24829
2013,male,67,NA,NA,NA,NA,NA,NA,hispanic,25843
2014,male,67,NA,NA,NA,NA,NA,NA,hispanic,27026
2015,male,67,NA,NA,NA,NA,NA,NA,hispanic,28387
2016,male,67,NA,NA,NA,NA,NA,NA,hispanic,29729
2017,male,67,NA,NA,NA,NA,NA,NA,hispanic,31404
2018,male,67,NA,NA,NA,NA,NA,NA,hispanic,33586
2019,male,67,NA,NA,NA,NA,NA,NA,hispanic,36185
2020,male,67,NA,NA,NA,NA,NA,NA,hispanic,36417
2010,male,68,NA,NA,NA,NA,NA,NA,hispanic,20483
2011,male,68,NA,NA,NA,NA,NA,NA,hispanic,21787
2012,male,68,NA,NA,NA,NA,NA,NA,hispanic,22683
2013,male,68,NA,NA,NA,NA,NA,NA,hispanic,23400
2014,male,68,NA,NA,NA,NA,NA,NA,hispanic,24351
2015,male,68,NA,NA,NA,NA,NA,NA,hispanic,25658
2016,male,68,NA,NA,NA,NA,NA,NA,hispanic,27166
2017,male,68,NA,NA,NA,NA,NA,NA,hispanic,28927
2018,male,68,NA,NA,NA,NA,NA,NA,hispanic,31025
2019,male,68,NA,NA,NA,NA,NA,NA,hispanic,33545
2020,male,68,NA,NA,NA,NA,NA,NA,hispanic,33864
2010,male,69,NA,NA,NA,NA,NA,NA,hispanic,19196
2011,male,69,NA,NA,NA,NA,NA,NA,hispanic,20014
2012,male,69,NA,NA,NA,NA,NA,NA,hispanic,20789
2013,male,69,NA,NA,NA,NA,NA,NA,hispanic,21406
2014,male,69,NA,NA,NA,NA,NA,NA,hispanic,22100
2015,male,69,NA,NA,NA,NA,NA,NA,hispanic,23130
2016,male,69,NA,NA,NA,NA,NA,NA,hispanic,24530
2017,male,69,NA,NA,NA,NA,NA,NA,hispanic,26306
2018,male,69,NA,NA,NA,NA,NA,NA,hispanic,28312
2019,male,69,NA,NA,NA,NA,NA,NA,hispanic,30557
2020,male,69,NA,NA,NA,NA,NA,NA,hispanic,31365
2010,male,70,NA,NA,NA,NA,NA,NA,hispanic,18519
2011,male,70,NA,NA,NA,NA,NA,NA,hispanic,18698
2012,male,70,NA,NA,NA,NA,NA,NA,hispanic,19128
2013,male,70,NA,NA,NA,NA,NA,NA,hispanic,19528
2014,male,70,NA,NA,NA,NA,NA,NA,hispanic,20168
2015,male,70,NA,NA,NA,NA,NA,NA,hispanic,20991
2016,male,70,NA,NA,NA,NA,NA,NA,hispanic,22156
2017,male,70,NA,NA,NA,NA,NA,NA,hispanic,23876
2018,male,70,NA,NA,NA,NA,NA,NA,hispanic,26056
2019,male,70,NA,NA,NA,NA,NA,NA,hispanic,28523
2020,male,70,NA,NA,NA,NA,NA,NA,hispanic,28963
2010,male,71,NA,NA,NA,NA,NA,NA,hispanic,16970
2011,male,71,NA,NA,NA,NA,NA,NA,hispanic,17514
2012,male,71,NA,NA,NA,NA,NA,NA,hispanic,17753
2013,male,71,NA,NA,NA,NA,NA,NA,hispanic,17915
2014,male,71,NA,NA,NA,NA,NA,NA,hispanic,18230
2015,male,71,NA,NA,NA,NA,NA,NA,hispanic,18937
2016,male,71,NA,NA,NA,NA,NA,NA,hispanic,19878
2017,male,71,NA,NA,NA,NA,NA,NA,hispanic,21385
2018,male,71,NA,NA,NA,NA,NA,NA,hispanic,23461
2019,male,71,NA,NA,NA,NA,NA,NA,hispanic,25926
2020,male,71,NA,NA,NA,NA,NA,NA,hispanic,26342
2010,male,72,NA,NA,NA,NA,NA,NA,hispanic,15705
2011,male,72,NA,NA,NA,NA,NA,NA,hispanic,16316
2012,male,72,NA,NA,NA,NA,NA,NA,hispanic,16662
2013,male,72,NA,NA,NA,NA,NA,NA,hispanic,16627
2014,male,72,NA,NA,NA,NA,NA,NA,hispanic,16651
2015,male,72,NA,NA,NA,NA,NA,NA,hispanic,17037
2016,male,72,NA,NA,NA,NA,NA,NA,hispanic,17889
2017,male,72,NA,NA,NA,NA,NA,NA,hispanic,19216
2018,male,72,NA,NA,NA,NA,NA,NA,hispanic,21205
2019,male,72,NA,NA,NA,NA,NA,NA,hispanic,23773
2020,male,72,NA,NA,NA,NA,NA,NA,hispanic,24886
2010,male,73,NA,NA,NA,NA,NA,NA,hispanic,14838
2011,male,73,NA,NA,NA,NA,NA,NA,hispanic,15253
2012,male,73,NA,NA,NA,NA,NA,NA,hispanic,15416
2013,male,73,NA,NA,NA,NA,NA,NA,hispanic,15487
2014,male,73,NA,NA,NA,NA,NA,NA,hispanic,15531
2015,male,73,NA,NA,NA,NA,NA,NA,hispanic,15671
2016,male,73,NA,NA,NA,NA,NA,NA,hispanic,16191
2017,male,73,NA,NA,NA,NA,NA,NA,hispanic,17400
2018,male,73,NA,NA,NA,NA,NA,NA,hispanic,19215
2019,male,73,NA,NA,NA,NA,NA,NA,hispanic,21817
2020,male,73,NA,NA,NA,NA,NA,NA,hispanic,22930
2010,male,74,NA,NA,NA,NA,NA,NA,hispanic,14264
2011,male,74,NA,NA,NA,NA,NA,NA,hispanic,14315
2012,male,74,NA,NA,NA,NA,NA,NA,hispanic,14445
2013,male,74,NA,NA,NA,NA,NA,NA,hispanic,14397
2014,male,74,NA,NA,NA,NA,NA,NA,hispanic,14420
2015,male,74,NA,NA,NA,NA,NA,NA,hispanic,14474
2016,male,74,NA,NA,NA,NA,NA,NA,hispanic,14701
2017,male,74,NA,NA,NA,NA,NA,NA,hispanic,15420
2018,male,74,NA,NA,NA,NA,NA,NA,hispanic,16800
2019,male,74,NA,NA,NA,NA,NA,NA,hispanic,18647
2020,male,74,NA,NA,NA,NA,NA,NA,hispanic,18554
2010,male,75,NA,NA,NA,NA,NA,NA,hispanic,13371
2011,male,75,NA,NA,NA,NA,NA,NA,hispanic,13465
2012,male,75,NA,NA,NA,NA,NA,NA,hispanic,13545
2013,male,75,NA,NA,NA,NA,NA,NA,hispanic,13490
2014,male,75,NA,NA,NA,NA,NA,NA,hispanic,13441
2015,male,75,NA,NA,NA,NA,NA,NA,hispanic,13521
2016,male,75,NA,NA,NA,NA,NA,NA,hispanic,13694
2017,male,75,NA,NA,NA,NA,NA,NA,hispanic,14141
2018,male,75,NA,NA,NA,NA,NA,NA,hispanic,15186
2019,male,75,NA,NA,NA,NA,NA,NA,hispanic,16940
2020,male,75,NA,NA,NA,NA,NA,NA,hispanic,17759
2010,male,76,NA,NA,NA,NA,NA,NA,hispanic,11831
2011,male,76,NA,NA,NA,NA,NA,NA,hispanic,12376
2012,male,76,NA,NA,NA,NA,NA,NA,hispanic,12555
2013,male,76,NA,NA,NA,NA,NA,NA,hispanic,12520
2014,male,76,NA,NA,NA,NA,NA,NA,hispanic,12444
2015,male,76,NA,NA,NA,NA,NA,NA,hispanic,12468
2016,male,76,NA,NA,NA,NA,NA,NA,hispanic,12665
2017,male,76,NA,NA,NA,NA,NA,NA,hispanic,13112
2018,male,76,NA,NA,NA,NA,NA,NA,hispanic,13960
2019,male,76,NA,NA,NA,NA,NA,NA,hispanic,15448
2020,male,76,NA,NA,NA,NA,NA,NA,hispanic,15505
2010,male,77,NA,NA,NA,NA,NA,NA,hispanic,11230
2011,male,77,NA,NA,NA,NA,NA,NA,hispanic,11507
2012,male,77,NA,NA,NA,NA,NA,NA,hispanic,11651
2013,male,77,NA,NA,NA,NA,NA,NA,hispanic,11592
2014,male,77,NA,NA,NA,NA,NA,NA,hispanic,11534
2015,male,77,NA,NA,NA,NA,NA,NA,hispanic,11520
2016,male,77,NA,NA,NA,NA,NA,NA,hispanic,11627
2017,male,77,NA,NA,NA,NA,NA,NA,hispanic,12087
2018,male,77,NA,NA,NA,NA,NA,NA,hispanic,12837
2019,male,77,NA,NA,NA,NA,NA,NA,hispanic,14008
2020,male,77,NA,NA,NA,NA,NA,NA,hispanic,14053
2010,male,78,NA,NA,NA,NA,NA,NA,hispanic,10766
2011,male,78,NA,NA,NA,NA,NA,NA,hispanic,10688
2012,male,78,NA,NA,NA,NA,NA,NA,hispanic,10721
2013,male,78,NA,NA,NA,NA,NA,NA,hispanic,10729
2014,male,78,NA,NA,NA,NA,NA,NA,hispanic,10714
2015,male,78,NA,NA,NA,NA,NA,NA,hispanic,10724
2016,male,78,NA,NA,NA,NA,NA,NA,hispanic,10809
2017,male,78,NA,NA,NA,NA,NA,NA,hispanic,11147
2018,male,78,NA,NA,NA,NA,NA,NA,hispanic,11879
2019,male,78,NA,NA,NA,NA,NA,NA,hispanic,12999
2020,male,78,NA,NA,NA,NA,NA,NA,hispanic,12604
2010,male,79,NA,NA,NA,NA,NA,NA,hispanic,10441
2011,male,79,NA,NA,NA,NA,NA,NA,hispanic,10239
2012,male,79,NA,NA,NA,NA,NA,NA,hispanic,10024
2013,male,79,NA,NA,NA,NA,NA,NA,hispanic,9870
2014,male,79,NA,NA,NA,NA,NA,NA,hispanic,9863
2015,male,79,NA,NA,NA,NA,NA,NA,hispanic,9901
2016,male,79,NA,NA,NA,NA,NA,NA,hispanic,9974
2017,male,79,NA,NA,NA,NA,NA,NA,hispanic,10199
2018,male,79,NA,NA,NA,NA,NA,NA,hispanic,10713
2019,male,79,NA,NA,NA,NA,NA,NA,hispanic,11582
2020,male,79,NA,NA,NA,NA,NA,NA,hispanic,11557
2010,male,80,NA,NA,NA,NA,NA,NA,hispanic,10053
2011,male,80,NA,NA,NA,NA,NA,NA,hispanic,9704
2012,male,80,NA,NA,NA,NA,NA,NA,hispanic,9529
2013,male,80,NA,NA,NA,NA,NA,NA,hispanic,9269
2014,male,80,NA,NA,NA,NA,NA,NA,hispanic,9121
2015,male,80,NA,NA,NA,NA,NA,NA,hispanic,9130
2016,male,80,NA,NA,NA,NA,NA,NA,hispanic,9222
2017,male,80,NA,NA,NA,NA,NA,NA,hispanic,9455
2018,male,80,NA,NA,NA,NA,NA,NA,hispanic,9916
2019,male,80,NA,NA,NA,NA,NA,NA,hispanic,10687
2020,male,80,NA,NA,NA,NA,NA,NA,hispanic,10806
2010,male,81,NA,NA,NA,NA,NA,NA,hispanic,8422
2011,male,81,NA,NA,NA,NA,NA,NA,hispanic,8856
2012,male,81,NA,NA,NA,NA,NA,NA,hispanic,8925
2013,male,81,NA,NA,NA,NA,NA,NA,hispanic,8727
2014,male,81,NA,NA,NA,NA,NA,NA,hispanic,8454
2015,male,81,NA,NA,NA,NA,NA,NA,hispanic,8371
2016,male,81,NA,NA,NA,NA,NA,NA,hispanic,8472
2017,male,81,NA,NA,NA,NA,NA,NA,hispanic,8731
2018,male,81,NA,NA,NA,NA,NA,NA,hispanic,9172
2019,male,81,NA,NA,NA,NA,NA,NA,hispanic,9935
2020,male,81,NA,NA,NA,NA,NA,NA,hispanic,9768
2010,male,82,NA,NA,NA,NA,NA,NA,hispanic,7496
2011,male,82,NA,NA,NA,NA,NA,NA,hispanic,7992
2012,male,82,NA,NA,NA,NA,NA,NA,hispanic,8193
2013,male,82,NA,NA,NA,NA,NA,NA,hispanic,8134
2014,male,82,NA,NA,NA,NA,NA,NA,hispanic,7899
2015,male,82,NA,NA,NA,NA,NA,NA,hispanic,7668
2016,male,82,NA,NA,NA,NA,NA,NA,hispanic,7633
2017,male,82,NA,NA,NA,NA,NA,NA,hispanic,7848
2018,male,82,NA,NA,NA,NA,NA,NA,hispanic,8286
2019,male,82,NA,NA,NA,NA,NA,NA,hispanic,8913
2020,male,82,NA,NA,NA,NA,NA,NA,hispanic,8757
2010,male,83,NA,NA,NA,NA,NA,NA,hispanic,6794
2011,male,83,NA,NA,NA,NA,NA,NA,hispanic,7165
2012,male,83,NA,NA,NA,NA,NA,NA,hispanic,7350
2013,male,83,NA,NA,NA,NA,NA,NA,hispanic,7467
2014,male,83,NA,NA,NA,NA,NA,NA,hispanic,7429
2015,male,83,NA,NA,NA,NA,NA,NA,hispanic,7204
2016,male,83,NA,NA,NA,NA,NA,NA,hispanic,7005
2017,male,83,NA,NA,NA,NA,NA,NA,hispanic,7070
2018,male,83,NA,NA,NA,NA,NA,NA,hispanic,7414
2019,male,83,NA,NA,NA,NA,NA,NA,hispanic,7989
2020,male,83,NA,NA,NA,NA,NA,NA,hispanic,7629
2010,male,84,NA,NA,NA,NA,NA,NA,hispanic,6082
2011,male,84,NA,NA,NA,NA,NA,NA,hispanic,6290
2012,male,84,NA,NA,NA,NA,NA,NA,hispanic,6461
2013,male,84,NA,NA,NA,NA,NA,NA,hispanic,6619
2014,male,84,NA,NA,NA,NA,NA,NA,hispanic,6746
2015,male,84,NA,NA,NA,NA,NA,NA,hispanic,6735
2016,male,84,NA,NA,NA,NA,NA,NA,hispanic,6548
2017,male,84,NA,NA,NA,NA,NA,NA,hispanic,6459
2018,male,84,NA,NA,NA,NA,NA,NA,hispanic,6676
2019,male,84,NA,NA,NA,NA,NA,NA,hispanic,7209
2020,male,84,NA,NA,NA,NA,NA,NA,hispanic,7163
2010,male,85,NA,NA,NA,NA,NA,NA,hispanic,5273
2011,male,85,NA,NA,NA,NA,NA,NA,hispanic,5497
2012,male,85,NA,NA,NA,NA,NA,NA,hispanic,5654
2013,male,85,NA,NA,NA,NA,NA,NA,hispanic,5733
2014,male,85,NA,NA,NA,NA,NA,NA,hispanic,5846
2015,male,85,NA,NA,NA,NA,NA,NA,hispanic,6002
2016,male,85,NA,NA,NA,NA,NA,NA,hispanic,6022
2017,male,85,NA,NA,NA,NA,NA,NA,hispanic,5947
2018,male,85,NA,NA,NA,NA,NA,NA,hispanic,6004
2019,male,85,NA,NA,NA,NA,NA,NA,hispanic,6344
2020,male,85,NA,NA,NA,NA,NA,NA,hispanic,6311
2010,male,86,NA,NA,NA,NA,NA,NA,hispanic,4817
2011,male,86,NA,NA,NA,NA,NA,NA,hispanic,4847
2012,male,86,NA,NA,NA,NA,NA,NA,hispanic,4909
2013,male,86,NA,NA,NA,NA,NA,NA,hispanic,4926
2014,male,86,NA,NA,NA,NA,NA,NA,hispanic,4976
2015,male,86,NA,NA,NA,NA,NA,NA,hispanic,5113
2016,male,86,NA,NA,NA,NA,NA,NA,hispanic,5282
2017,male,86,NA,NA,NA,NA,NA,NA,hispanic,5396
2018,male,86,NA,NA,NA,NA,NA,NA,hispanic,5422
2019,male,86,NA,NA,NA,NA,NA,NA,hispanic,5549
2020,male,86,NA,NA,NA,NA,NA,NA,hispanic,5462
2010,male,87,NA,NA,NA,NA,NA,NA,hispanic,4145
2011,male,87,NA,NA,NA,NA,NA,NA,hispanic,4236
2012,male,87,NA,NA,NA,NA,NA,NA,hispanic,4269
2013,male,87,NA,NA,NA,NA,NA,NA,hispanic,4233
2014,male,87,NA,NA,NA,NA,NA,NA,hispanic,4210
2015,male,87,NA,NA,NA,NA,NA,NA,hispanic,4265
2016,male,87,NA,NA,NA,NA,NA,NA,hispanic,4419
2017,male,87,NA,NA,NA,NA,NA,NA,hispanic,4676
2018,male,87,NA,NA,NA,NA,NA,NA,hispanic,4906
2019,male,87,NA,NA,NA,NA,NA,NA,hispanic,5038
2020,male,87,NA,NA,NA,NA,NA,NA,hispanic,4838
2010,male,88,NA,NA,NA,NA,NA,NA,hispanic,3244
2011,male,88,NA,NA,NA,NA,NA,NA,hispanic,3556
2012,male,88,NA,NA,NA,NA,NA,NA,hispanic,3644
2013,male,88,NA,NA,NA,NA,NA,NA,hispanic,3612
2014,male,88,NA,NA,NA,NA,NA,NA,hispanic,3567
2015,male,88,NA,NA,NA,NA,NA,NA,hispanic,3556
2016,male,88,NA,NA,NA,NA,NA,NA,hispanic,3636
2017,male,88,NA,NA,NA,NA,NA,NA,hispanic,3829
2018,male,88,NA,NA,NA,NA,NA,NA,hispanic,4141
2019,male,88,NA,NA,NA,NA,NA,NA,hispanic,4398
2020,male,88,NA,NA,NA,NA,NA,NA,hispanic,4177
2010,male,89,NA,NA,NA,NA,NA,NA,hispanic,2528
2011,male,89,NA,NA,NA,NA,NA,NA,hispanic,2819
2012,male,89,NA,NA,NA,NA,NA,NA,hispanic,2975
2013,male,89,NA,NA,NA,NA,NA,NA,hispanic,3001
2014,male,89,NA,NA,NA,NA,NA,NA,hispanic,2944
2015,male,89,NA,NA,NA,NA,NA,NA,hispanic,2908
2016,male,89,NA,NA,NA,NA,NA,NA,hispanic,2938
2017,male,89,NA,NA,NA,NA,NA,NA,hispanic,3071
2018,male,89,NA,NA,NA,NA,NA,NA,hispanic,3354
2019,male,89,NA,NA,NA,NA,NA,NA,hispanic,3746
2020,male,89,NA,NA,NA,NA,NA,NA,hispanic,3910
2010,male,90,NA,NA,NA,NA,NA,NA,hispanic,1981
2011,male,90,NA,NA,NA,NA,NA,NA,hispanic,2190
2012,male,90,NA,NA,NA,NA,NA,NA,hispanic,2323
2013,male,90,NA,NA,NA,NA,NA,NA,hispanic,2467
2014,male,90,NA,NA,NA,NA,NA,NA,hispanic,2612
2015,male,90,NA,NA,NA,NA,NA,NA,hispanic,2762
2016,male,90,NA,NA,NA,NA,NA,NA,hispanic,2899
2017,male,90,NA,NA,NA,NA,NA,NA,hispanic,3022
2018,male,90,NA,NA,NA,NA,NA,NA,hispanic,3165
2019,male,90,NA,NA,NA,NA,NA,NA,hispanic,3305
2020,male,90,NA,NA,NA,NA,NA,NA,hispanic,3144
2010,male,91,NA,NA,NA,NA,NA,NA,hispanic,1361
2011,male,91,NA,NA,NA,NA,NA,NA,hispanic,1606
2012,male,91,NA,NA,NA,NA,NA,NA,hispanic,1753
2013,male,91,NA,NA,NA,NA,NA,NA,hispanic,1900
2014,male,91,NA,NA,NA,NA,NA,NA,hispanic,2057
2015,male,91,NA,NA,NA,NA,NA,NA,hispanic,2227
2016,male,91,NA,NA,NA,NA,NA,NA,hispanic,2349
2017,male,91,NA,NA,NA,NA,NA,NA,hispanic,2514
2018,male,91,NA,NA,NA,NA,NA,NA,hispanic,2657
2019,male,91,NA,NA,NA,NA,NA,NA,hispanic,2803
2020,male,91,NA,NA,NA,NA,NA,NA,hispanic,2688
2010,male,92,NA,NA,NA,NA,NA,NA,hispanic,1148
2011,male,92,NA,NA,NA,NA,NA,NA,hispanic,1290
2012,male,92,NA,NA,NA,NA,NA,NA,hispanic,1411
2013,male,92,NA,NA,NA,NA,NA,NA,hispanic,1520
2014,male,92,NA,NA,NA,NA,NA,NA,hispanic,1643
2015,male,92,NA,NA,NA,NA,NA,NA,hispanic,1764
2016,male,92,NA,NA,NA,NA,NA,NA,hispanic,1880
2017,male,92,NA,NA,NA,NA,NA,NA,hispanic,1986
2018,male,92,NA,NA,NA,NA,NA,NA,hispanic,2108
2019,male,92,NA,NA,NA,NA,NA,NA,hispanic,2215
2020,male,92,NA,NA,NA,NA,NA,NA,hispanic,2098
2010,male,93,NA,NA,NA,NA,NA,NA,hispanic,762
2011,male,93,NA,NA,NA,NA,NA,NA,hispanic,898
2012,male,93,NA,NA,NA,NA,NA,NA,hispanic,1003
2013,male,93,NA,NA,NA,NA,NA,NA,hispanic,1098
2014,male,93,NA,NA,NA,NA,NA,NA,hispanic,1201
2015,male,93,NA,NA,NA,NA,NA,NA,hispanic,1316
2016,male,93,NA,NA,NA,NA,NA,NA,hispanic,1403
2017,male,93,NA,NA,NA,NA,NA,NA,hispanic,1517
2018,male,93,NA,NA,NA,NA,NA,NA,hispanic,1603
2019,male,93,NA,NA,NA,NA,NA,NA,hispanic,1711
2020,male,93,NA,NA,NA,NA,NA,NA,hispanic,1628
2010,male,94,NA,NA,NA,NA,NA,NA,hispanic,665
2011,male,94,NA,NA,NA,NA,NA,NA,hispanic,756
2012,male,94,NA,NA,NA,NA,NA,NA,hispanic,813
2013,male,94,NA,NA,NA,NA,NA,NA,hispanic,884
2014,male,94,NA,NA,NA,NA,NA,NA,hispanic,942
2015,male,94,NA,NA,NA,NA,NA,NA,hispanic,1015
2016,male,94,NA,NA,NA,NA,NA,NA,hispanic,1066
2017,male,94,NA,NA,NA,NA,NA,NA,hispanic,1136
2018,male,94,NA,NA,NA,NA,NA,NA,hispanic,1193
2019,male,94,NA,NA,NA,NA,NA,NA,hispanic,1260
2020,male,94,NA,NA,NA,NA,NA,NA,hispanic,1212
2010,male,95,NA,NA,NA,NA,NA,NA,hispanic,482
2011,male,95,NA,NA,NA,NA,NA,NA,hispanic,547
2012,male,95,NA,NA,NA,NA,NA,NA,hispanic,596
2013,male,95,NA,NA,NA,NA,NA,NA,hispanic,645
2014,male,95,NA,NA,NA,NA,NA,NA,hispanic,699
2015,male,95,NA,NA,NA,NA,NA,NA,hispanic,757
2016,male,95,NA,NA,NA,NA,NA,NA,hispanic,795
2017,male,95,NA,NA,NA,NA,NA,NA,hispanic,846
2018,male,95,NA,NA,NA,NA,NA,NA,hispanic,895
2019,male,95,NA,NA,NA,NA,NA,NA,hispanic,944
2020,male,95,NA,NA,NA,NA,NA,NA,hispanic,875
2010,male,96,NA,NA,NA,NA,NA,NA,hispanic,363
2011,male,96,NA,NA,NA,NA,NA,NA,hispanic,416
2012,male,96,NA,NA,NA,NA,NA,NA,hispanic,460
2013,male,96,NA,NA,NA,NA,NA,NA,hispanic,504
2014,male,96,NA,NA,NA,NA,NA,NA,hispanic,542
2015,male,96,NA,NA,NA,NA,NA,NA,hispanic,601
2016,male,96,NA,NA,NA,NA,NA,NA,hispanic,629
2017,male,96,NA,NA,NA,NA,NA,NA,hispanic,672
2018,male,96,NA,NA,NA,NA,NA,NA,hispanic,713
2019,male,96,NA,NA,NA,NA,NA,NA,hispanic,759
2020,male,96,NA,NA,NA,NA,NA,NA,hispanic,791
2010,male,97,NA,NA,NA,NA,NA,NA,hispanic,256
2011,male,97,NA,NA,NA,NA,NA,NA,hispanic,297
2012,male,97,NA,NA,NA,NA,NA,NA,hispanic,325
2013,male,97,NA,NA,NA,NA,NA,NA,hispanic,368
2014,male,97,NA,NA,NA,NA,NA,NA,hispanic,398
2015,male,97,NA,NA,NA,NA,NA,NA,hispanic,444
2016,male,97,NA,NA,NA,NA,NA,NA,hispanic,473
2017,male,97,NA,NA,NA,NA,NA,NA,hispanic,513
2018,male,97,NA,NA,NA,NA,NA,NA,hispanic,545
2019,male,97,NA,NA,NA,NA,NA,NA,hispanic,583
2020,male,97,NA,NA,NA,NA,NA,NA,hispanic,548
2010,male,98,NA,NA,NA,NA,NA,NA,hispanic,191
2011,male,98,NA,NA,NA,NA,NA,NA,hispanic,230
2012,male,98,NA,NA,NA,NA,NA,NA,hispanic,250
2013,male,98,NA,NA,NA,NA,NA,NA,hispanic,270
2014,male,98,NA,NA,NA,NA,NA,NA,hispanic,290
2015,male,98,NA,NA,NA,NA,NA,NA,hispanic,315
2016,male,98,NA,NA,NA,NA,NA,NA,hispanic,328
2017,male,98,NA,NA,NA,NA,NA,NA,hispanic,354
2018,male,98,NA,NA,NA,NA,NA,NA,hispanic,371
2019,male,98,NA,NA,NA,NA,NA,NA,hispanic,393
2020,male,98,NA,NA,NA,NA,NA,NA,hispanic,384
2010,male,99,NA,NA,NA,NA,NA,NA,hispanic,130
2011,male,99,NA,NA,NA,NA,NA,NA,hispanic,163
2012,male,99,NA,NA,NA,NA,NA,NA,hispanic,177
2013,male,99,NA,NA,NA,NA,NA,NA,hispanic,192
2014,male,99,NA,NA,NA,NA,NA,NA,hispanic,202
2015,male,99,NA,NA,NA,NA,NA,NA,hispanic,227
2016,male,99,NA,NA,NA,NA,NA,NA,hispanic,227
2017,male,99,NA,NA,NA,NA,NA,NA,hispanic,241
2018,male,99,NA,NA,NA,NA,NA,NA,hispanic,251
2019,male,99,NA,NA,NA,NA,NA,NA,hispanic,265
2020,male,99,NA,NA,NA,NA,NA,NA,hispanic,274
2010,male,100,NA,NA,NA,NA,NA,NA,hispanic,254
2011,male,100,NA,NA,NA,NA,NA,NA,hispanic,253
2012,male,100,NA,NA,NA,NA,NA,NA,hispanic,271
2013,male,100,NA,NA,NA,NA,NA,NA,hispanic,294
2014,male,100,NA,NA,NA,NA,NA,NA,hispanic,318
2015,male,100,NA,NA,NA,NA,NA,NA,hispanic,346
2016,male,100,NA,NA,NA,NA,NA,NA,hispanic,362
2017,male,100,NA,NA,NA,NA,NA,NA,hispanic,384
2018,male,100,NA,NA,NA,NA,NA,NA,hispanic,396
2019,male,100,NA,NA,NA,NA,NA,NA,hispanic,419
2020,male,100,NA,NA,NA,NA,NA,NA,hispanic,360
